:020000040800F2
:10000000101A0020053F0008952A00080F3F00083D
:10001000972A00089B2A00089F2A00080000000079
:10002000000000000000000000000000A32A0008FB
:10003000A52A0008000000001B3F0008752B0008DF
:100040001F3F00081F3F00081F3F00081F3F000818
:100050001F3F00081F3F00081F3F00081F3F000808
:100060001F3F00081F3F00081F3F00081F3F0008F8
:100070001F3F00081F3F00081F3F00081F3F0008E8
:100080001F3F00081F3F00081F3F00081F3F0008D8
:100090001F3F00081F3F00081F3F0008A72A000855
:1000A0001F3F00081F3F00081F3F00081F3F0008B8
:1000B0001F3F0008B92A0008C12A00081F3F000896
:1000C0001F3F00081F3F00081F3F00081F3F000898
:1000D0001F3F0008DD2A0008E52A0008ED2A000875
:1000E0001F3F00081F3F00081F3F00081F3F000878
:1000F0001F3F00081F3F00081F3F00081F3F000868
:100100001F3F00081F3F00081F3F00081F3F000857
:10011000F52A0008FD2A00081F3F0008C32A00082E
:100120001F3F00081F3F00081F3F00081F3F000837
:100130001F3F00081F3F00081F3F00081F3F000827
:100140001F3F00081F3F00081F3F00081F3F000817
:100150001F3F00081F3F00081F3F0008052B000835
:100160001F3F00081F3F00081F3F00081F3F0008F7
:100170001F3F00081F3F00081F3F00081F3F0008E7
:100180001F3F00081F3F0008DFF80CD00CF0D6F826
:1001900000480047A1010008101A002000BFFEE738
:1001A00001F066FA00F00EF801E000F031F8FCE72B
:1001B000704770477047704710B500F051F810BD98
:1001C00070477047002000BF1FE000EB4001234A4A
:1001D00002EB810189884FF47A7292FBF1F100EB16
:1001E00040021E4B03EB8202D18000EB40011A4615
:1001F00002EB8101C988012905DA012100EB4002E7
:1002000003EB8202D180411CC8B20728DDD37047BE
:1002100070B5002400BF1EE002F0B6FC054604EBFA
:1002200044000E4901EB80008068281A04EB440169
:100230000A4A02EB8101C98888420AD304EB4400D0
:10024000114601EB8000856004EB440152F8210067
:100250008047601CC4B2072CDED370BD00000020B4
:1002600010B55B4890F83800002873D15848B0F9B1
:10027000440040F2145188420FDD5548B0F9440063
:1002800040F2A461884208DA5248007840B96420FC
:1002900000F0CDFF4F49087002E000204D49087082
:1002A0004B48B0F94400B0F5487F0DDD4848B0F93F
:1002B0004400B0F5966F07DA4748007838B900F087
:1002C000D7FF4549087002E00020434908704048C4
:1002D000B0F9440040F2A46188420FDD3C48B0F917
:1002E000440040F69801884208DA3C48007840B95A
:1002F00001203A4908703A49087002E00020374965
:1003000008703648007801285BD135480078082805
:1003100055D2DFE800F00408111720343D510020C9
:10032000304908804CE0022000F040FF2C49097859
:1003300008442B49087043E029480078401C2849AC
:1003400008703DE000F0FAFE254909780844244988
:10035000087035E03AE023480088B0F5FA6F05DA16
:100360002048008814301F49088007E000201D49FC
:1003700008801B480078401C1949087020E01E20A6
:1003800000F055FF1649097808441549087017E030
:1003900014480088B0F5FA6F05DA12480088143066
:1003A0001049088007E000200E4908800C480078BA
:1003B000401C0B49087003E000F0DCFE00E000BFC9
:1003C00004E000200649087000F0D4FE10BD0000D3
:1003D0006C09002054000020550000205600002029
:1003E0005700002058000020FF20F84981F84E00F7
:1003F0006421F648A0F850100121A0F85210FF2007
:10040000F24981F880011421F048A0F882110021FE
:10041000A0F88411FF20ED4981F820010021EB486C
:10042000A0F82211A0F82411FF20E84981F8320138
:100430000021E648A0F83411A0F83611FF20E34966
:1004400081F838010021E148A0F83A11A0F83C11E8
:10045000FF20DE4981F886010021DC48A0F88811E0
:10046000A0F88A11FF20D94981F840050021D7481A
:10047000A0F84215A0F84415FF20D44981F84C0596
:100480000021D248A0F84E15A0F85015704770B55D
:1004900004460D462946204603F09BFC70BDCB4A1E
:1004A00010700122C94B5A707047C84A82F84C0537
:1004B000012382F84D3570472DE9F04104460D4681
:1004C00000260027E178A81F814201D0BDE8F08115
:1004D000002006E0215C3144CEB2B919CFB2411CF4
:1004E000C8B2A91E8142F5DC601910F8020CB042B6
:1004F00004D1601910F8010CB84200D0E6E720786A
:10050000AA2805D16078612803D06078FF2800D040
:10051000DCE7A078202811D1A088AD490880E088C8
:100520004880208988806089C880A0890881E08906
:100530004881208A8881608AC881AEE0A0780F282F
:100540000DD1207940B2A3490870607940B248705B
:10055000A07940B28870E07940B2C8709DE0A07880
:1005600006280CD120799C4948706079C870A07920
:100570000871E17998484171217A81718DE0A07804
:1005800007280AD1002005E0211D095C934A115477
:10059000411CC8B20628F7DB7FE0A07803280AD107
:1005A000002005E0211D095C8D4A1154411CC8B290
:1005B0000728F7DB71E0A07803280AD1002005E0C6
:1005C000211D095C874A1154411CC8B20928F7DB78
:1005D00063E0A078012860D0A078E0281ED12079BF
:1005E000012806D0022805D0102804D0112804D1F3
:1005F00002E003E002E001E000E000BF00BF20797C
:10060000724981F80C06084680F80D6680F80E766F
:1006100000F20C61AF20FFF742FF3EE0A078B0B9D6
:100620006A4890F80F062179884236D1674890F8D9
:1006300010066179884230D1644890F81106A1799A
:1006400088422AD10020614981F8000625E0A0787F
:10065000E12811D12179607901EB00201FFA80F89F
:100660005A48A0F814860021C0F8181600F2146148
:10067000FF20FFF71AFF10E0A078E2280DD12079C3
:10068000524981F80C06084680F80D6680F80E760F
:1006900000F20C61FF20FFF702FF00BF16E710B564
:1006A00004465148007838B9AA2C05D101204E499A
:1006B00008704E48047072E04B480078012809D158
:1006C000612C01D0FF2C05D1022047490870474812
:1006D000447064E044480078022805D10320424970
:1006E0000870424884705AE03F48007803280CD1D3
:1006F000FA2C0ADA04203C4908703C48C4703C4893
:10070000047000203B49087049E03748007804280D
:1007100019D137480078002815DD35480078401E8B
:10072000334908703348007832490978491C314A06
:100730001170001D2D490C542D48007858BB052020
:10074000294908702BE02848007805280DD106209B
:10075000254908702748007826490978491C254A08
:100760001170001D21490C5419E01F48007806281B
:1007700012D100201C4908701E480078001D1B493A
:100780000C541C480078401D1B490870084601782D
:100790001648FFF791FE02E000201349087010BDD3
:1007A0007CB50346342B68D007DC3BB30D2B3CD023
:1007B000302B47D0332B6ED151E0402B6FD0412BE3
:1007C0007AD0E02B6AD0E22BF5D196E0DC01002054
:1007D0000609002060010020600900206B00002055
:1007E00064000020160900205E000020F8070020A9
:1007F0005C0000205D0000205A000020FFE7D64882
:1008000090F80C460D78681C08705455D24890F842
:100810000D460D78681C08705455CF4890F80E4668
:100820000D78681C0870545596E0002007E0CB4C0A
:10083000255C0E78741C0C709555441CE0B204289D
:10084000F5DB89E0002007E0C54C255C0E78741CC0
:100850000C709555441CE0B21728F5DB7CE00020B5
:1008600008E0BF4C193C255C0E78741C0C70955543
:10087000441CE0B20628F4DB6EE0002008E0B84C2F
:10088000E41F255C0E78741C0C709555441CE0B276
:100890000728F4DB60E05EE001E00DE019E00020F5
:1008A00007E0B04C255C0E78741C0C709555441C08
:1008B000E0B21428F5DB4FE0002007E0AA4C255CED
:1008C0000E78741C0C709555441CE0B20E28F5DBB4
:1008D00042E0A14890F801460D78681C0870545514
:1008E000002007E0A14C255C0E78741C0C70955517
:1008F000441CE0B20A28F5DB2EE09748B0F8140655
:1009000000B201909DF804400D78681C08705455A1
:100910009DF805400D78681C087054558E48D0F835
:10092000180600909DF800400D78681C087054551A
:100930009DF801400D78681C087054559DF80240E0
:100940000D78681C087054559DF803400D78681C9C
:100950000870545500E000BF00BF7CBDF8B50446E8
:100960000F4600200090AA219DF80020501CC0B224
:1009700000907F48815439789DF80020501CC0B207
:1009800000907B4881549DF80010481CC0B2009034
:100990007748445400219DF80020501CC0B20090BC
:1009A00073488154024669462046FFF7F9FE9DF8D8
:1009B0000000001F6E49C87000250026002007E0D7
:1009C0006B49095C2944CDB27119CEB2411CC8B241
:1009D0009DF800108842F3DB9DF80010481CC0B25F
:1009E0000090634845549DF80010481CC0B2009028
:1009F0005F484654584890F8000640B1E02C06D1B4
:100A0000554880F80F4680F8105680F811669DF81A
:100A100000105748FFF73BFDF8BD10B5044604EB46
:100A200044004D4901EB4000408828B304EB4400EA
:100A300001EB4000808804EB4401474A02EB41018E
:100A4000498888420CDA04EB4400114601EB40006F
:100A50008088401C04EB440102EB410188800BE0DC
:100A6000012004EB44013C4A02EB4101888004EB85
:100A7000440102EB4101487004EB4400364901EBAC
:100A80004000407868B1002004EB4401324A02EB98
:100A90004101487004EB440002EB40012046FFF79F
:100AA0005DFF10BD2C4A82F84005012382F84135D4
:100AB0000122294B83F80026704710B52DED028BDB
:100AC000B0EE408A00F01BF83020FFF7A6FF33207D
:100AD000FFF7A3FF3420FFF7A0FF4020FFF79DFFA3
:100AE0004120FFF79AFFE020FFF797FFE220FFF792
:100AF00094FF0D20FFF791FFBDEC028B10BD16484F
:100B000090F80006012821D11A480078322805DA29
:100B100018480078401C174908701CE0002015494F
:100B2000087015480078401C134908700846007882
:100B3000052804DA0121084880F841150BE000205F
:100B40000D490870044981F8000604E000200949B5
:100B50000870094908707047DC010020600000201F
:100B600049090020A6090020F8080020DE0700201F
:100B7000A80100205F0000205B00002000B52DEDE3
:100B8000028B85B0B0EE408AFE4890F8390000280C
:100B90007DD1FC48B0F94200B0F5966F06DA01202D
:100BA00000F004FB0120F849087013E0F548B0F9A3
:100BB000420040F2A461884206DA022000F0F6FA10
:100BC0000220F149087005E0032000F0EFFA03204D
:100BD000ED490870EC484078EB49097888420BD021
:100BE000E9480078E849487008460078032803D1AE
:100BF00008468078401C8870E348807810B3E3484A
:100C00000088B0F5FA6F10DAE048008800EE100AAC
:100C1000B8EE400ADFEDDE0A00EE880ABCEEC00A3C
:100C200010EE100AD94908800CE0D74989780329C9
:100C300001DB00F0E3FA20B10021D44A1180D24A4E
:100C4000917000BFCF48B0F93A00A0F2DC5000EE3E
:100C5000900AF8EEE00AB0EE600A9FEDCE1ADFEDE2
:100C6000CE0A01F069F98DED010AC648B0F93C00E1
:100C7000A0F2DC5000EE900AF8EEE00AB0EE600A56
:100C80009FEDC41ADFEDC40A01F056F900E07BE0E5
:100C90008DED020ABB48B0F93E00A0F2DC5000EE38
:100CA000900AF8EEE00AB0EE600A9FEDBC1ADFEDA4
:100CB000BA0A01F041F98DED030AB248B0F94000DB
:100CC000A0F2DC5000EE900AF8EEE00AB0EE600A06
:100CD0009FEDB21ADFEDB00A01F02EF98DED040A96
:100CE000AF48007858B19FEDAC0A8DED010A9FED39
:100CF000AA0A8DED020A9FEDA80A8DED040A9DED6A
:100D0000010ADFEDA80A20EE200ADFEDA70A20EE97
:100D1000200ABDEEC00A10EE100A00B2A3490880F6
:100D20009DED020AB1EE400ADFED9E0A20EE200A98
:100D3000DFED9D0A20EE200ABDEEC00A10EE100A7B
:100D400000B248808F48C08FA0F57A7000B28880CA
:100D50009DED040AB1EE400ADFED950A20EE200A6F
:100D6000DFED940A20EE200ABDEEC00A10EE100A54
:100D700000B2C8800121904880F8871100208F4977
:100D800008708F4908701EE08E48C07878B18B4893
:100D9000007828B9032000F009FA8849087006E0B5
:100DA0008748007818B900F029FA854908700020B2
:100DB0007E49088048804FF4AF7088800020C8804A
:100DC00088814881088105B0BDEC028B00BD10B55B
:100DD00004467D48008800EE100AB8EE400ADFEDB8
:100DE0007B0A20EE200ABDEEC00A10EE100A00B207
:100DF000774908807448408800EE100AB8EE400A2F
:100E0000DFED720A20EE200ABDEEC00A10EE100AD5
:100E100000B248806C48808800EE100AB8EE400AA4
:100E2000DFED6A0A20EE200ABDEEC00A10EE100ABD
:100E300000B288806448C08800EE100AB8EE400A0C
:100E4000DFED620A20EE200ABDEEC00A10EE100AA5
:100E500000B2C8805C48008900EE100AB8EE400A73
:100E6000DFED5A0A20EE200ABDEEC00A10EE100A8D
:100E700000B208815448408900EE100AB8EE400ADA
:100E8000DFED520A20EE200ABDEEC00A10EE100A75
:100E900000B248814C48808900EE100AB8EE400A42
:100EA000DFED4A0A20EE200ABDEEC00A10EE100A5D
:100EB00000B288814448C08900EE100AB8EE400AAA
:100EC000DFED420A20EE200ABDEEC00A10EE100A45
:100ED00000B2C8813F48007818B901203D49087028
:100EE00027E0E4B1002017E0394931F9101000295A
:100EF00001DC00210BE0364931F91010B1F57A7FA1
:100F000002DD4FF47A7102E0314931F91010304AB4
:100F100022F81010411CC8B20828E5DB09E00020C7
:100F200005E000212A4A22F81010411CC8B2082806
:100F3000F7DB274802F03BF910BD10B501F0F6FED3
:100F4000DFED250A20EE200ABCEEC00A10EE100AE2
:100F50002249088010BD10B521480088401C204956
:100F60000880084600880A2190FBF1F201FB12007C
:100F70001B49088008460088B0BB9FED1A0A00F0A4
:100F800040FD32E06C090020730000207600002054
:100F900000007A4400002042000000000000A0424F
:100FA000840000208F360E3B00C05A45F808002010
:100FB000C6F91B3B00004843DC0100207100002003
:100FC000720000206009002006090020CDCCCC3D35
:100FD00020090020780000200000C84260000020A6
:100FE0007A0000200AD7233C1EE01FED020AFFF71B
:100FF000C5FD1FED040A00F015FB1FED060A01F008
:10100000D5F913484088401C11494880084640885B
:101010000A2190FBF1F201FB12000D4948800846BD
:10102000408808B9FFF789FF02F052FF012001F064
:101030005DFB9FED080A00F00FF89FED060AFFF731
:101040003CFD0120FFF7C3FE01F011FF10BD0000C1
:101050007A0000206F12833A10B52DED028BB0EEAE
:10106000408A00F020F800BF2D4840782D490978CB
:10107000884214D02A4840782A49087000202A491A
:1010800088744FF487712848A0F813102448C16968
:101090002548C0F815100121244880F8391100BFF7
:1010A000BDEC028B10BD22480078FF2804D02048F8
:1010B0000078401C1E490870194800781D490978BD
:1010C000884216D0164800781A4908701448007AE9
:1010D00050B11348C07838B111484089124908808E
:1010E0000F488089488004E04FF400400E49088092
:1010F00048800B4840781049097888420ED008484B
:1011000040780D4908704FF400400749888001215C
:10111000064880F833110020054908707047000028
:10112000D80900208100002030090020DC010020C7
:10113000800000207E0000207F00002010B50120EC
:10114000A2498870A24890F8000688B91020A049EA
:1011500081F8010600219E4880F80216012180F8DE
:10116000031600F20161FF20FFF79CFC012010BD77
:101170000020FCE710B5002094498870944890F84E
:10118000000688B91020924981F801060021904894
:1011900080F80216022180F8031600F20161FF2098
:1011A000FFF780FC012010BD0020FCE710B50446CD
:1011B00088480078A0421FD0854890F80006C8B93A
:1011C00082480470834804700120814981F8010637
:1011D00001217F4880F8021680F803167B480178C9
:1011E0007B4880F8041600F20161FF20FFF75AFCEB
:1011F000012010BD0020FCE70120FAE710B574487B
:1012000090F8000688B91020714981F80106002184
:101210006F4880F80216072180F8031600F201617A
:10122000FF20FFF73FFC012010BD0020FCE701B5C7
:10123000674890F80006C8B91020654981F8010692
:101240000021634880F80216052180F803169DF8F6
:10125000001080F804169DF8011080F8051600F2C1
:101260000161FF20FFF71EFC012008BD0020FCE704
:1012700010B5574890F8000688B91020544981F8F5
:1012800001060021524880F80216062180F8031654
:1012900000F20161FF20FFF705FC012010BD0020D6
:1012A000FCE707B54A4890F8000648BB10204849BB
:1012B00081F801060221464880F80216032180F8D1
:1012C00003169DF8001080F804169DF8011080F8B0
:1012D00005169DF8041080F806169DF8051080F894
:1012E00007169DF8081080F808169DF8091080F878
:1012F000091600F20161FF20FFF7D4FB01200EBDAB
:101300000020FCE710B5324890F8000688B90120AB
:101310002F4981F8010600212D4880F8021603218B
:1013200080F8031600F20161FF20FFF7BBFB0120EC
:1013300010BD0020FCE710B5254890F8000688B9DC
:101340000120234981F801060021214880F8021676
:10135000042180F8031600F20161FF20FFF7A2FBD1
:10136000012010BD0020FCE710B5194890F80006D8
:1013700088B90120164981F801060021144880F837
:101380000216052180F8031600F20161FF20FFF725
:1013900089FB012010BD0020FCE710B50C4890F837
:1013A000000688B901200A4981F801060021084891
:1013B00080F80216022180F8031600F20161FF2076
:1013C000FFF770FB012010BD0020FCE76009002042
:1013D000DC0100208200002010B504469848B0F9D6
:1013E0004000B0F5AF6F0BDD9548B0F94000B0F5A7
:1013F000C86F05DA0120934948709349087002E0EC
:101400000020904948708E48B0F93E00B0F5966FC4
:1014100006DA8C48407818B901208A49087002E041
:101420000020884908708848007801284AD18748F8
:10143000C078002853D18248B0F93A0040F26C716C
:10144000884210DD7E48B0F93C0040F24C418842B1
:1014500009DA7B48B0F93E00884204DA7848B0F9EE
:101460004000884217DB7648B0F9400040F26C71CA
:10147000884230DD7248B0F93C0040F24C4188426D
:1014800029DA6F48B0F93E00884224DA6C48B0F996
:101490003A0088421FDA6E480088B0F57A7F12DA87
:1014A000D4ED000A6A48008800EE100AB8EE400A3F
:1014B0009FED681A00EE810ABCEEC00A10EE100A19
:1014C0006349088062E0FFF739FE00206049088028
:1014D0005D4908705AE000205D49088056E05B488D
:1014E000C078012852D15648B0F93A0040F26C71E8
:1014F000884210DD5248B0F93C0040F24C4188422D
:1015000009DA4F48B0F93E00884204DA4C48B0F995
:101510004000884217DB4A48B0F9400040F26C7145
:10152000884230DD4648B0F93C0040F24C418842E8
:1015300029DA4348B0F93E00884224DA4048B0F93D
:101540003A0088421FDA42480088B0F5967F12DAE6
:10155000D4ED000A3E48008800EE100AB8EE400ABA
:101560009FED3C1A00EE810ABCEEC00A10EE100A94
:10157000374908800AE0FFF7FDFD00203449088064
:101580003149087002E000203149088010BD10B5D3
:101590002E48C078002844D12948B0F9400040F2D4
:1015A0004C41884217DA2648B0F93C00884212DAEA
:1015B0002348B0F93E0088420DDA2148B0F93A00DC
:1015C000884208DA2448007838BBFFF79BFE0120E8
:1015D0002149087025E01A48B0F9400040F26C71CA
:1015E00088421BDD1648B0F93C0040F24C4188426D
:1015F00014DA1348B0F93E0088420FDA1048B0F907
:101600003A0040F26C71884208DD1348007820B936
:10161000FFF791FE01201049087002E000200E49FA
:10162000087010BD10B52DED020B054890F839007B
:1016300020B96846FFF7D0FEFFF7A9FF1CBD0000E8
:101640006C09002084000020880000206009002030
:101650008600002000007A448900002010B501F0C7
:10166000F1FD0120F84981F8380081F8390010BDFA
:1016700010B501F0C3FA642001F0B4FA01F096FB52
:1016800001F022FC642001F0ADFAF04802F00DF800
:10169000EE4802F004F9ED4802F022FAEB4802F0BD
:1016A00008FB642001F09EFAFFF7D8FF01F0EAFA88
:1016B000642001F097FAFEF797FE4FF4487001F0AE
:1016C00091FA01F0B8F801F0E7FE012010BD40F6F4
:1016D000C411884203DDDE490978032903DCDC49B3
:1016E00009780A290DD10021D94A1170D649B1F8DB
:1016F0004E10491CD44AA2F84E10012182F8501015
:1017000012E0B0F5967F0FDD40F6B83188420BDA73
:1017100002B2CD49891CCE4B1B7821F81320CC494D
:101720000978491CCA4A1170704738B50446C9A0E7
:1017300000680090C8484068C749086001F027FA6F
:10174000C5494860084640680968401A40F6C41117
:10175000884202D90020C1490870C0480178007849
:10176000401CBE4A1070BE484454104600781928E8
:101770007ED1182011460870B94800780F2878D11A
:10178000B748007E38B1B648007EB64A12781DF8D8
:1017900002108842F3D10020B0490870B048407868
:1017A000AF49897801F0070140EA0120A649888203
:1017B000AB48C0788006400DA949897840EAE1002D
:1017C000A149C882A6484079C007400DA4490979BB
:1017D00040EA8100A249C97840EAA1109A490883E9
:1017E0009F4880790007400D9D49497940EA610092
:1017F000954948839A48C0794006400D98498979AF
:1018000040EA2110904988839548407A8007400D2E
:101810009349097A40EA41009149C97940EAE110C7
:101820008949C8838E48807AC006400D8C49497A20
:1018300040EAA100844908848948C07AC0008849E8
:10184000897A40EA6111804841848548007B844957
:10185000497B01F0070140EA01207B4988848048E8
:10186000807B8006400D7E49497B40EAE10001E033
:1018700072E067E07449C8847948007CC007400D75
:101880007749C97B40EA81007549897B40EAA1100C
:101890006D4908857248407C0007400D7049097CFD
:1018A00040EA6100684948856D48807C4006400DEB
:1018B0006B49497C40EA2110634988856848007D6E
:1018C0008007400D6649C97C40EA41006449897C33
:1018D00040EAE1105C49C8856148407DC006400D82
:1018E0005F49097D40EAA100574908865C48807D30
:1018F000C0005B49497D40EA611153484186584820
:10190000C07D514981F83400084690F8340000F059
:10191000080040B90846B0F84E00401CA1F84E003F
:10192000022081F850004F480078401C4D49087053
:101930000878C11700EB91718910A0EB8101494A29
:10194000117009E0002005E0454A411C515C11542A
:10195000411CC8B21828F7DB38BD10B50446D4EDD9
:10196000000A4148008800EE100AB8EE400A9FEDD8
:101970003F1A00EE810ABCEEC00A10EE100A3A4986
:10198000088008460088B0F57A7F39DD002008809D
:101990002D48B0F84E002C49C8860846C08E052850
:1019A00003DA012081F8380003E00020264981F89D
:1019B0003800254890F83800C8B123480078D8B9D5
:1019C0002B480078401C2A490870087800EBD07139
:1019D0004910A0EB4101264A1170104600780128F9
:1019E00002D101F0B0FC07E001F02CFC04E0164845
:1019F00090F850001449087000201349A1F84E00D7
:101A000010BD10B52DED020B6846FFF7A6FF0E487E
:101A100090F8380000286DD10B48007801280DD1CE
:101A2000002008E00849891C31F81020383121F8DD
:101A30001020411CC8B20A28F4DB37E002480078C5
:101A4000022833D100202FE06C09002020A10700DC
:101A50008C00002004142434900000209800002002
:101A6000BE090020990000209C00002000007A445C
:101A70009A0000202A4931F91010A1F5806100EE8A
:101A8000101AF8EEC00A9FED270A9FED271A01EE03
:101A9000200ABDEEC00A10EE101A0AB22049263103
:101AA00021F81020411CC8B20A28E3DB1C48143876
:101AB000B0F94200B0F5966F06DD19481438B0F958
:101AC0004200B0F5AF6F0DDB15481438B0F9420095
:101AD000B0F5C86F0ADD12481438B0F94200B0F50D
:101AE000E16F03DA01201149087011E000200F496D
:101AF00008700DE001200D490870002006E000226A
:101B00000749263121F81020411CC8B20A28F6DB0B
:101B1000064800780249143981F839001CBD0000DC
:101B2000800900200080BB442FDD243F9E00002060
:101B3000F0EE400AF5EEC00AF1EE10FA02DBB0EE6C
:101B4000600A7047B1EE600AFBE700B5B0EE403ABC
:101B5000B0EE602AB5EEC03AF1EE10FA07D1B5EE5C
:101B6000C02AF1EE10FA02D19FEDFC1A99E0B0EE16
:101B7000430AFFF7DDFFF0EE403AB0EE420AFFF70E
:101B8000D7FFF0EE402AF4EEE23AF1EE10FA02D27C
:101B900083EEA24A01E082EEA34A9FEDF10AB4EE81
:101BA000C04AF1EE10FA02D2F0EE441A2DE0DFED59
:101BB000ED0AB6EE000A14EE200AF0EE404ABDEE41
:101BC000E40A10EE100A00EE100AB8EEC00A34EE75
:101BD000C00AF0EE404AE44901EB800191ED000AB1
:101BE000F0EE401AE04A411C02EB810191ED000A3F
:101BF000114601EB8001D1ED000A70EE600AB0EEF3
:101C0000610A00EEA40AF0EE401AF4EEE32AF1EEC7
:101C100010FA20DDB5EEC02AF1EE10FA0ADBB5EEBF
:101C2000C03AF1EE10FA02DBB0EE611A39E0B1EE23
:101C3000611A36E09FEDCD1AB5EEC03AF1EE10FA1A
:101C400004DB31EE610AB0EE401A2AE031EEC10A3F
:101C5000B0EE401A25E0B5EEC03AF1EE10FA10DB16
:101C60009FEDC31AB5EEC02AF1EE10FA04DB31EE97
:101C7000610AB0EE401A14E031EE210AB0EE401ACB
:101C80000FE09FEDBC1AB5EEC02AF1EE10FA04DBAE
:101C900031EE210AB0EE401A03E031EE610AB0EEF7
:101CA000401AB0EE410A00BD00B5B0EE405AF0EE69
:101CB000605AF0EE450AB0EE650AFFF746FF00BD38
:101CC000F0EE400AF6EE001A60EEA11AB0EE611ACC
:101CD000B0EE600A10EE100AA749A1EB600000EE1A
:101CE000100A21EE002AF7EE081A42EE401A61EEC1
:101CF000801AB0EE610A21EE002AF7EE081A42EED1
:101D0000401A61EE801AB0EE610A704700B5F0EE3D
:101D1000402AB0EE620AFFF7D3FF20EE220A00BD90
:101D200010B52DED0A8BB0EE409AF0EE609A9FED63
:101D3000930B53EC102B51EC190B0AF0FDF918D250
:101D40009FED900B53EC102B51EC190B0AF071F92D
:101D500041EC1B0B9FED8D0B53EC102B0AF0C2F8DE
:101D600041EC1A0B53EC192B0AF063F941EC180BF8
:101D700017E09FED840B53EC102B51EC190B0AF07C
:101D800058F941EC1B0B9FED810B53EC102B0AF023
:101D90004DF941EC1A0B53EC192B0AF04AF941ECBE
:101DA000180B9FED760B53EC102B51EC180B0AF02F
:101DB000C3F920D29FED770B53EC102B51EC180B8D
:101DC0000AF090F841EC1C0B9FED740B53EC102BB8
:101DD0000AF02FF941EC1B0B9FED6E0B53EC102B0F
:101DE0000AF080F841EC1A0B53EC182B0AF021F999
:101DF00041EC180B1FE09FED670B53EC102B51ECDF
:101E0000180B0AF010F941EC1C0B9FED660B53EC1C
:101E1000102B0AF00EF941EC1B0B9FED5E0B53ECFF
:101E2000102B0AF05FF841EC1A0B53EC182B0AF058
:101E300000F941EC180BB0EE480AF0EE680ABDEC70
:101E40000A8B10BD10B52DED068BB0EE408AF0EE7A
:101E5000608A01249FED550B53EC102B51EC180BAD
:101E60000AF082F90AD89FED510B53EC102B51EC7C
:101E7000180B0AF0D8F841EC180BA41E20460AF003
:101E80004AF941EC190BB0EE480AF0EE680AFFF788
:101E900047FFB0EE40AAF0EE60AA53EC192B51ECCC
:101EA0001A0B0AF0C6F841EC100BBDEC068B10BD06
:101EB00010B52DED088BB0EE408AF0EE608A01245B
:101EC0009FED3C0B53EC102B51EC180B0AF00AF869
:101ED00041EC180B9FED350B53EC102B51EC180B0C
:101EE0000AF042F90AD8A41E9FED300B53EC102BD8
:101EF00051EC180B0AF097F841EC180B20460AF049
:101F00000AF941EC1A0BB0EE480AF0EE680AFFF746
:101F100099FFB0EE40BAF0EE60BA53EC1A2B51ECD8
:101F20001B0B0AF086F841EC190B0AF035F900EEAC
:101F3000100ABDEC088B10BDF0EE401AF4EEE01A6A
:101F4000F1EE10FA3ADD31EEC10AB4EEE00AF1EE3C
:101F500010FA3CD2B0EE600A39E000000000000048
:101F60008180803B00008043F4C30008DB0F4940C0
:101F7000DB0FC93FDB0FC9BFDF59375F000000002F
:101F800000000000000000602FF0D93F000000605A
:101F9000305FF43F000000000000F03F000000C090
:101FA000CCCCCCBF000000C0CCCCCC3FF1D4C853CB
:101FB000FB210940F1D4C853FB21F93F31EE810ADE
:101FC000B4EEE00AF1EE10FA01DDB0EE600A7047FF
:101FD000F0EE401AB1EE412A32EE202AB4EEE12AA8
:101FE000F1EE10FA09D231EE202AB4EEE12AF1EE38
:101FF00010FA02DDB0EE600A01E0B0EE610A70474F
:10200000F0EE402AB5EEC01AF1EE10FA02DDB0EEA5
:10201000410A01E0B1EE410AB6EE003A22EE033A7F
:1020200023EE213AB4EEC30AF1EE10FA06D29FED88
:10203000D40A20EE800AF0EE400A4DE0B5EEC01A58
:10204000F1EE10FA02DDB0EE410A01E0B1EE410A14
:1020500022EE213AB4EEC30AF1EE10FA06D29FED59
:10206000C90A20EE800AF0EE400A35E0B5EEC01A4B
:10207000F1EE10FA02DDB0EE410A01E0B1EE410AE4
:10208000B4EEE10AF1EE10FA06D2B6EE000A20EE46
:10209000800AF0EE400A1FE0B5EEC01AF1EE10FA29
:1020A00002DDB0EE410A01E0B1EE410AB0EE003AC5
:1020B00021EE833AB4EEC30AF1EE10FA06D29FED98
:1020C000B20A20EE800AF0EE400A05E09FEDAF0A6A
:1020D00020EE800AF0EE400A9FEDAD0A20EE800A65
:1020E00020EE223AF7EE003A83EE830AB7EE003A8A
:1020F00030EE030AF7EE003A83EE803A90ED000AE4
:1021000071EE403A90ED000A03EE230A80ED000ADA
:1021100090ED000AB1EE423A23EE213AB4EEC30A42
:10212000F1EE10FA04D8B1EE420A20EE210A0DE0D9
:1021300090ED000A22EE213AB4EEC30AF1EE10FA55
:1021400002DD22EE210A01E090ED000A80ED000A96
:1021500090ED000A31EE400A704710B52DED028B6C
:10216000B0EE408AF0EE608A9FED8A0B53EC102BA4
:1021700051EC180B09F0F8FF0CD29FED880B53ECD3
:10218000102B51EC180B09F04EFF41EC100BBDEC7D
:10219000028B10BD9FED830B53EC102B51EC180BF1
:1021A00009F0CAFF0AD29FED7D0B53EC102B51ECC6
:1021B000180B09F097FE41EC100BE8E7B0EE480A67
:1021C000F0EE680AE3E730B505460C46F0EE403A1B
:1021D000D5ED000A60EEA00A94ED001AD4ED001AC5
:1021E00041EE210AB0EE600AFFF790FDB0EE403AF2
:1021F000B5EEC03AF1EE10FA02D81FEDA80A09E0D8
:10220000B4EEE33AF1EE10FA02DDB0EE630A01E05B
:10221000B0EE430AB0EE404AB5EEC03AF1EE10FA25
:1022200006D11FEDB20A83ED000A82ED000A0FE02D
:1022300084EE030AD5ED000A20EE200A82ED000AA2
:1022400084EE030AD4ED000A20EE200A83ED000A92
:1022500030BDF0EE400A0B7802EB8303C3ED000AB9
:102260000B785B1C0B700B78834201DB00230B7037
:102270000B7802EB830393ED000A704700B502462A
:10228000B0EE403A0B46F7EE000A43EE430AB0EEDA
:10229000600AFFF73BFDD2ED000A20EE200AD2EDE6
:1022A000010A00EEC30A83ED000AF7EE000A43EECE
:1022B000430AB0EE600AFFF729FDD2ED010A20EED5
:1022C000200AD2ED000A00EE830A83ED010A00BD68
:1022D00090ED000AD1ED010A20EE200AD0ED010AAE
:1022E00091ED001A00EEC10A704790ED000AD1EDA1
:1022F000000A20EE200AD0ED010A91ED011A00EE4D
:10230000810A704790ED010AD1ED020A20EE200A01
:10231000D0ED020A91ED011A00EEC10A82ED000A29
:1023200090ED020AD1ED000A20EE200AD0ED000A5D
:1023300091ED021A00EEC10A82ED010A90ED000A49
:10234000D1ED010A20EE200AD0ED010A91ED001A2C
:1023500000EEC10A82ED020A704790ED000AD1ED4D
:10236000000A20EE200AD0ED010A91ED011A00EEDC
:10237000810AD0ED020A91ED021A00EE810A70473F
:102380009A99993FCDCC4C3FCDCC4C3ECDCCCC3D59
:10239000C3F5C84000000000008066400000000057
:1023A0000080764000000000008066C008B5C64886
:1023B000D0ED000A9FEDC51AF4EEC10AF1EE10FA55
:1023C0000BD2D0ED000AB7EE001A70EE810AC0ED14
:1023D000000A0120BE49887002E00020BC498870D4
:1023E000B948D0ED010A9FEDB91AF4EEC10AF1EE39
:1023F00010FA0BD2D0ED010AB7EE001A70EE810A86
:10240000C0ED010A01208DF8000002E000208DF8E7
:102410000000AD48D0ED020A9FEDAC1AF4EEC10AFF
:10242000F1EE10FA0BD2D0ED020AB7EE001A70EE00
:10243000810AC0ED020A01208DF8010002E00020AF
:102440008DF801009DF8000030B19DF8010018B131
:1024500001209F49C87002E000209D49C87008BD56
:1024600030B500220024C5788B1F9D4200D030BDBE
:10247000002306E0C55C1544EAB2A518ECB25D1C69
:10248000EBB28D1E9D42F5DC431813F8023C9342DB
:1024900004D1431813F8013CA34200D0E7E7837846
:1024A000512B38D103795BB94379894D6B718379AD
:1024B0005BB2AB71C3795BB2EB71037A2B7183E0D2
:1024C0000379012B12D14379814D2B72C3886B8123
:1024D0000389AB81837A2B719FED7E0A7A4B83ED62
:1024E000010A2B461B785B1C2B706DE00379022BD5
:1024F0006AD14379764DAB73C3882B8203896B8293
:102500004389AB828389EB82C3892B83038A6B83E4
:10251000837C2B7158E08378342B0DD1D0F80730B1
:102520006B4DEB619FED6B0A674B83ED020A2B4607
:102530005B785B1C6B7047E08378012B0DD183883F
:10254000634D2B86C3886B860389AB864389EB86F4
:1025500083892B87C3896B8736E08378042B33D13B
:10256000B0F9043000EE103AB8EEC00ADFED5A0AB6
:1025700020EE200A564B83ED080AB0F9063000EE33
:10258000103AB8EEC00ADFED540A20EE200A504B94
:1025900083ED090AB0F9083000EE103AB8EEC00A2F
:1025A000DFED4D0A20EE200A494B83ED0A0AB0F90F
:1025B0000A3000EE103AB8EEC00ADFED470A20EE0E
:1025C000200A434B83ED0B0A00BF50E710B50446C9
:1025D0004248007838B9AA2C05D101203F4908703B
:1025E0003F4804706FE03D480078012809D1612C14
:1025F00001D0FF2C05D102203849087038484470BA
:1026000061E036480078022805D10320334908707C
:102610003348847057E03148007803280CD1FA2CF5
:102620000ADA04202D4908702D48C4702D48047022
:1026300000202D49087046E028480078042819D168
:1026400028480078002815DD26480078401E2549D6
:1026500008702548007824490978491C224A1170DD
:10266000001D1F490C541F48007840BB05201B4922
:10267000087028E01948007805280DD10620174970
:1026800008701948007818490978491C164A1170D1
:10269000001D13490C5416E01048007806280FD18D
:1026A00000200E49087010480078001D0C490C5499
:1026B0000D480078401DC1B20948FFF7D1FE02E085
:1026C00000200649087010BD480A00200000FA43A7
:1026D000D80900200000000017B7D138A100002061
:1026E000140A00209F000020A00000200146D548C9
:1026F000007800287ED00022D24B1A70D24A12886D
:10270000C832D14B1A80D14A127DD14B5A76CF4A6A
:10271000D37DCF4A9376CD4A9369CD4AC2F81B3018
:10272000CA4AD369CA4AC2F81F30C84A526A0A2341
:1027300092FBF3F3C64AC2F82330C44A126B0A2351
:1027400092FBF3F213B2C24AA2F82730BF4A526B8F
:102750000A2392FBF3F213B2BD4AA2F82930BB4A16
:10276000926B0A2392FBF3F213B2B94AA2F82B3010
:10277000B64AB2F84C2000EE102AB8EE400ADFED5F
:10278000B50A20EE200ABCEEC00A10EE100A08B905
:10279000002204E0C82801D9C82200E00246104601
:1027A000AB4A82F82D00A94A526C00EE102AB8EE0E
:1027B000400ADFEDA80A20EE200ABCEEC00A10EEA7
:1027C000100A08B9002204E0C82801D9C82200E094
:1027D000024610469E4A82F82E009C4AD26A00EEBB
:1027E000102AB8EE400ADFED9B0A20EE200ABCEE6C
:1027F000C00A00E012E010EE100A08B9002204E05E
:10280000C82801D9C82200E002461046904A82F842
:102810002F000123904A82F8213100BF704710B584
:102820000E218E4800F0C2FE10BD10B50E218C485E
:1028300000F0BCFE10BD10B5642000F0D3F94FF4D9
:10284000165000F038FE322000F0CCF91C218548EB
:1028500000F0ACFE642000F0C5F94FF4964000F0A3
:102860002AFE322000F0BEF91C217E4800F09EFEB8
:10287000642000F0B7F94FF4164000F01CFE32203F
:1028800000F0B0F91C21774800F090FE642000F0C1
:10289000A9F94FF4E13000F00EFE142000F0A2F987
:1028A0000B21714800F082FE142000F09BF90B21EF
:1028B0006E4800F07BFE142000F094F90B216C4868
:1028C00000F074FE142000F08DF90B21694800F02F
:1028D0006DFE142000F086F90B21674800F066FEBB
:1028E000142000F07FF90B21644800F05FFE1420F3
:1028F00000F078F9FFF793FF10BD10B501460020F6
:1029000000225F4B1B782BB9B52903D101235C4C06
:10291000237095E05A4B1B78012B05D1622903D116
:102920000223574C23708BE0554B1B78022B05D1AB
:102930000323534C2370534B197081E0504B1B7889
:10294000032B05D104234E4C23704F4B197077E0B5
:102950004B4B1B78042B05D10523494C23704B4B63
:1029600019706DE0464B1B78052B10D10623444CA3
:102970002370464B1B7803EB0123454C23802346F1
:102980001B88622B5CDB00233D4C237058E03C4BE2
:102990001B78062B54DB3A4B1B789B1F3C4C24883E
:1029A000A41CA3420ADA364B1B789B1F274CE15428
:1029B000334B1B785B1C324C237041E0314B1B784E
:1029C0000344D8B21318DAB22F4B1B780344D8B2A1
:1029D0001318DAB22E4B1B780344D8B21318DAB2AC
:1029E0002B4B1B8800EB1323D8B21318DAB2002349
:1029F00007E0164CE45C0444E0B21418E2B25C1C3C
:102A0000E3B2234C2488A342F3DB104B204C2488F0
:102A10001B5D834211D10D4C1D4B1B885B1CE35C7D
:102A200093420AD1174B1B78012B06D1164B1B780A
:102A3000072B02D10123034C23700023104C237079
:102A400010BD0000A2000020A4000020540A0020B5
:102A5000300900200AD7233CDC010020A60000201A
:102A6000B4000020DE0000200F0100201A01002029
:102A700025010020300100203B01002046010020FC
:102A80005701002051010020520100205301002075
:102A900054010020704700BFFEE700BFFEE700BF03
:102AA000FEE77047704710B5802003F0C4FE10B1F8
:102AB000802003F016FF10BD10B500F01BFC10BD08
:102AC000704710B50121114807F0ABFD28B1012175
:102AD0000E4807F003FEFEF73EFA10BD10B500F0F9
:102AE000ADFD10BD10B500F09EFE10BD10B500F09C
:102AF000BBFF10BD10B501F0A0F810BD10B501F07E
:102B0000B0F910BD10B500F071FC10BD001400400C
:102B10007FB5684604F0C1FD4FF47A710198B0FBAF
:102B2000F1F4E4082146B1F1807F00D31DE021F0EB
:102B30007F40401E4FF0E022506150170F220028C6
:102B400007DA13071E0E314B00F00F052D1F5E55DF
:102B500003E013071D0E2E4B1D5400BF00204FF045
:102B6000E02290610720106100BF6FF0040001F0C7
:102B700095FB7FBD2748D0E900305A1C40F100008A
:102B80002449C1E90020704722480068704710B509
:102B900000BF204A11684FF0E02252694FF0E02355
:102BA0009B69D21A4FF47A735A434FF0E0235B6962
:102BB000B2FBF3F201EB4103C3EBC11302EBC30021
:102BC000144C18CC4B402343E3D110BD30B5044620
:102BD000FFF7DDFF054600BFFFF7D9FF401BA0420E
:102BE000FAD330BD10B5044603E04FF47A70FFF716
:102BF000EDFF201EA4F10104F7D110BD10B54FF474
:102C0000806001F099FAFFF783FF10BD18ED00E036
:102C100000E400E05801002000B58FB0684602F0E3
:102C200096FD0121880504F050FE00BF564803F0D0
:102C3000ABF80028FAD10090544801905448029013
:102C40000020039032200490002005904FF4806013
:102C50000690400007908000089000010A90401202
:102C6000099000200B9001200C9000200D900E90F8
:102C70006946454802F015FC0121434802F078FD01
:102C80000FB000BD00B58DB001A801F009FC012115
:102C9000042004F01AFE0121080204F0FCFEFFF7F4
:102CA000BBFF03208DF8300020200B9000208DF812
:102CB00033000BA9374803F0B9FE002009900790B4
:102CC0004FF48030089000200A9007A801F0F2FB32
:102CD000002001908DF8080001208DF809000020E7
:102CE0000390059001208DF8180001A927484C3861
:102CF00001F00DFB072301220F2124484C3801F07D
:102D00009EFD012121484C3801F077FF01211F4829
:102D10004C3801F080FC01211C484C3801F047FF81
:102D20001A484C3801F057FE0DB000BD9FED1A0A4D
:102D3000F0EE400A002010E0154931F8101000EEC6
:102D4000101AB8EE401ADFED151AB0EE600A01EE67
:102D5000210AF0EE400A411CC8B23228ECDB9FED9C
:102D6000101A80EE810A9FED0F1A20EE010AB2EED2
:102D7000061A20EE010AF7EE001A80EE211A9FEDE6
:102D80000A0A21EE000A7047106402404C200140FC
:102D9000B80A002000080240000000000AD7A33C47
:102DA0000000804500404E456F12833A1CB56846CE
:102DB00003F0E7FE0121102004F087FD01208DF8CB
:102DC00004008DF8070000208DF8060002208DF821
:102DD0000500072000906946384803F027FE0120CF
:102DE0008DF804008DF8060002208DF80500802083
:102DF00000906946314803F019FE02212F4804F083
:102E00004BF801212D4804F047F804212B4804F029
:102E100043F88021294804F03FF81CBD00F001016F
:102E200019B10221254A118302E00221234A51836C
:102E300000F0020119B10121204A118302E00121B1
:102E40001E4A518300F0040119B104211B4A118369
:102E500002E00421194A518300F0080119B18021D0
:102E6000164A518302E08021144A1183704700B54D
:102E700000201DE0124931F81010124A12569142FA
:102E800004DA0121814019438BB202E00121814023
:102E90008B430B4931F81010491C89B2084A22F8BB
:102EA0001010142902DB002122F81010411CC8B2B6
:102EB0000428DFDB1846FFF7B1FF00BD0010024019
:102EC000640100206001002030B58BB00025D44C97
:102ED00001A803F056FE08A805F063F903A805F061
:102EE0009CFF012C01D8012004E0CE48844200D987
:102EF00000E0204604460121082004F0A9FD01213C
:102F0000022004F0C8FD0121084604F0C4FD01219F
:102F1000152004F0DAFC0C20019002208DF8080046
:102F200003208DF8090000208DF80A0001208DF89B
:102F30000B0001A9BC4803F079FD02221146BA48F2
:102F400004F088F802220321B74804F083F8B74858
:102F500000684008B0FBF4F0401E85B242F21070E9
:102F60000990ADF820500020ADF82800ADF82200FF
:102F700008A9AF4805F08AF86020ADF80C000020E1
:102F8000ADF818000120ADF80E004FF47A600590FE
:102F900003A9A74805F0E8FD0821A54806F0B1F906
:102FA0000120ADF80E004FF47A60059003A9A04807
:102FB00005F0A2FE08219E4806F0CFF901219C48A9
:102FC00005F0E9FA01219A4805F0D1FB4FF4D4400D
:102FD000019002208DF8080003208DF809000020E0
:102FE0008DF80A0001208DF80B0001A9914803F02B
:102FF0001DFD012209218F4804F02CF801220B212C
:103000008C4804F027F801220D218A4804F022F8A8
:1030100001220E21874804F01DF884480068B0FBA7
:10302000F4F0401E85B242F210700990ADF82050C5
:103030000020ADF82800ADF822008DF82A0008A97C
:103040007D4805F023F86020ADF80C000020ADF8B5
:103050001000ADF818000820ADF81A004001ADF8D6
:103060001C000020ADF81E000120ADF80E004FF44A
:103070007A60059003A9704805F0C1FB08216E48ED
:1030800006F0CBF84FF47A60059003A96A4805F082
:103090007EFC0821684806F0FEF84FF47A6005903F
:1030A00003A9654805F060FD0821634806F029F989
:1030B0004FF47A60059003A95F4805F01DFE0821D2
:1030C0005D4806F04AF901215B4807F0FCF8012150
:1030D000594805F060FA0121574805F048FB4FF4C4
:1030E0004070019002208DF8080003208DF809003F
:1030F00000208DF80A0001208DF80B0001A94F482F
:1031000003F094FC032208214C4803F0A3FF0322A0
:1031100009214A4803F09EFF44480068B0FBF4F0E0
:10312000401E85B242F210700990ADF82050002088
:10313000ADF82800ADF822008DF82A0008A9404813
:1031400004F0A4FF6020ADF80C000020ADF81000E2
:10315000ADF818000820ADF81A004001ADF81C00C9
:103160000020ADF81E004FF47A60059003A93448A2
:1031700005F0FAFC0821304806F0C3F84FF47A60F5
:10318000059003A92E4805F0B7FD08212A4806F04E
:10319000E4F801212A4807F096F80121284805F0B3
:1031A000FAF90121264805F0E2FA0BB030BDB0F97A
:1031B0000010890001F57A611F4A1164B0F902100C
:1031C000890001F57A61D163B0F90410890001F535
:1031D0007A619163B0F90610890001F57A61516353
:1031E000B0F90810890001F57A61114A4032116086
:1031F000B0F90A10890001F57A61121F1160B0F967
:103200000C10890001F57A610D4A40321160B0F965
:103210000E10890001F57A61121F116070470000DD
:1032200000093D0000BD01050000024084010020AE
:10323000000C004000100240000001400008024065
:103240000004014000B587B005A803F09AFC02A86D
:1032500006F0BBFE0121022004F0FAFB012104204C
:1032600004F033FB1D208DF8040002208DF80500CA
:1032700001208DF806008DF8070001A800F077FF07
:103280008020059002208DF8180003208DF8190089
:1032900000208DF81A0002208DF81B0005A95D485A
:1032A00003F0C4FB022207215A4803F0D3FE532047
:1032B000594908800420ADF808000A20ADF80A003A
:1032C0000120ADF80C000020ADF80E00ADF81000A4
:1032D00002A95148283806F092FD01214E482838AD
:1032E00005F045FA012204214B48283807F05AF826
:1032F00007B000BD10B548481838008800F0040039
:1033000000B34FF6FB704449183908804FF6FF3080
:10331000088040481030006800F0800090B93E48B6
:10332000283806F0FEFE3D49088008460088498896
:10333000401A84B22046FEF7CAF938480088374957
:10334000488000BF10BD00B587B0684603F019FC87
:103350000121202004F09FFB0121042004F0B5FA94
:1033600047208DF8080004208DF8090001208DF811
:103370000A008DF80B0002A800F0F9FE08220721D0
:10338000244803F067FE8020009002208DF804009E
:103390008DF8050001208DF8060000208DF807004B
:1033A00069461C4803F042FB1D4803900020ADF81D
:1033B00010004FF40050ADF81200C010ADF814002A
:1033C0000020ADF818000420ADF8160003A9154838
:1033D00007F0DBFE012240F22551124808F071FB94
:1033E0000121104808F01AF807B000BD10B540F2EE
:1033F00025510C4808F08BFC58B140F22551094882
:1034000008F010FD0748001D0088C4B22046FEF7F2
:103410008CF910BD00080240280400406C01002017
:10342000A0860100001401403EB504460121202081
:1034300004F00EFB1E4804F04DFD01945320ADF83E
:1034400000000020ADF80800ADF8020069461848F9
:1034500004F01CFE0121164807F0ADF801221146C8
:10346000134806F09FFF0121114805F080F9002163
:10347000202004F0EDFA3EBD08B537208DF800009D
:1034800007208DF8010001208DF802008DF803005F
:10349000684600F06CFE08BD10B54FF47A70FFF777
:1034A000C3FFFFF7E9FF0121202004F0D1FA10BD8E
:1034B00000140040704710B58AB0044606A807F013
:1034C00048FF0121102004F0E6FA0121084604F02B
:1034D000FCF925208DF80C0003208DF80D0000204C
:1034E0008DF80E0001208DF80F0003A800F03FFEBC
:1034F00007220921FE4803F0ADFD07220A21FC48FE
:1035000003F0A8FD4FF40070019002208DF8080030
:103510008DF8090000208DF80A0001208DF80B00BD
:1035200001A9F34803F082FA4FF480600190022071
:103530008DF808008DF8090001208DF80A000020A0
:103540008DF80B0001A9EA4803F070FAE94807F08A
:10355000B7FD06940020ADF81C00ADF81E00ADF8D4
:103560002000ADF824000C20ADF822000020ADF8BA
:103570001000ADF812004FF40070ADF814000020F8
:10358000ADF8160006A9DB4807F0FFFD04A9D948ED
:1035900007F0EBFE012240F22551D64808F091FADF
:1035A0000121D44807F03AFF0AB010BD70B50546B6
:1035B0000E4600240AE0295DCF4802780078401CBE
:1035C000CD4B1870CD488154601CC4B2B442F2DBBC
:1035D000C848808900F0800028B9012240F2277194
:1035E000C44808F06EFA70BDC5490A780978491CCC
:1035F000C34B1970C349885419460978642902DB02
:1036000000211A461170704710B510E0BE490A78C3
:103610000978491CBC4B1970BA49885CFFF76DF9F1
:10362000B9480078642802DB0020B7490870B44824
:103630000078B54909788842E8D110BD10B5AD4889
:10364000008800F0080010B1AA488088C4B240F297
:103650002551A84808F05BFB50B140F22551A54820
:1036600008F0E0FBA3488088C4B22046FFF7BCFF07
:1036700040F227719F4808F04AFBA8B1A34801789F
:103680000078401CA14A10709C48405C9949888091
:103690001046007898490978884205D19548808974
:1036A00020F080009349888110BD10B58AB004468F
:1036B00006A807F04EFE0121480404F0C9F90121D3
:1036C000082004F002F926208DF80C0004208DF863
:1036D0000D0001208DF80E008DF80F0003A800F0FA
:1036E00046FD072205218A4803F0B4FC0722062183
:1036F000874803F0AFFC2020019002208DF80800DD
:103700008DF8090000208DF80A0001208DF80B00CB
:1037100001A97F4803F08AF94020019002208DF82A
:1037200008008DF8090001208DF80A0000208DF8AE
:103730000B0001A9764803F079F906940020ADF852
:103740001C00ADF81E00ADF82000ADF824000C20E0
:10375000ADF822000020ADF81000ADF812004FF4D3
:103760000070ADF814000020ADF8160006A96948F5
:1037700007F00BFD04A9674807F0F7FD012240F2AE
:103780002551644808F09DF90121624807F046FE82
:103790000AB010BD70B505460E4600240AE0295D4A
:1037A0005D4802780078401C5B4B18705B48815480
:1037B000601CC4B2B442F2DB56480C30008800F002
:1037C000800028B9012240F22771524808F079F9A7
:1037D00070BD53490A780978491C514B19705149F9
:1037E000885419460978642902DB00211A461170B1
:1037F000704700B510E04C490A780978491C4A4BDB
:1038000019704849885CFFF755FE474800786428DE
:1038100002DB002044490870414800784249097899
:103820008842E8D100BD10B53A48008800F0080091
:1038300018B13848001D0088C4B240F225513548FF
:1038400008F065FA58B140F22551324808F0EAFA1A
:103850003048001D0088C4B22046FFF7BAFF40F28E
:1038600027712C4808F053FAC0B13048017800782D
:10387000401C2E4A10702948405C2649091D0880CA
:103880001046007824490978884207D121480C3035
:10389000008820F080001F490C31088010BD10B551
:1038A0008AB0044606A807F054FD0121880404F0FC
:1038B000CFF80121022004F008F827208DF80C0031
:1038C00002208DF80D0000208DF80E0001208DF8EB
:1038D0000F0003A800F04BFC07220A21144803F054
:1038E000B9FB07220B21124803F0B4FB22E00000D1
:1038F0000000024000100140710100201C0B00205C
:10390000720100201C0C00207301002070010020B7
:10391000000C02400044004075010020800C002093
:1039200076010020800D0020770100207401002026
:10393000000402404FF48060019002208DF80800DE
:103940008DF8090000208DF80A0001208DF80B0089
:1039500001A9FE4803F06AF84FF4006001900220CC
:103960008DF808008DF8090001208DF80A0000206C
:103970008DF80B0001A9F54803F058F806940020D3
:10398000ADF81C00ADF81E00ADF82000ADF8240025
:103990000C20ADF822000020ADF81000ADF81200A8
:1039A0004FF40070ADF814000020ADF8160006A921
:1039B000E74807F0EAFB04A9E54807F0D6FC012236
:1039C00040F22551E24808F07CF80121E04807F078
:1039D00025FD0AB010BD70B505460E4600240AE06C
:1039E000295DDC4802780078401CDA4B1870DA4810
:1039F0008154601CC4B2B442F2DBD5480C3000885C
:103A000000F0800028B9012240F22771D04808F068
:103A100058F870BDD1490A780978491CCF4B197004
:103A2000CF49885419460978642902DB00211A46D7
:103A30001170704700B510E0CA490A780978491C2E
:103A4000C84B1970C649885CFFF734FDC54800783B
:103A5000642802DB0020C3490870C0480078C149CF
:103A600009788842E8D100BD10B5B948008800F057
:103A7000080018B1B648001D0088C4B240F22551B4
:103A8000B34808F044F958B140F22551B04808F065
:103A9000C9F9AF48001D0088C4B22046FFF7BAFF3D
:103AA00040F22771AA4808F032F9C0B1AE48017857
:103AB0000078401CAC4A1070A748405CA449091D1E
:103AC000088010460078A3490978884207D1A048A9
:103AD0000C30008820F080009D490C31088010BD1A
:103AE00010B588B0044604A807F033FC0121C804CF
:103AF00003F0AEFF0121084603F0E7FE34208DF805
:103B00000C0003208DF80D0001208DF80E008DF8BB
:103B10000F0003A800F02BFB08220021934803F0BC
:103B200099FA08220121914803F094FA01200190AA
:103B300002208DF808008DF8090000208DF80A0099
:103B400001208DF80B0001A9884802F06FFF0220C8
:103B500001908DF808008DF8090001208DF80A0009
:103B600000208DF80B0001A9804802F05FFF04944B
:103B70000020ADF81400ADF81600ADF81800ADF84F
:103B80001C000C20ADF81A0004A9794807F0FDFAD2
:103B9000012240F22551764807F093FF0121744835
:103BA00007F03CFC08B010BD70B505460E46002479
:103BB0000AE0295D6F4802780078401C6D4B187050
:103BC0006D488154601CC4B2B442F2DB68480C30CA
:103BD000008800F0800028B9012240F22771644873
:103BE00007F06FFF70BD65490A780978491C634B7F
:103BF00019706349885419460978642902DB002149
:103C00001A461170704710B510E05E490A780978BD
:103C1000491C5C4B19705A49885CFEF7D7FC59481F
:103C20000078642802DB0020564908705348007869
:103C3000544909788842E8D110BD10B54C48008835
:103C400000F0080018B14A48001D0088C4B240F2D4
:103C50002551474808F05BF858B140F225514448D7
:103C600008F0E0F84248001D0088C4B22046FFF783
:103C7000BAFF40F227713E4808F049F8C0B1424807
:103C800001780078401C404A10703B48405C38493D
:103C9000091D08801046007836490978884207D106
:103CA00033480C30008820F0800031490C31088006
:103CB00010BD10B588B0044604A807F04AFB0121E6
:103CC000080503F0C5FE0121042003F0FEFD0121DB
:103CD000082003F0FAFD35208DF80C0001208DF846
:103CE0000D0000208DF80E0001208DF80F0003A8B4
:103CF00000F03DFA08220C21244803F0ABF9082219
:103D00000221234803F0A6F94FF4805001900220CD
:103D10008DF808008DF8090000208DF80A000120B8
:103D20008DF80B0001A9194802F080FE04200190D3
:103D300002208DF808008DF8090001208DF80A0096
:103D400000208DF80B0001A9114823E00004024077
:103D50000048004079010020E40D00207A01002095
:103D6000E40E00207B0100207801002000000240CA
:103D7000004C00407D010020480F00207E01002003
:103D8000481000207F0100207C0100200008024034
:103D9000000C024002F04AFE04940020ADF814002A
:103DA000ADF81600ADF81800ADF81C000C20ADF809
:103DB0001A0004A94C4807F0E8F9012240F2255105
:103DC000494807F07EFE0121474807F027FB08B06D
:103DD00010BD70B505460E4600240AE0295D434833
:103DE00002780078401C414B187041488154601C97
:103DF000C4B2B442F2DB3C48808900F0800028B9AC
:103E0000012240F22771384807F05BFE70BD394946
:103E10000A780978491C374B197037498854194674
:103E20000978642902DB00211A461170704710B529
:103E300010E032490A780978491C304B19702E4934
:103E4000885CFCF72CFC2D480078642802DB0020FD
:103E50002A49087027480078284909788842E8D11B
:103E600010BD10B52048008800F0080010B11E48B1
:103E70008088C4B240F225511B4807F048FF50B17A
:103E800040F22551184807F0CDFF17488088C4B28A
:103E90002046FFF7BCFF40F22771134807F037FFB9
:103EA000A8B1174801780078401C154A10701048D6
:103EB000405C0D498880104600780C49097888429A
:103EC00005D10948808920F080000749888110BD0C
:103ED00010B5FFF799FBFFF78CFCFFF7ABFDFFF781
:103EE00092FEFFF7A4FF10BD0050004081010020AA
:103EF000AC10002082010020AC11002083010020C2
:103F0000800100200648804706480047FEE7FEE79C
:103F1000FEE7FEE7FEE7FEE7FEE7FEE7FEE7FEE779
:103F200005400008890100080CB5002001900090B0
:103F30007648006840F480307449086000BF7348D8
:103F4000006800F4003000900198401C0190009837
:103F500018B90198B0F5A06FF1D16C48006800F471
:103F6000003010B10120009001E000200090009886
:103F7000012846D165484030006840F080506349D0
:103F8000403108606248006840F480406049086041
:103F90005E48083000685D490831086008460068DE
:103FA00040F4004008600846006840F4A0500860F3
:103FB0005848091F0860081F006840F08070091FFA
:103FC000086000BF5148006800F000700028F9D078
:103FD00040F20560504908604C480830006820F005
:103FE00003004A49083108600846006840F00200B2
:103FF000086000BF45480830006800F00C00082841
:10400000F8D10CBD10B54548006840F47000434934
:1040100008603E48006840F001003C49086000200C
:104020003A4908310860394800683D490840374935
:1040300008603C48091D0860081F006820F48020C3
:10404000091F0860002031490C310860FFF76CFF40
:104050004FF0006031498039086010BD70B5002014
:104060000022022300240221284D08352D6805F086
:104070000C0020B1042806D0082834D107E02A4DCE
:104080002A4E356033E02A4D284E35602FE01F4D13
:104090002D1D2D68C5F380541C4D2D1D2D6805F078
:1040A0003F0154B1224DB5FBF1F5184E361D36686F
:1040B000C6F3881605FB06F209E01B4DB5FBF1F5CA
:1040C000124E361D3668C6F3881605FB06F20F4DF4
:1040D0002D1D2D68C5F301456D1C6B00B2FBF3F57A
:1040E000124E356003E0104D104E356000BF00BF2A
:1040F000064D08352D68C5F303150E4E705D0B4D4A
:104100002D68C540094E356070BD00000038024082
:104110000070004008544007003C024088ED00E079
:10412000FFFFF6FE103000240024F400840100207C
:1041300000127A008801002010B50446B4F5E06F43
:104140000BD0B4F5C06F08D0B4F5A06F05D0B4F5AE
:10415000806F02D0B4F5407F00D103E073215F4847
:10416000FCF71CF85E4820435E49086010BD2DE94D
:10417000F0410446002500270F26E07810B1E078D2
:10418000012800D103E087215448FCF707F8607844
:10419000102800DA03E088215048FBF7FFFFA078E1
:1041A000102800DA03E089214C48FBF7F7FFE0789C
:1041B00018B34C48006800F4E060C0F5E060C0F35C
:1041C0000725C5F10400C7B22E416078B840C5B2DA
:1041D000A078304005432807050E43482178455410
:1041E000207800F01F0101208840217849118900C2
:1041F00001F1E021C1F8000109E0207800F01F0181
:104200000120884039492278521141F82200BDE846
:10421000F08170B504460D46B4F1005F02D0B4F1F0
:10422000006F00D103E0B1212C48FBF7B7FF304805
:10423000854200D203E0B2212848FBF7AFFF2D49A9
:1042400005EA010020432749091F086070BD70B5C9
:1042500004460D46102C03D0042C01D0022C00D1B2
:1042600003E0C4211D48FBF799FF0DB1012D00D1DA
:1042700003E0C5211948FBF791FF3DB11948001D26
:10428000006820431749091D086006E01548001D15
:104290000068A0431349091D086070BD10B50446AD
:1042A000042C01D0601D00B903E0DC210B48FBF7B2
:1042B00075FF042C08D14FF0E020006940F00400A5
:1042C0004FF0E021086107E04FF0E020006920F0A6
:1042D00004004FF0E021086110BD0000F8C700089D
:1042E0000000FA050CED00E000E400E080E100E0F1
:1042F000FFFF0F0080FFFF1F10B50121080203F030
:104300008DFC00214FF4807003F088FC10BD2DE976
:10431000F04105460C4600260027F748854205D0A7
:10432000F648854202D0F648854200D103E0E921F3
:10433000F448FBF733FF206858B12068B0F1807F64
:1043400007D02068B0F1007F03D02068B0F1407F33
:1043500000D103E0EA21EB48FBF720FF207910B100
:104360002079012800D103E0EB21E648FBF716FF96
:10437000607910B16079012800D103E0EC21E148B7
:10438000FBF70CFFA06858B1A068B0F1805F07D0C0
:10439000A068B0F1005F03D0A068B0F1405F00D129
:1043A00003E0ED21D748FBF7F9FEE068D8B3E068F9
:1043B000B0F1807F37D0E068B0F1007F33D0E068A3
:1043C000B0F1407F2FD0E068B0F1806F2BD0E06873
:1043D000B0F1A06F27D0E068B0F1C06F23D0E068E3
:1043E000B0F1E06F1FD0E068B0F1006F1BD0E06863
:1043F000B0F1106F17D0E068B0F1206F13D0E06813
:10440000B0F1306F0FD0E068B0F1406F0BD0E068D2
:10441000B0F1506F07D0E068B0F1606F03D0E06892
:10442000B0F1706F00D103E0EE21B648FBF7B6FEA5
:10443000206918B12069B0F5006F00D103E0EF21C9
:10444000B048FBF7ABFE207D012803DB207D102860
:1044500000DC03E0F021AB48FBF7A0FE6E68AA4841
:1044600006402179206840EA012006436E60AE686C
:10447000A6480640D4E903100843A16808436179BF
:1044800040EA41000643AE60EE6A26F47006207DE5
:10449000401EC0B2074346EA0756EE62BDE8F0810F
:1044A00000210160017141718160C16001610121E0
:1044B0000175704770B504460025206818B3206860
:1044C000012820D0206802281DD0206805281AD095
:1044D0002068062817D02068072814D020680928EB
:1044E00011D0206811280ED0206812280BD0206827
:1044F000152808D02068162805D02068172802D073
:104500002068192800D104E04FF4A9717D48FBF719
:1045100045FE606858B16068B0F5803F07D06068BC
:10452000B0F5003F03D06068B0F5403F00D104E033
:1045300040F253117348FBF731FEA06858B1A068F0
:10454000B0F5804F07D0A068B0F5004F03D0A06849
:10455000B0F5404F00D104E04FF4AA716948FBF771
:104560001DFEE068D8B3E068B0F5807F37D0E06822
:10457000B0F5007F33D0E068B0F5407F2FD0E06821
:10458000B0F5806F2BD0E068B0F5A06F27D0E06861
:10459000B0F5C06F23D0E068B0F5E06F1FD0E068E1
:1045A000B0F5006F1BD0E068B0F5106F17D0E06871
:1045B000B0F5206F13D0E068B0F5306F0FD0E06831
:1045C000B0F5406F0BD0E068B0F5506F07D0E068F1
:1045D000B0F5606F03D0E068B0F5706F00D104E013
:1045E00040F255114748FBF7D9FD4948056849484D
:1045F0000540D4E900010843A1680843E168084385
:1046000005433D48C0F8045370BD0021016041607E
:104610008160C160704770B504460D4636488442DB
:1046200005D03648844202D03548844200D104E0A7
:1046300040F28B113348FBF7B1FD0DB1012D00D1D4
:1046400004E04FF4C6712F48FBF7A8FD25B1A06820
:1046500040F00100A06003E0A06820F00100A0602D
:1046600070BD70B505460C4600262348854205D02E
:104670002248854202D02248854200D104E04FF40E
:10468000E3712048FBF78AFD234884420FD023487A
:1046900084420CD02248844209D0B4F5000F06D0E1
:1046A000B4F5800F03D0B4F5400F00D004B904E096
:1046B00040F2C7111348FBF771FD6E681848C043FC
:1046C000064026436E6070BD70B504460E46154622
:1046D0000948844205D00948844202D008488442EF
:1046E00000D104E040F2E3110648FBF757FDB6F5B0
:1046F000805F17DA1BE0000000200140002101402C
:104700000022014040C80008FFFEFFFCFDF7FFC08B
:1047100004230140E030FCFF000280000002400062
:104720000002C0004FF4F271FD48FBF737FDB5F50C
:10473000805F00DA04E040F2E511F948FBF72EFD56
:104740006662A56270BD70B505460C460026F54848
:10475000854205D0F448854202D0F448854200D114
:1047600004E04FF40371EE48FBF718FD1CB3012C75
:1047700021D0022C1FD0032C1DD0042C1BD0052CC3
:1047800019D0062C17D0072C15D0082C13D0092CC3
:1047900011D00A2C0FD00B2C0DD00C2C0BD00D2CC3
:1047A00009D00E2C07D00F2C05D0102C03D0112CC3
:1047B00001D0122C00D104E040F20D21D848FBF7C3
:1047C000EDFC6E6826F01F0626436E6070BD10B5C6
:1047D00004460CB1012C00D104E04FF41371D04811
:1047E000FBF7DCFC3CB1D248006840F40000CD4946
:1047F000C1F8040306E0CE48006820F40000C9496F
:10480000C1F8040310BD10B504460CB1012C00D151
:1048100004E040F26221C248FBF7C0FC3CB1C4484E
:10482000006840F48000BF49C1F8040306E0C048B6
:10483000006820F48000BB49C1F8040310BD2DE9D5
:10484000F04706460C46174698460025A946B54847
:10485000864205D0B448864202D0B448864200D190
:1048600004E04FF43271AE48FBF798FC1CB3012C06
:1048700021D0022C1FD0032C1DD0042C1BD0052CC2
:1048800019D0062C17D0072C15D0082C13D0092CC2
:1048900011D00A2C0FD00B2C0DD00C2C0BD00D2CC2
:1048A00009D00E2C07D00F2C05D0102C03D0112CC2
:1048B00001D0122C00D104E040F2C9219848FBF746
:1048C0006DFC012F02DB102F00DC04E040F2CA2156
:1048D0009348FBF763FCB8F1000F14D0B8F1010F57
:1048E00011D0B8F1020F0ED0B8F1030F0BD0B8F110
:1048F000040F08D0B8F1050F05D0B8F1060F02D0AB
:10490000B8F1070F00D104E040F2CB218448FBF757
:1049100045FC092C13DDF568A4F10A0000EB400109
:10492000072000FA01F925EA0905A4F10A0000EBC5
:10493000400008FA00F945EA0905F5600EE035691E
:1049400004EB4401072000FA01F925EA090504EB0C
:10495000440008FA00F945EA09053561072F11DA24
:10496000756B781E00EB80011F2000FA01F925EA23
:104970000905781E00EB800004FA00F945EA0905F4
:10498000756326E00D2F11DA356BF81F00EB8001FF
:104990001F2000FA01F925EA0905F81F00EB800045
:1049A00004FA00F945EA0905356312E0F56AA7F152
:1049B0000D0000EB80011F2000FA01F925EA09052E
:1049C000A7F10D0000EB800004FA00F945EA0905A3
:1049D000F562BDE8F08710B504465248844205D020
:1049E0005148844202D05148844200D104E040F250
:1049F0003F314B48FBF7D2FBA06840F08040A060FD
:104A000010BD70B5044600254648844205D046488E
:104A1000844202D04548844200D104E040F24E3145
:104A20003F48FBF7BBFBA06800F4800008B10125FC
:104A300000E00025284670BD70B504460D46394893
:104A4000844205D03848844202D03848844200D19C
:104A500004E040F26B313248FBF7A0FB0DB1012DB1
:104A600000D104E04FF45B712D48FBF797FB25B1B3
:104A7000A06840F48060A06003E0A06820F480603B
:104A8000A06070BD70B504460D462648844205D02E
:104A90002548844202D02548844200D104E04FF4E6
:104AA00061711F48FBF77AFB0DB1012D00D104E0C5
:104AB00040F285311A48FBF771FB25B1A06840F040
:104AC0000200A06003E0A06820F00200A06070BDBA
:104AD0002DE9F04104460D46002600271148844286
:104AE00005D01148844202D01048844200D104E02D
:104AF00040F2A1310A48FBF751FB012D02DB082DE2
:104B000000DC04E040F2A2310548FBF747FB666891
:104B100026F460466F1E46EA47366660BDE8F081BF
:104B200040C800080020014000210140002201404F
:104B30000423014070B504460D46F948844205D06F
:104B4000F848844202D0F848844200D104E040F2A0
:104B5000BE31F648FBF722FB0DB1012D00D104E078
:104B600040F2BF31F148FBF719FB25B1606840F412
:104B70000060606003E0606820F40060606070BD09
:104B800010B50446E648844205D0E648844202D087
:104B9000E548844200D104E040F2D531E348FBF718
:104BA000FDFAE06C80B210BDE1480068704770B556
:104BB00004460D46DA48844205D0DA48844202D0E1
:104BC000D948844200D104E040F21B41D748FBF7AA
:104BD000E5FA0DB1012D00D104E040F21C41D348AB
:104BE000FBF7DCFA25B1A06840F48070A06003E018
:104BF000A06820F48070A06070BD70B504460D46BA
:104C0000C748844205D0C748844202D0C64884427F
:104C100000D104E040F23341C448FBF7BFFA0DB1C4
:104C2000012D00D104E040F23441C048FBF7B6FA50
:104C300025B1A06840F40070A06003E0A06820F4F3
:104C40000070A06070BD10B504460CB1012C00D1FD
:104C500004E040F24E41B548FBF7A0FA44B1B44835
:104C6000001F006840F40050AD49C1F8040307E09C
:104C7000AF48001F006820F40050A949C1F80403A0
:104C800010BD2DE9F04706460C4691461D4600270B
:104C9000B846BA46A248864205D0A248864202D00B
:104CA000A148864200D104E040F2A6419F48FBF7AC
:104CB00075FA1CB3012C21D0022C1FD0032C1DD05F
:104CC000042C1BD0052C19D0062C17D0072C15D07E
:104CD000082C13D0092C11D00A2C0FD00B2C0DD07E
:104CE0000C2C0BD00D2C09D00E2C07D00F2C05D07E
:104CF000102C03D0112C01D0122C00D104E040F272
:104D0000A7418A48FBF74AFAB9F1010F03DBB9F171
:104D1000040F00DC04E04FF495618448FBF73EFA91
:104D20006DB1012D0BD0022D09D0032D07D0042D1C
:104D300005D0052D03D0062D01D0072D00D104E0AC
:104D400040F2A9417948FBF729FA092C13DDF768ED
:104D5000A4F10A0000EB4001072000FA01F827EA5D
:104D60000807A4F10A0000EB400005FA00F847EA42
:104D70000807F7600EE0376904EB4401072000FAEA
:104D800001F827EA080704EB440005FA00F847EAAF
:104D900008073761B76BC7F3015A09F103000AF13D
:104DA0000101401A00EB80011F2000FA01F827EAF8
:104DB000080709F103000AF10101401A00EB800025
:104DC00004FA00F847EA0807B763BDE8F0872DE961
:104DD000F04104460D46002600275148844205D084
:104DE0005048844202D05048844200D104E040F24E
:104DF000E6414E48FBF7D2F9012D02DB042D00DC21
:104E000004E040F2E7414948FBF7C8F9A66B26F4F5
:104E100040166F1E46EA0756A663BDE8F081F8B556
:104E200005460C461646002000903D48854205D0B8
:104E30003C48854202D03C48854200D104E04FF412
:104E4000A1613A48FBF7AAF9142C05D0182C03D01D
:104E50001C2C01D0202C00D104E040F20951334831
:104E6000FBF79CF9B6F5805F00DA04E040F20A51E6
:104E70002E48FBF793F90095009820440090009885
:104E80000660F8BD70B505460C46002624488542EC
:104E900005D02448854202D02348854200D104E051
:104EA00040F22E512148FBF779F964B3B4F5803F05
:104EB00029D0B4F5003F26D0B4F5403F23D0B4F557
:104EC000802F20D0B4F5A02F1DD0B4F5C02F1AD05C
:104ED000B4F5E02F17D0B4F5002F14D0B4F5102F8F
:104EE00011D0B4F5202F0ED0B4F5302F0BD0B4F57F
:104EF000402F08D0B4F5502F05D0B4F5602F02D064
:104F0000B4F5702F00D104E040F22F510748FBF7B1
:104F100045F9AE6826F470262643AE6070BD0000E9
:104F200000200140002101400022014040C800084B
:104F30000823014070B504460D460026E14884422E
:104F400005D0E148844202D0E048844200D104E028
:104F50004FF4AA61DE48FBF721F945B1B5F5801F92
:104F600005D0B5F5001F02D0B5F5401F00D104E013
:104F700040F25151D648FBF711F9A66826F44016C5
:104F80002E43A66070BD10B50446CE48844205D0BD
:104F9000CD48844202D0CD48844200D104E040F2A2
:104FA0006451CB48FBF7FAF8A06840F48000A06099
:104FB00010BD70B504460025C248844205D0C248E1
:104FC000844202D0C148844200D104E040F27251D0
:104FD000BF48FBF7E3F8A06800F4800008B10125A2
:104FE00000E00025284670BD70B504460D46B54862
:104FF000844205D0B448844202D0B448844200D1EF
:1050000004E040F28E51B248FBF7C8F80DB1012D13
:1050100000D104E040F28F51AD48FBF7BFF825B155
:10502000606840F48060606003E0606820F4806045
:10503000606070BD70B504460D46A248844205D03C
:10504000A148844202D0A148844200D104E04FF438
:10505000B5619F48FBF7A2F80DB1012D00D104E026
:1050600040F2A9519A48FBF799F825B1606840F4DD
:105070008050606003E0606820F48050606070BD24
:1050800038B505460C46002000908E48854205D074
:105090008D48854202D08D48854200D104E040F21F
:1050A000C6518B48FBF77AF8142C05D0182C03D086
:1050B0001C2C01D0202C00D104E040F2C7518448C0
:1050C000FBF76CF8009504F1280000990844009063
:1050D0000098006880B238BD2DE9F04104460D46C5
:1050E000164600277748844205D07748844202D08C
:1050F0007648844200D104E040F231617448FBF705
:105100004DF80EB1012E00D104E040F2326170483A
:10511000FBF744F840F2052085420AD0B5F5837FBD
:1051200007D040F20740854203D042F21A00854280
:1051300000D104E040F233616548FBF72FF8EFB28D
:10514000012000FA07F71EB160683843606002E092
:105150006068B8436060BDE8F08170B505460C46F4
:1051600000265848854205D05748854202D0574806
:10517000854200D104E040F256615548FBF70EF835
:10518000012C09D0022C07D0042C05D0082C03D008
:10519000102C01D0202C00D104E040F257614C4883
:1051A000FAF7FCFF2868204008B1012600E000263D
:1051B000304670BD70B504460D464248844205D065
:1051C0004148844202D04148844200D104E04FF477
:1051D000CF613F48FAF7E2FF05F0C00008B905B11A
:1051E00004E040F279613A48FAF7D8FFE8432060DA
:1051F00070BD2DE9F04105460C4600260027B0465B
:105200003048854205D03048854202D02F4885423B
:1052100000D104E04FF4D2612D48FAF7BFFF40F20D
:10522000052084420AD0B4F5837F07D040F20740BE
:10523000844203D042F21A00844200D104E040F2DA
:1052400091612348FAF7AAFF271268680121A1405B
:1052500000EA01082868384020B1B8F1000F01D0F9
:10526000012600E000263046BDE8F08170B5054615
:105270000C4600261348854205D01348854202D0CB
:105280001248854200D104E040F2B7611048FAF7B5
:1052900085FF40F2052084420AD0B4F5837F07D011
:1052A00040F20740844203D042F21A00844200D107
:1052B00004E04FF4D7610648FAF770FF2612F04376
:1052C000286070BD00200140002101400022014003
:1052D00040C8000810B50446FE4884423AD0FD4854
:1052E0001830844236D0FB483030844232D0F948FE
:1052F000483084422ED0F748603084422AD0F548A6
:105300007830844226D0F3489030844222D0F1484D
:10531000A83084421ED0F04884421BD0EE4818309A
:10532000844217D0EC483030844213D0EA484830E9
:1053300084420FD0E848603084420BD0E648783091
:10534000844207D0E4489030844203D0E248A83039
:10535000844200D103E0BF21E048FAF71FFF206834
:1053600020F001002060002020606060A060E0600C
:10537000206121206061D748844204D13D20D54975
:10538000103988608CE0D3481830844205D14FF43E
:105390007460D0491039886082E0CE483030844251
:1053A00005D14FF47410CB491039886078E0C948B2
:1053B0004830844205D14FF07460C6491039886086
:1053C0006EE0C4486030844204D1C548C1491039F8
:1053D000C86065E0BF487830844204D1C148BD4907
:1053E0001039C8605CE0BB489030844204D1BE48AC
:1053F000B8491039C86053E0B648A830844205D196
:105400004FF03D50B3491039C86049E0B24884427A
:1054100004D13D20B0490839086041E0AE48183059
:10542000844205D14FF47460AB490839086037E015
:10543000A9483030844205D14FF47410A649083988
:1054400008602DE0A4484830844205D14FF07460D4
:10545000A1490839086023E09F486030844204D1A4
:105460009F489D49091F08601AE09B487830844294
:1054700004D19C489849091F086011E09648903073
:10548000844204D198489449091F086008E0924872
:10549000A830844204D14FF03D508F49091F086065
:1054A00010BD70B505460C4600268A4885423AD0A4
:1054B00088481830854236D086483030854232D010
:1054C0008448483085422ED08248603085422AD0B8
:1054D00080487830854226D07E489030854222D060
:1054E0007C48A83085421ED07B4885421BD07A4834
:1054F0001830854217D078483030854213D076482E
:10550000483085420FD07448603085420BD07248D5
:105510007830854207D070489030854203D06E487D
:10552000A830854200D104E04FF49E716B48FAF731
:1055300035FE2068D8B12068B0F1007F17D0206810
:10554000B0F1806F13D02068B0F1C06F0FD0206829
:10555000B0F1006F0BD02068B0F1206F07D0206849
:10556000B0F1406F03D02068B0F1606F00D104E06B
:1055700040F23D115948FAF711FEE06828B1E068A1
:10558000402802D0E068802800D104E04FF49F71E9
:105590005248FAF703FE206920B12069B0F5803F38
:1055A00000D204E040F23F114C48FAF7F7FD606981
:1055B000B0F5007F01D0606900B904E04FF4A0713C
:1055C0004648FAF7EBFDA069B0F5806F01D0A069FD
:1055D00000B904E040F241114048FAF7DFFDE0690C
:1055E00038B1E069B0F5006F03D0E069B0F5805FD5
:1055F00000D104E04FF4A1713848FAF7CFFD206ADA
:1056000038B1206AB0F5005F03D0206AB0F5804F52
:1056100000D104E040F243113048FAF7BFFD606A60
:1056200018B1606AB0F5807F00D104E04FF4A27138
:105630002A48FAF7B3FDA06A58B1A06AB0F5803FD6
:1056400007D0A06AB0F5003F03D0A06AB0F5403F94
:1056500000D104E040F245112048FAF79FFDE06ACE
:1056600010B1E06A042800D104E04FF4A3711B4894
:10567000FAF794FD206B40B1206B012805D0206B18
:10568000022802D0206B032800D104E040F2471129
:105690001248FAF783FD606B58B1606BB0F5000FEC
:1056A00007D0606BB0F1807F03D0606BB0F1C07F3A
:1056B00000D104E04FF4A4710848FAF76FFDA06B25
:1056C000C0B1A06BB0F5001F14D0A06BB0F5800F77
:1056D00010D00BE0106002401064024094C8000833
:1056E0003D000020400F002000003D20A06BB0F5E1
:1056F000C00F00D104E040F24911FE48FAF74EFD18
:105700002E68FD480640E168206808436169084347
:10571000A1690843E1690843216A0843616A0843B3
:10572000A16A0843616B0843A16B084306432E60DE
:105730006E6926F00706D4E90B01084306436E6143
:10574000206968606068A860A068E86070BD00219A
:10575000016041608160C160016141618161C1613D
:10576000016241628162C16201634163816370478A
:1057700070B504460D46E14884423AD0DF481830FF
:10578000844236D0DD483030844232D0DB48483065
:1057900084422ED0D948603084422AD0D74878300D
:1057A000844226D0D5489030844222D0D348A830B5
:1057B00084421ED0D24884421BD0D1481830844243
:1057C00017D0CF483030844213D0CD48483084427F
:1057D0000FD0CB48603084420BD0C9487830844227
:1057E00007D0C7489030844203D0C548A8308442CF
:1057F00000D104E040F2D911BE48FAF7CFFC0DB158
:10580000012D00D104E04FF4ED71BA48FAF7C6FC5F
:1058100025B1206840F00100206003E0206820F0FE
:105820000100206070BD70B504460D46B348844247
:105830003AD0B2481830844236D0B0483030844232
:1058400032D0AE48483084422ED0AC4860308442DA
:105850002AD0AA487830844226D0A8489030844282
:1058600022D0A648A83084421ED0A54884421BD02E
:10587000A3481830844217D0A1483030844213D056
:105880009F48483084420FD09D48603084420BD0FE
:105890009B487830844207D099489030844203D0A6
:1058A0009748A830844200D104E040F2FD119148AD
:1058B000FAF774FC15B1B5F5004F00D104E04FF4D0
:1058C000FF718C48FAF76AFC25B1206840F400406B
:1058D000206003E0206820F40040206070BD70B5B7
:1058E00004460D46854884423AD0844818308442A4
:1058F00036D082483030844232D0804848308442AA
:105900002ED07E48603084422AD07C487830844251
:1059100026D07A489030844222D07848A8308442F9
:105920001ED0774884421BD075481830844217D067
:1059300073483030844213D07148483084420FD0CD
:105940006F48603084420BD06D487830844207D075
:105950006B489030844203D06948A830844200D11B
:1059600004E040F221216348FAF718FC0DB1202D24
:1059700000D104E040F222215E48FAF70FFC25B185
:10598000206840F02000206003E0206820F0200024
:10599000206070BD70B504460D46584884423AD028
:1059A00056481830844236D054483030844232D081
:1059B0005248483084422ED05048603084422AD029
:1059C0004E487830844226D04C489030844222D0D1
:1059D0004A48A83084421ED0494884421BD04848D7
:1059E0001830844217D046483030844213D044489F
:1059F000483084420FD04248603084420BD0404847
:105A00007830844207D03E489030844203D03C48EE
:105A1000A830844200D104E040F275213548FAF7FD
:105A2000BDFB656070BD10B50446344884423AD071
:105A300032481830844236D030483030844232D038
:105A40002E48483084422ED02C48603084422AD0E0
:105A50002A487830844226D028489030844222D088
:105A60002648A83084421ED0254884421BD02448B2
:105A70001830844217D022483030844213D0204856
:105A8000483084420FD01E48603084420BD01C48FE
:105A90007830844207D01A489030844203D01848A6
:105AA000A830844200D104E04FF421711148FAF784
:105AB00075FB606880B210BD70B504460E46154691
:105AC0000E48844242D00D48183084423ED00B48E4
:105AD000303084423AD009484830844236D00748B2
:105AE0006030844232D00548783084422ED003485A
:105AF000903007E094C800083F801CF0106002401E
:105B000010640240844221D0FE4884421ED0FE48E8
:105B100084421BD0FC481830844217D0FA483030F9
:105B2000844213D0F848483084420FD0F6486030A1
:105B300084420BD0F4487830844207D0F248903049
:105B4000844203D0F048A830844200D104E040F2FF
:105B5000D221EE48FAF722FB15B1B5F5002F00D19E
:105B600004E040F2D321E948FAF718FB25B1206898
:105B700040F40020206003E0206820F40020206032
:105B8000266170BD70B504460D46DE48A8388442D3
:105B900039D0DC489038844235D0DA4878388442AD
:105BA00031D0D848603884422DD0D6484838844215
:105BB00029D0D4483038844225D0D248183884427D
:105BC00021D0D04884421ED0CF4884421BD0CE483A
:105BD0001830844217D0CC483030844213D0CA48A1
:105BE000483084420FD0C848603084420BD0C64849
:105BF0007830844207D0C4489030844203D0C248F1
:105C0000A830844200D104E04FF43C71BF48FAF759
:105C1000C5FA0DB1012D00D104E040F2F121BB48DD
:105C2000FAF7BCFA25B1206840F48020206003E038
:105C3000206820F48020206070BD70B504460E46B8
:105C40001546B048A838844239D0AE4890388442CE
:105C500035D0AC487838844231D0AA486038844284
:105C60002DD0A8484838844229D0A64830388442EC
:105C700025D0A4481838844221D0A24884421ED09E
:105C8000A14884421BD0A0481830844217D09E48B7
:105C90003030844213D09C48483084420FD09A4818
:105CA000603084420BD098487830844207D09648C0
:105CB0009030844203D09448A830844200D104E05C
:105CC00040F21A319148FAF769FA15B1B5F5002F8B
:105CD00000D104E040F21B318C48FAF75FFA0DB1B5
:105CE000266100E0E66070BD70B504460025854879
:105CF000A838844239D083489038844235D08148CE
:105D00007838844231D07F48603884422DD07D4835
:105D10004838844229D07B483038844225D079489D
:105D20001838844221D0774884421ED07648844275
:105D30001BD075481830844217D0734830308442E5
:105D400013D07148483084420FD06F48603084428D
:105D50000BD06D487830844207D06B489030844235
:105D600003D06948A830844200D104E040F23531C4
:105D70006648FAF713FA206800F4002008B10125FC
:105D800000E00025284670BD70B5044600255D483A
:105D9000A838844239D05B489038844235D059487D
:105DA0007838844231D05748603884422DD05548E5
:105DB0004838844229D053483038844225D051484D
:105DC0001838844221D04F4884421ED04E48844225
:105DD0001BD04D481830844217D04B483030844295
:105DE00013D04948483084420FD04748603084423D
:105DF0000BD045487830844207D0434890308442E5
:105E000003D04148A830844200D104E040F2A231DE
:105E10003E48FAF7C3F9206800F0010008B10125F7
:105E200000E00025284670BD70B5044600253548C1
:105E3000A838844239D033489038844235D031482C
:105E40007838844231D02F48603884422DD02D4894
:105E50004838844229D02B483038844225D02948FC
:105E60001838844221D0274884421ED026488442D4
:105E70001BD025481830844217D023483030844244
:105E800013D02148483084420FD01F4860308442EC
:105E90000BD01D487830844207D01B489030844294
:105EA00003D01948A830844200D104E04FF4717146
:105EB0001648FAF773F9606900F03805284670BD96
:105EC0002DE9F04105460C464FF0000800270D482B
:105ED000A838854240D00B48903885423CD00948CC
:105EE0007838854238D007486038854234D0054834
:105EF0004838854230D00348303885422CD001489C
:105F0000183805E0B86002401064024094C80008E8
:105F1000854221D0F94885421ED0F94885421BD0E0
:105F2000F7481830854217D0F5483030854213D0F5
:105F3000F348483085420FD0F148603085420BD09D
:105F4000EF487830854207D0ED489030854203D045
:105F5000EB48A830854200D104E040F2E131E94845
:105F6000FAF71CF9E84884427CD0E74810388442AC
:105F700078D0E5481838844274D0E448844271D01F
:105F8000C01E84426ED0E24884426BD0E148844215
:105F900068D0E148844265D0DB48E030844261D07B
:105FA000D948203084425DD0B4F1815F5AD0DB48BB
:105FB000844257D0DA48844254D0DA48844251D0DF
:105FC000D94884424ED0B4F1C05F4BD0B4F1A05F49
:105FD00048D0B4F1905F45D0B4F1885F42D0B4F1BD
:105FE000825F3FD0D14884423CD0D04810388442B0
:105FF00038D0CE481838844234D0001F844231D083
:10600000C01E84422ED0CA4884422BD0C948844244
:1060100028D0C948844225D0C448E030844221D0E9
:10602000C248203084421DD0C44884421AD0C4489B
:10603000844217D0C348844214D0C348844211D04C
:10604000C24884420ED0B4F1205F0BD0B4F1105F8F
:1060500008D0B4F1085F05D0B4F1045F02D0B4F108
:10606000015F00D104E040F2E231A648FAF796F869
:10607000A348854202D2A14EB83E01E0A04E103E98
:1060800004F0005008B1776800E03768B048074076
:1060900007EA040010B14FF0010801E04FF00008DA
:1060A0004046BDE8F08170B504460D469348A838D7
:1060B000844239D091489038844235D08F4878381E
:1060C000844231D08D48603884422DD08B48483886
:1060D000844229D089483038844225D087481838EE
:1060E000844221D0854884421ED0854884421BD0FA
:1060F00083481830844217D081483030844213D00E
:106100007F48483084420FD07D48603084420BD0B5
:106110007B487830844207D079489030844203D05D
:106120007748A830844200D104E040F2224175480B
:10613000FAF734F805F04050B0F1405F07D005F0B1
:10614000405020B18348284008B905B104E040F22E
:1061500023416C48FAF722F86948844202D2674E1C
:10616000B83E01E0664E103E05F0005018B1784888
:106170002840F06002E076482840B06070BD70B5FD
:1061800004460D4616465D48A838844239D05B481F
:106190009038844235D059487838844231D05748B5
:1061A000603884422DD055484838844229D053481D
:1061B0003038844225D051481838844221D04F4885
:1061C00084421ED04E4884421BD04D481830844231
:1061D00017D04B483030844213D04948483084426D
:1061E0000FD04748603084420BD045487830844215
:1061F00007D043489030844203D04148A8308442BD
:1062000000D104E040F24F413E48F9F7C7FF25F0C6
:106210009E0008B905B104E04FF48A613948F9F7E6
:10622000BDFF0EB1012E00D104E040F251413548CE
:10623000F9F7B4FF05F0800048B126B1606940F07D
:106240008000606103E0606920F080006061802D63
:106250000BD02EB1206805F01E010843206004E039
:10626000206805F01E018843206070BD2DE9F047CD
:1062700005460C464FF000080027B9461F48A838CD
:10628000854239D01D489038854235D01B48783832
:10629000854231D01948603885422DD0174848389A
:1062A000854229D015483038854225D01348183802
:1062B000854221D0114885421ED0114885421BD00D
:1062C0000F481830854217D00D483030854213D022
:1062D0000B48483085420FD00948603085420BD0CA
:1062E00007487830854207D005489030854203D072
:1062F0000348A83085422FD133E00000B860024047
:106300001064024094C800082000001004008010AF
:10631000000800100004001000020010000010101F
:1063200000000810000004100000011020000020F0
:1063300000080020000400200002002000002020AF
:1063400000001020000008200000042000000120B0
:106350007D0F7D0F82F082C040F287418D48F9F7B2
:106360001DFF8D48844278D08C48844275D08C487B
:10637000844272D08B4884426FD08B4884426CD068
:106380008A48844269D08A48844266D089488442D7
:1063900063D08448FC3084425FD083483F308442DD
:1063A0005BD08548844258D08448844255D0844884
:1063B000844252D0834884424FD0834884424CD098
:1063C0008248844249D08248844246D081488442EF
:1063D00043D08148844240D0804884423DD08048A8
:1063E00084423AD07F48844237D07F48844234D0B8
:1063F0007E48844231D07E4884422ED07D488442FB
:106400002BD07D48844228D07C48844225D07748D0
:10641000FC30844221D076483F3084421DD07848F9
:1064200084421AD07748844217D07748844214D0E7
:106430007648844211D0764884420ED07548844212
:106440000BD07548844208D07448844205D0744803
:10645000844202D07348844200D104E04FF4916139
:106460004C48F9F79BFE7048854201D26F4E01E01F
:106470006D4E103E6E48204030B11E2000EAD427F9
:10648000286800EA070902E0686900F0800904F062
:10649000005008B1776800E037686648074007EAAF
:1064A000040028B1B9F1000F02D04FF0010801E05B
:1064B0004FF000084046BDE8F08770B504460D4631
:1064C0005A48103084423AD058482830844236D056
:1064D00056484030844232D05448583084422ED0FE
:1064E0005248703084422AD050488830844226D0A6
:1064F0004E48A030844222D04C48B83084421ED04E
:10650000494884421BD048481830844217D0464836
:106510003030844213D04448483084420FD042483F
:10652000603084420BD040487830844207D03E48E7
:106530009030844203D03C48A830844200D104E02B
:1065400040F2D7411348F9F729FE05F04050B0F169
:10655000405F07D005F0405020B11DB136482840BB
:1065600000B904E04FF49B610A48F9F717FE2E4882
:10657000844201D22D4E01E02B4E103E05F000501A
:1065800018B12C482840F06002E02A482840B0604A
:1065900070BD000094C8000820800010104000105A
:1065A0000820001004100010010000900088001066
:1065B0000044001000220010008020100040101045
:1065C0000020081000100410000001900080001846
:1065D0000040001400200012001000110000409044
:1065E00020800020104000200820002004100020FF
:1065F000010000A0008800200044002000220020AC
:1066000000802020004010200020082000100420DE
:10661000000001A00080002800400024002000228B
:1066200000100021000040A0106402400060024001
:106630003C0F3C0F7D0F7D0F820082400020B1494E
:106640000860091D0860091D0860091D0860AE4842
:10665000AC4914310860704770B5044600252079B4
:1066600010B12079042800D103E07C21A748F9F774
:1066700095FD6079082805D060790C2802D06079F2
:10668000102800D103E07D21A048F9F787FD20689C
:106690006FF3160010B9206800B103E07E219B481B
:1066A000F9F77CFDA07910B1A079012800D103E0B1
:1066B0007F219648F9F772FD924DA07990B3284654
:1066C00000682168884329460860081D0068216821
:1066D0008843291D086020790544286821680843FB
:1066E0002860884808300068216888438549083157
:1066F0000860081D00682168884382490C310860E1
:10670000607910280FD1081F0068216808437D496F
:1067100008310860081D00682168084379490C3178
:1067200008600EE007E0774D60790544286821682D
:106730000843286005E020790544286821688843DB
:10674000286070BD0021016001710C2141710021A0
:106750008171704710B50446E00DC00508B904B159
:1067600003E0C1216948F9F719FD66481030006857
:10677000204364491031086010BD70B504460025FF
:10678000012C3AD0022C38D0042C36D0082C34D02E
:10679000102C32D0202C30D0402C2ED0802C2CD05D
:1067A000B4F5807F29D0B4F5007F26D0B4F5806F92
:1067B00023D0B4F5006F20D0B4F5805F1DD0B4F5C0
:1067C000005F1AD0B4F5804F17D0B4F5004F14D045
:1067D000B4F5803F11D0B4F5003F0ED0B4F5802F52
:1067E0000BD0B4F5002F08D0B4F5801F05D0B4F558
:1067F000001F02D0B4F5800F00D103E0E021434830
:10680000F9F7CCFC3F4814300068204008B101255E
:1068100000E00025284670BD10B50446E00DC00517
:1068200008B904B103E0F6213848F9F7B7FC354858
:106830001430046010BD70B5044600250026012CFC
:106840003AD0022C38D0042C36D0082C34D0102C5E
:1068500032D0202C30D0402C2ED0802C2CD0B4F52F
:10686000807F29D0B4F5007F26D0B4F5806F23D087
:10687000B4F5006F20D0B4F5805F1DD0B4F5005F93
:106880001AD0B4F5804F17D0B4F5004F14D0B4F53A
:10689000803F11D0B4F5003F0ED0B4F5802F0BD05F
:1068A000B4F5002F08D0B4F5801F05D0B4F5001F53
:1068B00002D0B4F5800F00D104E04FF48371134887
:1068C000F9F76CFC0F48006800EA04060D48143024
:1068D0000068204010B10EB1012500E000252846D7
:1068E00070BD10B50446E00DC00508B904B104E060
:1068F00040F21D110548F9F751FC024814300460BC
:1069000010BD0000003C0140FFFF7F00E8C8000808
:1069100010B50446FA48844217D0FA48844214D08D
:10692000F948844211D0F94884420ED0F848844294
:106930000BD0F848844208D0F748844205D0F74885
:10694000844202D0F648844200D103E07B21F5481E
:10695000F9F724FCEA48844208D10121084601F0F5
:10696000C1F80021012001F0BDF85EE0E548844255
:1069700008D10121022001F0B5F80021022001F028
:10698000B1F852E0E048844208D10121042001F02E
:10699000A9F80021042001F0A5F846E0DB48844274
:1069A00008D10121082001F09DF80021082001F004
:1069B00099F83AE0D648844208D10121102001F02C
:1069C00091F80021102001F08DF82EE0D14884428A
:1069D00008D10121202001F085F80021202001F0BC
:1069E00081F822E0CC48844208D10121402001F006
:1069F00079F80021402001F075F816E0C74884427C
:106A000008D10121802001F06DF80021802001F0E3
:106A100069F80AE0C248844207D10121801501F0DB
:106A200061F80021A01501F05DF810BD2DE9F041DD
:106A300004460D4600260027B046B148844217D0D0
:106A4000B048844214D0B048844211D0AF48844248
:106A50000ED0AF4884420BD0AE48844208D0AE4836
:106A6000844205D0AD48844202D0AD48844200D172
:106A700003E0BB21AB48F9F791FB002010B928686F
:106A800000B103E0BC21A748F9F788FB287940B1A1
:106A90002879012805D02879022802D028790328EE
:106AA00000D103E0BD219F48F9F778FBE87928B1D0
:106AB000E879012802D0E879022800D103E0BE215C
:106AC0009848F9F76BFB002657E0012000FA06F71B
:106AD000286800EA0708B8454ED1206872000321F3
:106AE00091408843206028797100884021680843DC
:106AF00020602879012802D02879022830D16879CD
:106B000040B16879012805D06879022802D06879F7
:106B1000032800D103E0D0218248F9F73FFBA068A9
:106B20007200032191408843A06068797100884019
:106B3000A1680843A060A87910B1A879012800D104
:106B400003E0D7217748F9F729FB61680120B040BD
:106B5000814361606068A979B14089B2084360608F
:106B6000E0687200032191408843E060E879710099
:106B70008840E1680843E060761C102EA5D3BDE88C
:106B8000F0814FF6FF710160002101714171817147
:106B9000C171704738B504460D464FF480300090FF
:106BA0005748844217D05748844214D056488442EC
:106BB00011D0564884420ED0554884420BD05548D7
:106BC000844208D05448844205D05448844202D0BC
:106BD0005348844200D104E04FF482715148F9F7E0
:106BE000DDFA002008B905B104E040F205114D4876
:106BF000F9F7D4FA0098284300900098E061E56125
:106C00000098E061E0690090E069009038BD70B5DF
:106C100005460C4600263A48854217D03948854239
:106C200014D03948854211D0384885420ED03848B2
:106C300085420BD03748854208D03748854205D079
:106C40003648854202D03648854200D104E04FF4F0
:106C500098713448F9F7A2FA012C25D0022C23D0E0
:106C6000042C21D0082C1FD0102C1DD0202C1BD080
:106C7000402C19D0802C17D0B4F5807F14D0B4F5F7
:106C8000007F11D0B4F5806F0ED0B4F5006F0BD03B
:106C9000B4F5805F08D0B4F5005F05D0B4F5804F3F
:106CA00002D0B4F5004F00D104E040F231111D488C
:106CB000F9F774FA2869204008B1012600E000269F
:106CC000304670BD10B504460D48844217D00D48BB
:106CD000844214D00C48844211D00C4884420ED017
:106CE0000B4884420BD00B48844208D00A488442A7
:106CF00005D00A48844202D00948844214D118E0E1
:106D0000000002400004024000080240000C024063
:106D1000001002400014024000180240001C024013
:106D2000002002403CC900084FF4A371FE48F9F767
:106D300035FA206980B210BD70B505460C460026B4
:106D4000FA48854217D0FA48854214D0F94885425E
:106D500011D0F94885420ED0F84885420BD0F8484A
:106D6000854208D0F748854205D0F748854202D0D1
:106D7000F648854200D104E040F25711EA48F9F79D
:106D80000DFA012C25D0022C23D0042C21D0082C64
:106D90001FD0102C1DD0202C1BD0402C19D0802CA3
:106DA00017D0B4F5807F14D0B4F5007F11D0B4F5BE
:106DB000806F0ED0B4F5006F0BD0B4F5805F08D0B3
:106DC000B4F5005F05D0B4F5804F02D0B4F5004FA4
:106DD00000D104E04FF4AC71D348F9F7DFF96869EA
:106DE000204008B1012600E00026304670BD10B5F5
:106DF0000446CE48844217D0CD48844214D0CD48B2
:106E0000844211D0CC4884420ED0CC4884420BD06E
:106E1000CB48844208D0CB48844205D0CA4884423B
:106E200002D0CA48844200D104E040F26D11BE484D
:106E3000F9F7B4F9606980B210BD70B504460D462B
:106E4000BA48844217D0BA48844214D0B948844220
:106E500011D0B94884420ED0B84884420BD0B8480B
:106E6000844208D0B748844205D0B748844202D053
:106E7000B648844200D104E040F27F11AA48F9F7F5
:106E80008DF9002008B905B104E04FF4C071A6489F
:106E9000F9F784F9258370BD70B504460D46A34803
:106EA000844217D0A248844214D0A248844211D010
:106EB000A14884420ED0A14884420BD0A04884420D
:106EC00008D0A048844205D09F48844202D09F4801
:106ED000844200D104E04FF4C9719348F9F75EF998
:106EE000002008B905B104E040F293118E48F9F78B
:106EF00055F9658370BD70B505460C4616468B483E
:106F0000854217D08A48854214D08A48854211D0DC
:106F1000894885420ED0894885420BD088488542F1
:106F200008D08848854205D08748854202D08748E6
:106F3000854200D104E04FF4D3717B48F9F72EF974
:106F4000012C25D0022C23D0042C21D0082C1FD0BA
:106F5000102C1DD0202C1BD0402C19D0802C17D0E9
:106F6000B4F5807F14D0B4F5007F11D0B4F5806FF4
:106F70000ED0B4F5006F0BD0B4F5805F08D0B4F537
:106F8000005F05D0B4F5804F02D0B4F5004F00D1BA
:106F900004E040F2A7116448F9F700F90EB1012EA0
:106FA00000D104E04FF4D4715F48F9F7F7F80EB15F
:106FB0002C8300E06C8370BD70B504460D465B48C1
:106FC000844217D05A48844214D05A48844211D07F
:106FD000594884420ED0594884420BD058488442C4
:106FE00008D05848844205D05748844202D05748B8
:106FF000844200D104E040F2BD114B48F9F7CEF8CD
:10700000656170BD70B504460D464848844217D08E
:107010004748844214D04748844211D046488442AD
:107020000ED0464884420BD04548844208D045489B
:10703000844205D04448844202D04448844200D16E
:1070400004E040F2CB113848F9F7A8F860696840CD
:10705000606170BD2DE9F04106460D4614460027DB
:10706000B8463248864217D03148864214D031485B
:10707000864211D0304886420ED0304886420BD02E
:107080002F48864208D02F48864205D02E48864297
:1070900002D02E48864200D104E040F21721224857
:1070A000F9F77CF8EDB1012D1BD0022D19D0032D7D
:1070B00017D0042D15D0052D13D0062D11D0072D76
:1070C0000FD0082D0DD0092D0BD00A2D09D00B2D76
:1070D00007D00C2D05D00D2D03D00E2D01D00F2D76
:1070E00000D104E04FF406710F48F9F757F87CB36C
:1070F000092C47D064B35CB354B34CB3012C41D0DA
:1071000040D0022C3ED03DD03CD0032C3AD0042CB1
:1071100038D037D036D0052C34D033D0092C31D0EC
:10712000062C2FD0092C14E03CC9000800000240B6
:107130000004024000080240000C0240001002401F
:107140000014024000180240001C024000200240CF
:1071500018E017D0072C15D014D013D0082C11D05C
:1071600010D00FD0092C0DD00CD00A2C0AD009D089
:107170000B2C07D00C2C05D004D003D00D2C01D043
:107180000F2C00D104E040F219211248F9F706F85B
:107190006807C00E04FA00F7E91006F1200050F865
:1071A00021006907CA0E0F2191408843EA1006F1B9
:1071B000200141F82200E91006F1200050F82100DA
:1071C00040EA0708E91006F1200040F82180BDE8F8
:1071D000F08100003CC90008F948006840F0010057
:1071E000F74908600020F64908310860F448006853
:1071F000F4490840F2490860F348091D0860081F77
:10720000006820F48020091F08600020EC490C3140
:107210000860704710B504461CB1012C01D0052C44
:1072200000D103E0F021E948F8F7B8FF0020E44975
:10723000891C08700846047010BD2DE9F041044611
:10724000002500260027212C17D0312C15D0392CF1
:1072500013D0412C11D0612C0FD0792C0DD07A2C69
:107260000BD07B2C09D07C2C07D07D2C05D07E2C1C
:1072700003D07F2C01D03B2C00D104E040F29C6174
:10728000D248F8F78BFF6511012D02D1CC48066872
:1072900008E0022D03D1CA487030066802E0C848F1
:1072A0007430066804F01F050120A840304008B182
:1072B000012700E000273846BDE8F08138B50020FE
:1072C00000900024002500BF3120FFF7B6FF0546DF
:1072D0000098401C00900098B0F5A06F01D0002DE0
:1072E000F2D03120FFF7A9FF08B1012400E000240B
:1072F000204638BD70B5044600251F2C00DC04E094
:107300004FF49471B148F8F749FFAD48056825F08E
:10731000F80545EAC405056070BD10B504460CB11A
:10732000012C00D104E040F24B11A848F8F736FFD9
:10733000A748046010BD10B504461CB1012C01D053
:10734000042C00D104E04FF4B271A048F8F726FFF6
:1073500000209B49703108700870012C02D0042C69
:107360000AD104E0012096497031087005E005203B
:1073700093497031087000E000BF00BF10BD10B528
:1073800004460CB1012C00D104E04FF4C6718F48C3
:10739000F8F704FF8F48046010BD2DE9F041054661
:1073A0000F4616461C46DDF8188015B1B5F5800F5E
:1073B00000D104E040F2B7118448F8F7EFFE3F2F08
:1073C00000D804E04FF4DC718048F8F7E7FEC02EE7
:1073D00003D3B6F5D87F00D804E040F2B9117B485A
:1073E000F8F7DCFE022C05D0042C03D0062C01D0CB
:1073F000082C00D104E04FF4DD717448F8F7CEFE9C
:10740000B8F1040F03D3B8F10F0F00D804E040F235
:10741000BB116E48F8F7C2FE47EA86100121C1EBA6
:10742000540140EA0140284340EA08606449091DCC
:107430000860BDE8F08110B504460CB1012C00D104
:1074400004E04FF4E7716148F8F7A8FE604804666D
:1074500010BD70B505460C46C02D03D3B5F5D87FD9
:1074600000D804E04FF4F4715848F8F797FE022C66
:1074700002D3072C00D804E040F2E9115348F8F792
:107480008DFEA80140EA04704D498431086070BD4A
:1074900010B504460CB1012C00D104E040F2F71104
:1074A0004A48F8F77BFE4A48846610BD10B504468A
:1074B0000CB1012C00D104E040F209214348F8F757
:1074C0006DFE4348C46410BD70B505460C460026E9
:1074D00045B1B5F5001F05D0B5F5800F02D0B5F563
:1074E000C00F00D104E04FF409713848F8F756FE98
:1074F0005CB1B4F1806F08D0B4F1A06F05D0B4F1E5
:10750000C06F02D0B4F1E06F00D104E040F2252159
:107510002E48F8F743FE2A480830066826F0EC6645
:1075200045EA0400064326480830066070BD70B581
:1075300005460C46002645B1B5F1804F05D0B5F1A2
:10754000004F02D0B5F1404F00D104E040F24A2193
:107550001E48F8F723FE5CB1B4F1005F08D0B4F127
:10756000205F05D0B4F1405F02D0B4F1605F00D17C
:1075700004E040F24B211548F8F710FE104808309F
:10758000066826F0784645EA040006430C480830B1
:10759000066070BD70B5044600251CB1012C01D0F9
:1075A000022C00D104E04FF42D710848F8F7F6FDE5
:1075B00003480830056825F003052543056070BDC4
:1075C00000380240FFFFF6FE1030002490C900088A
:1075D00000004742800E4742F648006800F00C0069
:1075E000704770B5044600257CB1802C0DD0902CDE
:1075F0000BD0A02C09D0B02C07D0C02C05D0D02C9B
:1076000003D0E02C01D0F02C00D104E040F2E921BD
:10761000E948F8F7C3FDE748056825F0F00525437C
:10762000056070BD70B5044600255CB1B4F5805F9F
:1076300008D0B4F5A05F05D0B4F5C05F02D0B4F5B2
:10764000E05F00D104E040F20931DB48F8F7A6FD25
:10765000D848056825F4E0552543056070BD70B530
:10766000044600255CB1B4F5805F08D0B4F5A05F96
:1076700005D0B4F5C05F02D0B4F5E05F00D104E0FE
:107680004FF44A71CC48F8F789FDCA48056825F4DB
:10769000604545EAC405056070BDF0B500210022D3
:1076A0000024022500260223C24F3F6807F00C0188
:1076B00021B1042905D0082937D105E0BF4F076063
:1076C00036E0BF4F076033E0BA4F3F1F3F68C7F354
:1076D0008056B84F3F1F3F6807F03F036EB1B84F69
:1076E000B7FBF3F7DFF8CCC2ACF1040CDCF800C058
:1076F000CCF3881C07FB0CF40CE0B04FB7FBF3F79E
:10770000DFF8B0C2ACF1040CDCF800C0CCF3881C8C
:1077100007FB0CF4A74F3F1F3F68C7F301477F1CCF
:107720007D00B4FBF5F7076002E0A44F076000BFDF
:1077300000BFA04F3F6807F0F0010909A14F7A5C34
:107740000768D74047609B4F3F6807F4E051890ABC
:107750009C4F7A5C4768D7408760964F3F6807F434
:107760006041490B974F7A5C4768D740C760F0BDCE
:1077700070B504460025B4F5807F5CD0B4F5007F79
:1077800059D09148844256D09048844253D0904872
:10779000844250D08F4884424DD08F4884424AD092
:1077A0008E48844247D08E48844244D08D488442DB
:1077B00041D08D4884423ED08C4884423BD08C4896
:1077C000844238D08B48844235D08B48844232D0B2
:1077D0008A4884422FD08A4884422CD089488442E7
:1077E00029D08948844226D08848844223D08848BA
:1077F000844220D0874884421DD0874884421AD0D2
:107800008648844217D08648844214D085488442F2
:1078100011D0854884420ED0844884420BD08448DD
:10782000844208D08348844205D08348844202D0F1
:107830008248844200D104E040F2D9315E48F8F732
:10784000ADFC04F44070B0F5407F09D1594805689B
:1078500025F4F8157A4904EA010005435548056006
:10786000544868300068C4F30B010843514968313B
:10787000086070BD10B504460CB1012C00D104E0C5
:1078800040F2F7314C48F8F789FC6E48046010BDAF
:1078900010B504460CB1012C00D104E04FF4816115
:1078A0004548F8F77BFC6748001D046010BD10B523
:1078B00004460CB1012C00D104E040F219413E48CD
:1078C000F8F76CFC6048046010BD70B504460D46C6
:1078D0005E48204008B904B104E04FF4886136489E
:1078E000F8F75CFC0DB1012D00D104E040F24241FB
:1078F0003148F8F753FC3DB12E482830006820434A
:107900002C492831086006E02A4828300068A04346
:1079100028492831086070BD70B504460D4624F032
:10792000F10008B904B104E04FF48C612248F8F783
:1079300035FC0DB1012D00D104E040F261411E483B
:10794000F8F72CFC3DB11B482C3000682043194946
:107950002C31086006E017482C300068A043154918
:107960002C31086070BD70B504460D4624F001004E
:1079700008B904B104E040F27B410F48F8F70EFC6F
:107980000DB1012D00D104E040F27C410A48F8F726
:1079900005FC3DB1074830300068204305493031CF
:1079A000086006E0034830300068A04301493031E8
:1079B000086070BD0838024090C900080024F40037
:1079C00000127A0098010020000302000003030067
:1079D0000003040000030500000306000003070085
:1079E000000308000003090000030A0000030B0065
:1079F00000030C0000030D0000030E0000030F0045
:107A00000003100000031100000312000003130024
:107A10000003140000031500000316000003170004
:107A2000000318000003190000031A0000031B00E4
:107A300000031C0000031D0000031E0000031F00C4
:107A4000FFFCFF0F3C0E47425C01474200EE8B817A
:107A500070B504460D46FA48204008B904B104E068
:107A600040F2AD41F748F8F799FB0DB1012D00D177
:107A700004E040F2AE41F348F8F790FB2DB1F24834
:107A800000682043F049086004E0EF480068A04324
:107A9000ED49086070BD70B504460D46EB482040C6
:107AA00008B904B104E040F2D541E648F8F776FBA6
:107AB0000DB1012D00D104E040F2D641E148F8F7C4
:107AC0006DFB3DB1E048001D00682043DE49091D03
:107AD000086006E0DC48001D0068A043DA49091D83
:107AE000086070BD70B504460D46D948204008B9FD
:107AF00004B104E040F2FC41D248F8F74FFB0DB16D
:107B0000012D00D104E040F2FD41CE48F8F746FBDC
:107B10003DB1CD48303800682043CB49303908604A
:107B200006E0C94830380068A043C74930390860CA
:107B300070BD70B504460D4624F0F10008B904B1DB
:107B400004E040F21951BF48F8F728FB0DB1012DB0
:107B500000D104E040F21A51BA48F8F71FFB3DB1DA
:107B6000B9482C3800682043B7492C39086006E032
:107B7000B5482C380068A043B3492C39086070BD63
:107B800070B504460D4624F0010008B904B104E0C4
:107B900040F23151AB48F8F701FB0DB1012D00D196
:107BA00004E040F23251A748F8F7F8FA3DB1A64890
:107BB000283800682043A4492839086006E0A24814
:107BC00028380068A043A0492839086070BD70B506
:107BD00004460D469A48204008B904B104E04FF429
:107BE000AC619848F8F7DAFA0DB1012D00D104E044
:107BF00040F261519348F8F7D1FA3DB192482038EC
:107C00000068204390492039086006E08E482038FB
:107C10000068A0438C492039086070BD70B50446E7
:107C20000D468C48204008B904B104E040F284516C
:107C30008448F8F7B3FA0DB1012D00D104E040F209
:107C400085518048F8F7AAFA3DB17F481C38006892
:107C500020437D491C39086006E07B481C380068D9
:107C6000A04379491C39086070BD70B504460D46C3
:107C70007948204008B904B104E040F2B25171489B
:107C8000F8F78CFA0DB1012D00D104E040F2B351A8
:107C90006C48F8F783FA3DB16B4810300068204318
:107CA00069491031086006E0674810300068A04359
:107CB00065491031086070BD70B504460D4624F06A
:107CC000F10008B904B104E040F2D2515D48F8F780
:107CD00065FA0DB1012D00D104E040F2D3515948AD
:107CE000F8F75CFA3DB15848143000682043564913
:107CF0001431086006E0544814300068A04352492B
:107D00001431086070BD70B504460D4624F00100C2
:107D100008B904B104E040F2ED514A48F8F73EFAE0
:107D20000DB1012D00D104E040F2EE514548F8F7C5
:107D300035FA3DB1444818300068204342491831B3
:107D4000086006E0404818300068A0433E491831FA
:107D5000086070BD70B504460D463948204008B92A
:107D600004B104E040F21F613648F8F717FA0DB18C
:107D7000012D00D104E04FF4C4613248F8F70EFA47
:107D80003DB131482030006820432F492031086040
:107D900006E02D4820300068A0432B4920310860C0
:107DA00070BD70B504460D462848204008B904B19E
:107DB00004E040F247612348F8F7F0F90DB1012DD6
:107DC00000D104E04FF4C9611E48F8F7E7F93DB16E
:107DD0001D482430006820431B492431086006E018
:107DE000194824300068A04317492431086070BD49
:107DF00070B504460D4604F0C00008B904B104E0B3
:107E000040F274610F48F8F7C9F90DB1012D00D1A6
:107E100004E040F275610B48F8F7C0F93DB10A483B
:107E200033380078204308493339087006E00648A3
:107E300033380078A04304493339087070BD00001E
:107E4000003601C990C9000840380240CCA0F8FFB4
:107E500000EE9FDDCCA6F8FF006E98811B480068FD
:107E600040F0807019490860704770B504460025DD
:107E7000012C0BD0022C09D0042C07D0082C05D0E3
:107E8000102C03D0802C01D0202C00D104E040F233
:107E9000DA610F48F8F782F90C486838006820402A
:107EA00008B1012500E00025284670BD10B5044644
:107EB00004F0400008B904B104E040F2F96104485C
:107EC000F8F76CF901486638047010BD7438024048
:107ED00090C9000810B50446FE48844226D0B4F18B
:107EE000804F23D0FC48844220D0FC4884421DD0DF
:107EF000FB4884421AD0FB48844217D0FA48844297
:107F000014D0FA48844211D0F94884420ED0F9487E
:107F100084420BD0F848844208D0F848844205D007
:107F2000F748844202D0F748844200D103E0C521DB
:107F3000F548F8F733F9E748844208D101210846AB
:107F4000FFF76CFE00210120FFF768FE9DE0B4F111
:107F5000804F08D101210846FFF739FE002101209A
:107F6000FFF735FE91E0DC48844208D10121022070
:107F7000FFF72DFE00210220FFF729FE85E0D748FC
:107F8000844208D101210420FFF721FE00210420B2
:107F9000FFF71DFE79E0D248844208D10121082074
:107FA000FFF715FE00210820FFF711FE6DE0CD4818
:107FB000844208D101211020FFF709FE0021102082
:107FC000FFF705FE61E0C848844208D10121202066
:107FD000FFF7FDFD00212020FFF7F9FD55E0C34824
:107FE000844208D101210220FFF718FE002102205F
:107FF000FFF714FE49E0BE48844209D1012108047C
:10800000FFF70CFE00214FF48030FFF707FE3CE045
:10801000B848844209D101214804FFF7FFFD00213F
:108020004FF40030FFF7FAFD2FE0B348844209D146
:1080300001218804FFF7F2FD00214FF48020FFF7B3
:10804000EDFD22E0AD48844208D101214020FFF738
:10805000BEFD00214020FFF7BAFD16E0A84884428B
:1080600008D101218020FFF7B2FD00218020FFF719
:10807000AEFD0AE0A348844207D101218015FFF735
:10808000A6FD0021A015FFF7A2FD10BD70B50446A6
:108090000D4600268F48844226D0B4F1804F23D06D
:1080A0008D48844220D08D4884421DD08C48844223
:1080B0001AD08C48844217D08B48844214D08B4805
:1080C000844211D08A4884420ED08A4884420BD020
:1080D0008948844208D08948844205D0884884422F
:1080E00002D08848844200D104E040F21F11864843
:1080F000F8F754F8688858B16888102808D068885C
:10810000202805D06888402802D06888602800D1DF
:1081100004E04FF490717C48F8F740F8288938B1B2
:108120002889B0F5807F03D02889B0F5007F00D181
:1081300004E040F221117448F8F730F826886548C9
:1081400084420ED0694884420BD0B4F1804F08D0ED
:108150006148844205D06148844202D0604884422C
:1081600004D14FF68F700640688806435D4884420C
:1081700007D05D48844204D04FF6FF40064028896E
:10818000064326806868E06228882085514884423A
:1081900002D05648844201D1A87A20860120A082CC
:1081A00070BD4FF0FF3141600021018001814180AD
:1081B0008172704770B504460E46154645488442A4
:1081C00026D0B4F1804F23D04348844220D0434886
:1081D00084421DD0424884421AD04248844217D07B
:1081E0004148844214D04148844211D040488442DE
:1081F0000ED0404884420BD03F48844208D03F48CC
:10820000844205D03E48844202D03E48844200D198
:1082100004E040F265113C48F7F7C0FF0DB1012DB5
:1082200000D104E04FF4B3713748F7F7B7FF268564
:10823000A58270BD70B504460D46002625488442CF
:108240000ED0B4F1804F0BD02348844208D023488D
:10825000844205D02248844202D02448844200D17E
:1082600004E04FF4BF712848F7F798FF3DB1102D97
:1082700005D0202D03D0402D01D0602D00D104E089
:1082800040F27F112048F7F789FF26884FF68F705C
:1082900006402E43268070BD70B504460D460D483D
:1082A000844243D0B4F1804F40D00B4884423DD04B
:1082B0000A4884423AD00A48844237D00948844266
:1082C00034D00948844231D0084884422ED008482E
:1082D00084421BE000000140000400400008004010
:1082E000000C004000100040001400400004014059
:1082F0000040014000440140004801400018004097
:10830000001C004000200040E4C900080ED0FC48DA
:1083100084420BD0FB48844208D0FB48844205D0FD
:10832000FA48844202D0FA48844200D104E04FF473
:10833000CB71F848F7F732FF656270BD70B504463F
:108340000D46F548844226D0B4F1804F23D0F3483F
:10835000844220D0F24884421DD0F24884421AD090
:10836000F148844217D0F148844214D0F048844246
:1083700011D0F04884420ED0E14884420BD0E1484D
:10838000844208D0E048844205D0E048844202D0CC
:10839000DF48844200D104E040F2A511DD48F7F740
:1083A000FDFEE56270BD10B50446DB48844226D070
:1083B000B4F1804F23D0D948844220D0D848844299
:1083C0001DD0D84884421AD0D748844217D0D74805
:1083D000844214D0D648844211D0D64884420ED06C
:1083E000C74884420BD0C748844208D0C64884425C
:1083F00005D0C648844202D0C548844200D104E07A
:1084000040F2B311C348F7F7C9FE606A10BD10B55A
:108410000446C148844226D0B4F1804F23D0BF48DF
:10842000844220D0BE4884421DD0BE4884421AD027
:10843000BD48844217D0BD48844214D0BC48844211
:1084400011D0BC4884420ED0AD4884420BD0AD4818
:10845000844208D0AC48844205D0AC48844202D063
:10846000AB48844200D104E040F2C111A948F7F7BB
:1084700095FE208D10BD70B504460D46A648844279
:1084800026D0B4F1804F23D0A448844220D0A44801
:1084900084421DD0A34884421AD0A348844217D0F6
:1084A000A248844214D0A248844211D0A1488442F8
:1084B0000ED0934884420BD09248844208D0924810
:1084C000844205D09148844202D09148844200D130
:1084D00004E040F2D1118F48F7F760FE0DB1012D95
:1084E00000D104E04FF4E9718A48F7F757FE25B14F
:1084F000208840F00200208004E020884FF6FD71C3
:108500000840208070BD70B504460D468248844204
:1085100026D0B4F1804F23D08048844220D08048B8
:1085200084421DD07F4884421AD07F48844217D0AD
:108530007E48844214D07E48844211D07D488442D3
:108540000ED06F4884420BD06E48844208D06E48EB
:10855000844205D06D48844202D06D48844200D1E7
:1085600004E04FF4F7716B48F7F718FE0DB1012DD9
:1085700000D104E040F2EF116648F7F70FFE25B195
:10858000208840F00400208004E020884FF6FB7132
:108590000840208070BD70B504460D465E48844298
:1085A00026D0B4F1804F23D05C48844220D05C4870
:1085B00084421DD05B4884421AD05B48844217D065
:1085C0005A48844214D05A48844211D059488442AF
:1085D0000ED04B4884420BD04A48844208D04A48C7
:1085E000844205D04948844202D04948844200D19F
:1085F00004E040F207214748F7F7D0FD0DB1012D07
:1086000000D104E04FF402714248F7F7C7FD25B1ED
:10861000208840F08000208004E020884FF67F71A1
:108620000840208070BD70B504460D463A4884422B
:1086300026D0B4F1804F23D03848844220D0384827
:1086400084421DD0374884421AD03748844217D01C
:108650003648844214D03648844211D0354884428A
:108660000ED0274884420BD02648844208D02648A2
:10867000844205D02548844202D02548844200D156
:1086800004E040F222212348F7F788FD082D00D0AE
:1086900005B904E040F223211E48F7F77FFD20884A
:1086A0004FF6F7710840208020882843208070BD55
:1086B00070B504460D461848844220D0B4F1804F6E
:1086C0001DD0164884421AD01548844217D0154848
:1086D000844214D01648844211D0164884420ED0E9
:1086E000074884420BD00748844208D00648844299
:1086F00005D00648844202D0054884421CD120E0BF
:10870000004401400048014000180040001C0040A7
:1087100000200040E4C900080000014000040040BF
:1087200000080040000C0040001000400014004011
:10873000000401400040014040F23921FC48F7F7B5
:108740002DFD2DB1B5F5807F02D0B5F5007F00D1AC
:1087500004E040F23A21F648F7F720FD20884FF672
:10876000FF410840208020882843208070BD70B5DC
:1087700004460D46EF48844226D0B4F1804F23D002
:10878000ED48844220D0ED4884421DD0EC4884421C
:108790001AD0EC48844217D0EB48844214D0EB48FE
:1087A000844211D0EA4884420ED0EA4884420BD079
:1087B000E948844208D0E948844205D0E848844228
:1087C00002D0E848844200D104E040F24D21D8486C
:1087D000F7F7E4FC0DB1012D00D104E040F24E2189
:1087E000D348F7F7DBFC25B1208840F0010020805A
:1087F00004E020884FF6FE710840208070BD2DE90E
:10880000F04105460C464FF0000800260027C948F5
:10881000854220D0B5F1804F1DD0C74885421AD07F
:10882000C648854217D0C648854214D0C7488542FD
:1088300011D0C74885420ED0C64885420BD0C648E5
:10884000854208D0C548854205D0C548854202D03A
:10885000C448854200D104E040F29E21B448F7F7B5
:108860009DFC208870B1208810280BD020882028FB
:1088700008D02088302805D02088602802D02088A1
:10888000702800D104E040F29F21A948F7F786FC48
:10889000608810B16088012800D104E04FF428718D
:1088A000A348F7F77BFCA08910B1A089022800D16A
:1088B00004E040F2A1219E48F7F770FC288C4FF6A7
:1088C000FE71084028842E8CAF88B5F818804FF6CA
:1088D0008F7008EA0008881E08EA0008208840EA2D
:1088E0000808481E0640A089064360880643914850
:1088F000854202D09548854241D1A08810B1A08818
:10890000042800D104E040F2BE218948F7F746FC74
:10891000E08910B1E089082800D104E040F2BF21CD
:108920008348F7F73BFC608AB0F5007F01D0608A8E
:1089300000B904E04FF430717D48F7F72FFC208A2E
:10894000B0F5807F01D0208A00B904E040F2C12157
:108950007748F7F723FC4FF6F7700640E0890643A7
:108960004FF6FB700640A08806434FF6FF600740B5
:108970004FF6FF500740208A0743608A0743AF80C5
:10898000A5F81880A06868632E84BDE8F0812DE901
:10899000F04105460C464FF00008002600276548C8
:1089A000854214D0B5F1804F11D0634885420ED076
:1089B000624885420BD06248854208D063488542B0
:1089C00005D06348854202D06448854200D104E066
:1089D00040F2EF215648F7F7E1FB208870B120887C
:1089E00010280BD02088202808D02088302805D0D7
:1089F0002088602802D02088702800D104E04FF43D
:108A00003C714B48F7F7CAFB608810B160880128B9
:108A100000D104E040F2F1214548F7F7BFFBA089FF
:108A200010B1A089022800D104E040F2F2214048B0
:108A3000F7F7B4FB288C4FF6EF71084028842E8C92
:108A4000AF88B5F8188048F6FF7008EA00084FF6BE
:108A5000FF4008EA000820884FF6FF7101EA002075
:108A600040EA08084FF6DF700640A08901EA0010CE
:108A70000643608801EA001006432E48854202D072
:108A8000324885424BD1A08810B1A088042800D17B
:108A900004E04FF444712648F7F780FBE08910B1F9
:108AA000E089082800D104E040F211312048F7F7AE
:108AB00075FB608AB0F5007F01D0608A00B904E0E0
:108AC00040F212311A48F7F769FB208AB0F5807F2F
:108AD00001D0208A00B904E040F213311448F7F7BE
:108AE0005DFB4FF67F700640E0894FF6FF7101EAAB
:108AF000001006434FF6BF700640A08801EA001040
:108B000006434FF6FF3007404FF2FF700740208AC0
:108B100001EA80000743608A01EA80000743AF80D2
:108B2000A5F81880A068A8632E84BDE8F081000035
:108B3000E4C90008000001400004004000080040B3
:108B4000000C0040001000400014004000040140F0
:108B5000004001400044014000480140001800402E
:108B6000001C0040002000402DE9F04105460C4665
:108B70004FF0000800260027FE4885420ED0B5F1D0
:108B8000804F0BD0FC48854208D0FC48854205D078
:108B9000FB48854202D0FB48854200D104E04FF4F7
:108BA0005071F948F7F7FAFA208870B12088102838
:108BB0000BD02088202808D02088302805D0208895
:108BC000602802D02088702800D104E040F24131B2
:108BD000ED48F7F7E3FA608810B16088012800D10A
:108BE00004E040F24231E848F7F7D8FAA08910B122
:108BF000A089022800D104E040F24331E248F7F7AF
:108C0000CDFA288C4FF6FF61084028842E8CAF885F
:108C1000B5F81C804FF68F7008EA00084FF6FC701C
:108C200008EA0008208840EA08084FF6FF5006408E
:108C3000A0894FF6FF7101EA00200643608801EA2F
:108C400000200643CB48854202D0CE4885424BD116
:108C5000A08810B1A088042800D104E04FF4587116
:108C6000C948F7F79BFAE08910B1E089082800D1DC
:108C700004E040F26131C448F7F790FA608AB0F539
:108C8000007F01D0608A00B904E040F26231BE4842
:108C9000F7F784FA208AB0F5807F01D0208A00B9E6
:108CA00004E040F26331B848F7F778FA4FF2FF700A
:108CB0000640E0894FF6FF7101EA002006434FF6B7
:108CC000FF300640A08801EA002006434EF6FF7000
:108CD00007404DF6FF700740208A01EA0010074365
:108CE000608A01EA00100743AF80A5F81C80A068E5
:108CF000E8632E84BDE8F0812DE9F04104460D467D
:108D000000270026B0469B4884420ED0B4F1804F25
:108D10000BD09948844208D09848844205D098489E
:108D2000844202D09748844200D104E04FF4647139
:108D30009548F7F733FA288870B1288810280BD0A7
:108D40002888202808D02888302805D0288860283E
:108D500002D02888702800D104E040F291318A487E
:108D6000F7F71CFA688810B16888012800D104E080
:108D700040F292318448F7F711FAA88910B1A88916
:108D8000022800D104E040F293317F48F7F706FA59
:108D9000208C4EF6FF7108402084268CB4F80480A5
:108DA000A78B48F6FF7007404FF6FF400740288822
:108DB0004FF6FF7101EA002007434DF6FF700640B1
:108DC000A88901EA00300643688801EA00300643BA
:108DD0006848844202D06B48844216D1288AB0F594
:108DE000807F01D0288A00B904E040F2B1316648A2
:108DF000F7F7D4F94BF6FF7008EA0008288A4FF617
:108E0000FF7101EA801040EA0808A4F80480A783F3
:108E1000A86820642684BDE8F0810021018041809B
:108E2000818081608181C1810182418270472DE909
:108E3000F04104460F4615460026B0464D48844290
:108E400020D0B4F1804F1DD04B4884421AD04B48FB
:108E5000844217D04A48844214D04A48844211D0F0
:108E60004A4884420ED04A4884420BD04948844242
:108E700008D04948844205D04848844202D0484836
:108E8000844200D104E04FF47D713F48F7F786F942
:108E90002FB1042F03D0082F01D00C2F00D104E0F4
:108EA00040F2F5313848F7F779F96DB1102D0BD054
:108EB000202D09D0302D07D0602D05D0702D03D086
:108EC000502D01D0402D00D104E040F2F6312E4863
:108ED000F7F764F9264618360120B8401FFA80F8E3
:108EE000208C20EA080020840FB1082F0AD106EB5D
:108EF000670630684FF68F7108403060306828434D
:108F000030600FE0381FC0F34E000644306848F66A
:108F1000FF710840306030684FF6FF7101EA0521AB
:108F200008433060BDE8F08170B504460D46114835
:108F3000844239D0B4F1804F36D00F48844233D0C8
:108F40000E48844230D00E4884422DD00D488442D1
:108F50002AD00E48844227D00D48844224D00D48A0
:108F6000844221D00C4884421ED00C4884421BD03D
:108F70000B4817E0000001400004004000080040DA
:108F8000000C004000040140E4C90008004001401A
:108F9000004401400048014000180040001C00400F
:108FA00000200040844200D104E040F21F41FB4811
:108FB000F7F7F4F8656370BD70B504460D46F848E0
:108FC000844214D0B4F1804F11D0F64884420ED0C0
:108FD000F54884420BD0F548844208D0F4488442D6
:108FE00005D0F448844202D0F348844200D104E022
:108FF00040F22F41E948F7F7D1F8A56370BD70B58D
:1090000004460D46E64884420ED0B4F1804F0BD0A2
:10901000E448844208D0E448844205D0E3488442CE
:1090200002D0E348844200D104E040F23E41DB48F4
:10903000F7F7B4F8E56370BD70B504460D46D8483F
:1090400084420ED0B4F1804F0BD0D648844208D071
:10905000D548844205D0D548844202D0D4488442C1
:1090600000D104E040F24D41CC48F7F797F8256471
:1090700070BD70B504460D460026C948844220D014
:10908000B4F1804F1DD0C74884421AD0C6488442EC
:1090900017D0C648844214D0C548844211D0C54870
:1090A00084420ED0C54884420BD0C548844208D0C3
:1090B000C148844205D0C348844202D0C248844299
:1090C00000D104E040F26141B448F7F767F8502D51
:1090D00001D0402D00D104E040F26241AF48F7F7E3
:1090E0005DF8268B4FF68F7006402E43268370BDA9
:1090F00070B504460D460026A948844214D0B4F148
:10910000804F11D0A74884420ED0A74884420BD08C
:10911000A648844208D0A648844205D0A548844287
:1091200002D0A548844200D104E040F27E419B4831
:10913000F7F734F8502D01D0402D00D104E040F273
:109140007F419648F7F72AF8268B48F6FF700640CD
:109150004FF6FF7000EA05200643268370BD70B508
:1091600004460D4600268E4884420ED0B4F1804F4E
:109170000BD08C48844208D08B48844205D08B4861
:10918000844202D08A48844200D104E040F29A41ED
:109190008248F7F703F8502D01D0402D00D104E0AC
:1091A00040F29B417D48F6F7F9FFA68B4FF68F7092
:1091B00006402E43A68370BD70B504460D460026BA
:1091C000774884420ED0B4F1804F0BD0754884426A
:1091D00008D07548844205D07448844202D074484F
:1091E000844200D104E040F2B7416C48F6F7D6FF64
:1091F000502D01D0402D00D104E04FF49761674815
:10920000F6F7CCFFA68B48F6FF7006404FF6FF70CE
:1092100000EA05200643A68370BD70B504460D46DE
:1092200000265F48844220D0B4F1804F1DD05D48B5
:1092300084421AD05C48844217D05C48844214D0DF
:109240005B48844211D05B4884420ED05B48844224
:109250000BD05B48844208D05748844205D0594817
:10926000844202D05848844200D104E040F2D34105
:109270004A48F6F793FF082D00D005B904E040F204
:10928000D4414648F6F78AFF268B4FF6F770064022
:109290002E43268370BD70B504460D460026404817
:1092A000844214D0B4F1804F11D03E4884420ED095
:1092B0003D4884420BD03D48844208D03C4884421B
:1092C00005D03C48844202D03B48844200D104E0AF
:1092D00040F2F1413148F6F761FF082D00D005B9A1
:1092E00004E040F2F2412D48F6F758FF268B4FF28A
:1092F000FF7006404FF6FF7000EA05200643268304
:1093000070BD70B504460D460026254884420ED037
:10931000B4F1804F0BD02348844208D022488442C5
:1093200005D02248844202D02148844200D104E082
:1093300040F20E511948F6F731FF082D00D005B95B
:1093400004E040F20F511548F6F728FFA68B4FF6C0
:10935000F77006402E43A68370BD70B504460D46D7
:1093600000260F4884420ED0B4F1804F0BD00D4838
:10937000844208D00C48844205D00C48844202D074
:109380000B48844200D104E040F22B510348F6F729
:1093900005FF082D00D0CDB91DE00000E4C900088C
:1093A000000001400004004000080040000C0040A4
:1093B000000401400040014000180040004401400A
:1093C00000480140001C00400020004040F22C51A9
:1093D000FA48F6F7E3FEA68B4FF2FF7006404FF611
:1093E000FF7000EA05200643A68370BD70B50446F1
:1093F0000D460026F248844220D0B4F1804F1DD0A3
:10940000F04884421AD0F048844217D0EF48844292
:1094100014D0EF48844211D0EE4884420ED0EE487A
:1094200084420BD0ED48844208D0ED48844205D0F8
:10943000EC48844202D0EC48844200D104E04FF46E
:10944000A961DE48F6F7AAFE042D00D005B904E0B4
:1094500040F24951D948F6F7A1FE268B4FF6FB7032
:1094600006402E43268370BD70B504460D46002687
:10947000D348844214D0B4F1804F11D0D1488442F3
:109480000ED0D14884420BD0D048844208D0D04876
:10949000844205D0CF48844202D0D148844200D1D2
:1094A00004E040F26751C548F6F778FE042D00D07D
:1094B00005B904E04FF4AD61C048F6F76FFE268BA6
:1094C0004FF6FF3006404FF6FF7000EA05200643D6
:1094D000268370BD70B504460D460026B848844208
:1094E0000ED0B4F1804F0BD0B648844208D0B648B5
:1094F000844205D0B548844202D0B548844200D1A8
:1095000004E040F28551AD48F6F748FE042D00D046
:1095100005B904E040F28651A848F6F73FFEA68B55
:109520004FF6FB7006402E43A68370BD70B504460F
:109530000D460026A24884420ED0B4F1804F0BD0D5
:10954000A048844208D0A048844205D09F48844265
:1095500002D09F48844200D104E040F2A3519748D2
:10956000F6F71CFE042D00D005B904E040F2A4512A
:109570009248F6F713FEA68B4FF6FF3006404FF6E3
:10958000FF7000EA05200643A68370BD70B504464F
:109590000D4600268A48844220D0B4F1804F1DD069
:1095A000884884421AD08848844217D08748844229
:1095B00014D08748844211D0864884420ED0864811
:1095C00084420BD08548844208D08548844205D027
:1095D0008448844202D08448844200D104E040F2AE
:1095E000C1517648F6F7DAFD802D00D005B904E0C8
:1095F00040F2C2517148F6F7D1FD268B4FF67F70CD
:1096000006402E43268370BD70B504460D460026E5
:109610006B48844214D0B4F1804F11D06948844221
:109620000ED0694884420BD06848844208D068480C
:10963000844205D06748844202D06948844200D100
:1096400004E040F2DF515D48F6F7A8FD802D00D020
:1096500005B904E04FF4BC615848F6F79FFD268B2E
:10966000C6F30E064FF6FF7000EA05200643268378
:1096700070BD70B504460D460026514884420ED098
:10968000B4F1804F0BD04F48844208D04E488442FA
:1096900005D04E48844202D04D48844200D104E0B7
:1096A00040F2FC514548F6F779FD802D00D005B910
:1096B00004E040F2FD514148F6F770FDA68B4FF6ED
:1096C0007F7006402E43A68370BD70B504460D46DC
:1096D00000263B4884420ED0B4F1804F0BD039486D
:1096E000844208D03848844205D03848844202D0A9
:1096F0003748844200D104E040F219612F48F6F760
:109700004DFD802D00D005B904E040F21A612B48D0
:10971000F6F744FDA68BC6F30E064FF6FF7000EA7F
:1097200005200643A68370BD70B504460D4600268D
:109730002348844220D0B4F1804F1DD02148844278
:109740001AD02148844217D02048844214D020489F
:10975000844211D01F4884420ED01F4884420BD04F
:109760001E48844208D01E48844205D01D488442C9
:1097700002D01D48844200D104E040F236610F4817
:10978000F6F70CFD0DB1022D00D104E040F2376177
:109790000A48F6F703FD268C4FF6FD7006402E436F
:1097A000268470BD70B504460D46002604488442E8
:1097B00002D00748844219D11DE00000E4C9000826
:1097C000000001400004004000080040000C004080
:1097D00000040140004001400044014000480140B5
:1097E00000180040001C0040002000404FF4CA61F7
:1097F000FC48F6F7D3FC0DB1082D00D104E040F28F
:109800005161F848F6F7CAFC268C4FF6F77006400F
:109810002E43268470BD70B504460D460026F248DE
:10982000844214D0B4F1804F11D0F04884420ED05D
:10983000EF4884420BD0EF48844208D0EE4884427F
:1098400005D0EE48844202D0ED48844200D104E0C5
:1098500040F26C61E348F6F7A1FC0DB1022D00D196
:1098600004E040F26D61DF48F6F798FC268C4FF675
:10987000DF7006404FF6FF7000EA051006432684AD
:1098800070BD70B504460D460026D748844202D00C
:10989000D948844200D104E040F28761D148F6F70C
:1098A0007DFC0DB1082D00D104E04FF4D161CD480D
:1098B000F6F774FC268C4FF67F7006404FF6FF706B
:1098C00000EA05100643268470BD70B504460D46B7
:1098D0000026C54884420ED0B4F1804F0BD0C34857
:1098E000844208D0C248844205D0C248844202D093
:1098F000C148844200D104E040F2A261B948F6F7C1
:109900004DFC0DB1022D00D104E040F2A361B54839
:10991000F6F744FC268C4FF6FF5006404FF6FF70DA
:1099200000EA05200643268470BD70B504460D4646
:109930000026AD48844202D0AF48844200D104E002
:1099400040F2BD61A748F6F729FC0DB1082D00D102
:1099500004E040F2BE61A348F6F720FC268C4FF2EB
:10996000FF7006404FF6FF7000EA0520064326848C
:1099700070BD70B504460D4600269B4884420ED04B
:10998000B4F1804F0BD09948844208D09848844263
:1099900005D09848844202D09748844200D104E020
:1099A0004FF4DB618F48F6F7F9FB0DB1022D00D1C2
:1099B00004E040F2D9618B48F6F7F0FB268C4DF6B7
:1099C000FF7006404FF6FF7000EA0530064326841C
:1099D00070BD2DE9F04104460D4616460027824829
:1099E000844220D0B4F1804F1DD0804884421AD0E8
:1099F0007F48844217D07F48844214D07E488442F6
:109A000011D07E4884420ED07E4884420BD07E48DE
:109A1000844208D07A48844205D07C48844202D0EF
:109A20007B48844200D104E040F2F7616D48F6F7CC
:109A3000B5FB2DB1042D03D0082D01D00C2D00D184
:109A400004E04FF4DF616748F6F7A8FB012E00D071
:109A500006B904E040F2F9616248F6F79FFB012085
:109A6000A84087B2208CB8432084208C06FA05F1E8
:109A700089B208432084BDE8F0812DE9F041044615
:109A80000D46164600275848844202D05A48844260
:109A900000D104E040F215715248F6F77FFB1DB18A
:109AA000042D01D0082D00D104E040F216714D487C
:109AB000F6F774FB042E00D006B904E040F21771EB
:109AC0004848F6F76BFB0420A84087B2208CB843C7
:109AD0002084208C06FA05F189B208432084BDE871
:109AE000F08170B504460D463F4884420ED0B4F173
:109AF000804F0BD03D48844208D03D48844205D079
:109B00003C48844202D03C48844200D104E040F604
:109B100071013448F6F742FB2DB1042D03D0082D16
:109B200001D00C2D00D104E040F672012D48F6F76B
:109B300035FBA08B4FF2FF310840A083A08B4FF67E
:109B4000FF7101EA05210843A08370BDF0B50C4602
:109B50001546002100220026078C4EF6FF7C07EAFE
:109B60000C070784818B028C4FF6FF7707EA0436D7
:109B700040F6FF4739404FF6FF7707EA052739439C
:109B80004FF6FF7707EA0337394345F6FF773A4048
:109B900046F480573A4381830284F0BD70B5044691
:109BA0000D46114884420ED0B4F1804F0BD00F48BF
:109BB000844208D00E48844205D00E48844202D028
:109BC0000D48844200D104E040F659010548F6F7FB
:109BD000E5FA2DB1042D03D0082D01D00C2D19D19B
:109BE0001DE00000E4C9000800000140000400403E
:109BF00000080040000C004000040140004001400B
:109C0000001800400044014000480140001C004092
:109C10000020004040F65A01FE48F6F7BFFAA08B3C
:109C20004FF6F3710840A083A08B2843A08370BD3A
:109C3000F0B50C461546002100220026078C4FF691
:109C4000FF6C07EA0C070784818B028C4FF6FF77C5
:109C500007EA04264FF60C7739404FF6FF7707EAFC
:109C600003172F4339434FF2FF573A4046F48077AA
:109C70003A4381830284F0BD70B504460D46E64840
:109C8000844214D0B4F1804F11D0E44884420ED005
:109C9000E34884420BD0E348844208D0E24884423F
:109CA00005D0E248844202D0E148844200D104E079
:109CB00040F64101D748F6F771FA2DB1042D03D0D3
:109CC000082D01D00C2D00D104E040F64201D1480E
:109CD000F6F764FA208B4FF2FF3108402083208B87
:109CE0004FF6FF7101EA05210843208370BDF0B5EE
:109CF0000C461546002100220026078C4FF6EF7C0B
:109D000007EA0C070784018B028C4FF6FF7707EAFE
:109D1000041640F6FF4739404FF6FF7707EA03374E
:109D200039434FF6FF7707EA052739434FF65F7748
:109D30003A4046F010073A4301830284F0BD70B503
:109D400004460D46B448844220D0B4F1804F1DD063
:109D5000B24884421AD0B248844217D0B1488442F3
:109D600014D0B148844211D0B04884420ED0B148DA
:109D700084420BD0B048844208D0AD48844205D01C
:109D8000AE48844202D0AE48844200D104E040F69E
:109D90002801A048F6F702FA2DB1042D03D0082DB2
:109DA00001D00C2D00D104E040F629019948F6F7C6
:109DB000F5F9208B4FF6F37108402083208B284360
:109DC000208370BDF0B50C46154600210022068C9C
:109DD0004FF6FE773E400684018B028C4FF60C76E0
:109DE00031407E1C06EA03162E4331434FF6F576CA
:109DF000324044F00106324301830284F0BD70B565
:109E000004460D468448844220D0B4F1804F1DD0D2
:109E1000824884421AD08248844217D081488442C2
:109E200014D08148844211D0804884420ED08148A9
:109E300084420BD08048844208D07D48844205D0BB
:109E40007E48844202D07E48844200D104E040F241
:109E500065717048F6F7A2F9688828B16888022809
:109E600002D068880A2800D104E040F2667169488F
:109E7000F6F794F9A888012805D0A888022802D00E
:109E8000A888032800D104E040F267716148F6F722
:109E900085F9E88840B1E888042805D0E8880828D2
:109EA00002D0E8880C2800D104E04FF4ED61594855
:109EB000F6F774F928890F2800DC04E040F2697194
:109EC0005448F6F76BF9288850B92B89AA88698815
:109ED0002046FFF777FFE9882046FFF730FF73E061
:109EE0002888042828D14C48844214D0B4F1804FEB
:109EF00011D04A4884420ED0494884420BD0494888
:109F0000844208D04848844205D04848844202D060
:109F10004748844200D104E040F277713D48F6F7AB
:109F20003DF92B89AA8869882046FFF7E0FEE98879
:109F30002046FFF7A1FE47E02888082822D13648AE
:109F400084420ED0B4F1804F0BD03448844208D004
:109F50003348844205D03348844202D03248844298
:109F600000D104E040F281712A48F6F717F92B89F5
:109F7000AA8869882046FFF75BFEE9882046FFF73C
:109F80000DFE21E0244884420ED0B4F1804F0BD066
:109F90002248844208D02248844205D02148844285
:109FA00002D02148844200D104E040F28B7119486C
:109FB000F6F7F4F82B89AA8869882046FFF7C6FDD2
:109FC000E9882046FFF78DFD70BD002101804180AA
:109FD000012181800021C180018170472DE9F0417C
:109FE00005460C46002601270B4885422DD0B5F1C9
:109FF000804F2AD00948854227D00948854224D07D
:10A000000848854221D0084885421ED0074885422D
:10A010001BD017E0E4C90008000001400004004024
:10A0200000080040000C00400004014000400140D6
:10A03000001800400044014000480140001C00405E
:10A0400000200040F848854200D104E040F2B3719E
:10A05000F648F6F7A3F8608808B9022600E0002663
:10A06000A088012801D1022700E001272088A0B99B
:10A070002389A28861882846FFF7A4FEE188284644
:10A08000FFF75DFE23893A4631462846FFF72FFE4B
:10A09000E1882846FFF7F0FD13E02389A288618854
:10A0A0002846FFF724FEE1882846FFF7E5FD2389CF
:10A0B0003A4631462846FFF785FEE1882846FFF7F5
:10A0C0003EFEBDE8F08110B50446D948844220D058
:10A0D000B4F1804F1DD0D74884421AD0D64884426C
:10A0E00017D0D648844214D0D548844211D0D548E0
:10A0F00084420ED0D44884420BD0D448844208D045
:10A10000C948844205D0D248844202D0D148844212
:10A1100000D104E040F2E971C448F6F73FF8606B03
:10A1200010BD10B50446C248844214D0B4F1804F2B
:10A1300011D0C04884420ED0BF4884420BD0BF48E3
:10A14000844208D0BE48844205D0BE48844202D032
:10A15000B548844200D104E04FF4FF61B348F6F7FC
:10A160001DF8A06B10BD10B50446B14884420ED056
:10A17000B4F1804F0BD0AF48844208D0AE4884423F
:10A1800005D0AE48844202D0AD48844200D104E0FC
:10A1900040F60601A548F6F701F8E06B10BD10B5D2
:10A1A0000446A34884420ED0B4F1804F0BD0A1489E
:10A1B000844208D0A048844205D0A048844202D0FE
:10A1C0009F48844200D104E040F614019748F5F717
:10A1D000E5FF206C10BD70B505460C4694488542DD
:10A1E00002D09748854200D104E040F6A6018F488E
:10A1F000F5F7D4FF2088B0F5006F01D0208800B9B2
:10A2000004E040F6A7018948F5F7C8FF6088B0F57B
:10A21000806F01D0608800B904E040F6A80183484F
:10A22000F5F7BCFFA08858B1A088B0F5807F07D0B3
:10A23000A088B0F5007F03D0A088B0F5407F00D1A2
:10A2400004E040F6A9017948F5F7A8FF2089B0F5A8
:10A25000805F01D0208900B904E040F6AA0173486C
:10A26000F5F79CFF608918B16089B0F5005F00D1F7
:10A2700004E040F6AB016D48F5F790FFA089B0F51A
:10A28000804F01D0A08900B904E040F6AC016748D6
:10A29000F5F784FF208861880843A1880843E18896
:10A2A00008432189084361890843A1890843A5F827
:10A2B000440070BD0021018041808180C180018106
:10A2C00041818181704770B504460D4658488442EB
:10A2D00002D05B48844200D104E040F6D2015348EA
:10A2E000F5F75CFF0DB1012D00D104E040F6D3017C
:10A2F0004E48F5F753FF35B1B4F8440040F4004040
:10A30000A4F8440005E0B4F84400C0F30E00A4F83B
:10A31000440070BD70B504460D464548844202D0E5
:10A320004748844200D104E040F6EB013F48F5F78E
:10A3300035FF0DB1012D00D104E040F6EC013B48A2
:10A34000F5F72CFF25B1A08840F00400A08004E0C0
:10A35000A0884FF6FB710840A08070BD70B5044620
:10A360000D463348844202D03548844200D104E08F
:10A3700040F604112D48F5F711FF0DB1012D00D164
:10A3800004E040F605112948F5F708FF25B1A0883B
:10A3900040F00100A08004E0A0884FF6FE71084064
:10A3A000A08070BD70B504460D4616462048844214
:10A3B00026D0B4F1804F23D01E48844220D01E48BE
:10A3C00084421DD01D4884421AD02348844217D0AD
:10A3D0002248844214D01A48844211D01948844239
:10A3E0000ED0194884420BD01848844208D00E4839
:10A3F000844205D01648844202D01648844200D1D7
:10A4000004E040F63D110948F5F7C8FE05F47F4029
:10A4100008B905B104E040F63E110448F5F7BEFE68
:10A420000EB1012E1CD120E000180040E4C9000844
:10A43000000001400004004000080040000C004003
:10A440000004014000400140004401400048014038
:10A45000001C00400020004000100040001400409C
:10A4600040F63F11F748F5F799FE1EB1A089284341
:10A47000A08102E0A089A843A08170BD70B5044608
:10A480000D46F148844226D0B4F1804F23D0EF48E6
:10A49000844220D0EE4884421DD0EE4884421AD037
:10A4A000ED48844217D0ED48844214D0EC488442F1
:10A4B00011D0EC4884420ED0EB4884420BD0EB48DC
:10A4C000844208D0EA48844205D0EA48844202D057
:10A4D000E948844200D104E040F66311D948F5F719
:10A4E0005DFE05F47F4008B905B104E040F6641153
:10A4F000D448F5F753FEA58270BD70B504460D46ED
:10A500000026D148844226D0B4F1804F23D0CF48D2
:10A51000844220D0CE4884421DD0CE4884421AD0F6
:10A52000CD48844217D0CD48844214D0CC488442D0
:10A5300011D0CC4884420ED0CB4884420BD0CB48BB
:10A54000844208D0CA48844205D0CA48844202D016
:10A55000C948844200D104E040F68511B948F5F7B6
:10A560001DFE012D19D0022D17D0042D15D0082D58
:10A5700013D0102D11D0202D0FD0402D0DD0802DB7
:10A580000BD0B5F5007F08D0B5F5806F05D0B5F5D7
:10A59000006F02D0B5F5805F00D104E040F686116F
:10A5A000A848F5F7FBFD208A284008B1012600E005
:10A5B0000026304670BD70B504460D46A248844260
:10A5C00026D0B4F1804F23D0A048844220D0A048A8
:10A5D00084421DD09F4884421AD09F48844217D09D
:10A5E0009E48844214D09E48844211D09D488442A3
:10A5F0000ED09D4884420BD09C48844208D09C4891
:10A60000844205D09B48844202D09B48844200D1BA
:10A6100004E040F6AE118B48F5F7C0FDE843208218
:10A6200070BD2DE9F04104460D4600260027B046D6
:10A630008548844226D0B4F1804F23D08348844299
:10A6400020D0834884421DD0824884421AD0824858
:10A65000844217D08148844214D08148844211D06A
:10A66000804884420ED0804884420BD07F48844288
:10A6700008D07F48844205D07E48844202D07E487C
:10A68000844200D104E040F6CC116E48F5F786FD17
:10A69000012D0DD0022D0BD0042D09D0082D07D08F
:10A6A000102D05D0202D03D0402D01D0802D00D1BC
:10A6B00004E040F6CD116348F5F770FD208A00EA0A
:10A6C0000507A08900EA050827B1B8F1000F01D0FD
:10A6D000012600E000263046BDE8F08170B5044652
:10A6E0000D465948844226D0B4F1804F23D05748B4
:10A6F000844220D0564884421DD0564884421AD005
:10A700005548844217D05548844214D05448844256
:10A7100011D0544884420ED0534884420BD0534841
:10A72000844208D05248844205D05248844202D024
:10A730005148844200D104E040F6F3114148F5F756
:10A740002DFDE843208270BD70B506460C461546C7
:10A750003D4886420ED0B6F1804F0BD03B48864232
:10A7600008D03B48864205D03A48864202D03C4851
:10A77000864200D104E040F618213248F5F70EFD7C
:10A780002CB3012C23D0022C21D0032C1FD0042C5D
:10A790001DD0052C1BD0062C19D0072C17D0082C47
:10A7A00015D0092C13D00A2C11D00B2C0FD00C2C47
:10A7B0000DD00D2C0BD00E2C09D00F2C07D0102C47
:10A7C00005D0112C03D0122C01D0132C00D104E0A1
:10A7D00040F619211B48F5F7E1FC95B3B5F5807FEC
:10A7E0002FD0B5F5007F2CD0B5F5407F29D0B5F539
:10A7F000806F26D0B5F5A06F23D0B5F5C06F20D0FF
:10A80000B5F5E06F1DD0B5F5006F1AD0B5F5106F36
:10A8100017D0B5F5206F14D0B5F5306F11D0B5F560
:10A82000406F0ED0B5F5506F0BD0B5F5606F08D006
:10A83000B5F5706F05D0B5F5805F02D0B5F5885FCE
:10A840001CD120E0E4C900080000014000040040E1
:10A8500000080040000C00400010004000140040C0
:10A860000004014000400140004401400048014014
:10A8700000180040001C00400020004040F61A2153
:10A88000FA48F5F78BFC44EA0500A6F8480070BDCD
:10A8900070B504460D461646F548844214D0B4F10E
:10A8A000804F11D0F34884420ED0F34884420BD03D
:10A8B000F248844208D0F248844205D0F1488442EC
:10A8C00002D0F148844200D104E040F63321E74849
:10A8D000F5F764FC48F2FF00284008B905B104E030
:10A8E00040F63421E148F5F759FC0EB1012E00D1B4
:10A8F00004E040F63521DD48F5F750FC1EB1A08993
:10A900002843A08102E0A089A843A08170BD70B552
:10A9100004460D46D64884420ED0B4F1804F0BD089
:10A92000D448844208D0D448844205D0D3488442D5
:10A9300002D0D548844200D104E040F64D21CB48F6
:10A94000F5F72CFC0DB1012D00D104E040F64E21AD
:10A95000C648F5F723FC25B1A08840F00800A08088
:10A9600004E0A0884FF6F7710840A08070BD10B5D4
:10A970000446BF48844214D0B4F1804F11D0BD4882
:10A9800084420ED0BC4884420BD0BC48844208D0DC
:10A99000BD48844205D0BD48844202D0BC488442B0
:10A9A00000D104E040F67421B048F5F7F7FB2089A8
:10A9B0004FF6F8710840208110BD70B504460D4671
:10A9C0000026AB48844220D0B4F1804F1DD0A94866
:10A9D00084421AD0A848844217D0A848844214D090
:10A9E000A948844211D0A94884420ED0A948844283
:10A9F0000BD0A948844208D0A548844205D0A74876
:10AA0000844202D0A648844200D104E040F644319A
:10AA10009648F5F7C3FB6DB1102D0BD0202D09D052
:10AA2000302D07D0402D05D0502D03D0602D01D002
:10AA3000702D00D104E040F645318C48F5F7AEFBAF
:10AA400026894FF68F7006402E43268170BD70B563
:10AA500004460D468648844214D0B4F1804F11D08C
:10AA6000844884420ED0844884420BD08348844278
:10AA700008D08548844205D08448844202D0844866
:10AA8000844200D104E040F689217848F5F786FB3E
:10AA90002DB1102D03D0202D01D0302D00D104E098
:10AAA00040F68A217148F5F779FB29462046FFF7E1
:10AAB00084FF208940F00700208170BD2DE9F0411E
:10AAC00004460E4615461F466948844220D0B4F11C
:10AAD000804F1DD0674884421AD06748844217D0FF
:10AAE0006648844214D06848844211D06748844242
:10AAF0000ED0684884420BD06748844208D064482E
:10AB0000844205D06548844202D06548844200D121
:10AB100004E040F6A8215548F5F740FB1DB1022D91
:10AB200001D00A2D00D104E040F6A9214F48F5F7E5
:10AB300035FB0F2F00DC04E040F6AA214B48F5F767
:10AB40002DFB602E06D13B46012229462046FFF709
:10AB5000CEF805E03B46012229462046FFF732F9B0
:10AB600031462046FFF729FF208940F00700208169
:10AB7000BDE8F0812DE9F04104460D4616461F461A
:10AB80004FF000083A4884420ED0B4F1804F0BD009
:10AB90003848844208D03848844205D03748844237
:10ABA00002D03948844200D104E040F6BD312F483C
:10ABB000F5F7F4FA45B1B5F5805F05D0B5F5005F5E
:10ABC00002D0B5F5405F00D104E040F6BE31274821
:10ABD000F5F7E4FAB6F5004F00D006B904E040F608
:10ABE000BF312248F5F7DAFA0F2F00DC04E04FF40A
:10ABF0003C611E48F5F7D2FAB4F8088008F0FF0867
:10AC00004FF6FF7000EA07203043284340EA080867
:10AC1000A4F80880BDE8F0812DE9F04104460D4616
:10AC2000174698460026124884420ED0B4F1804F51
:10AC30000BD01048844208D00F48844205D00F48FA
:10AC4000844202D01048844200D104E040F6D22170
:10AC50000648F5F7A3FA45B1B5F5805F05D0B5F51F
:10AC6000005F02D0B5F5405F1CD120E0E4C90008C8
:10AC7000000001400004004000080040000C0040BB
:10AC8000001000400014004000040140004001405A
:10AC9000001800400044014000480140001C0040F2
:10ACA0000020004040F6D321FA48F5F777FAB7F5CF
:10ACB000004F00D007B904E040F6D421F548F5F77D
:10ACC0006DFAB8F10F0F00DC04E040F6D521F14831
:10ACD000F5F764FA43463A4629462046FFF74AFF0D
:10ACE00026894FF6F870064046F007064FF68F703B
:10ACF000064046F070062681BDE8F0812DE9F0415E
:10AD000004460D4616461F46E34884420ED0B4F171
:10AD1000804F0BD0E148844208D0E148844205D0FE
:10AD2000E048844202D0E048844200D104E040F68A
:10AD3000FF21D848F5F732FA45B1B5F5805F05D067
:10AD4000B5F5005F02D0B5F5405F00D104E04FF4E7
:10AD50003061D048F5F722FAB6F5004F00D006B9B9
:10AD600004E040F60131CB48F5F718FA0F2F00DC6C
:10AD700004E040F60231C748F5F710FA3B46324688
:10AD800029462046FFF7F6FE208940F480402081C6
:10AD9000BDE8F08170B504460D46BF48844214D02A
:10ADA000B4F1804F11D0BD4884420ED0BC488442DB
:10ADB0000BD0BC48844208D0BC48844205D0BC4873
:10ADC000844202D0B848844200D104E040F66D319C
:10ADD000B048F5F7E3F96DB1102D0BD0202D09D057
:10ADE000302D07D0402D05D0502D03D0602D01D03F
:10ADF000702D00D104E040F66E31A648F5F7CEF98B
:10AE0000A0884FF68F710840A080A0882843A080BA
:10AE100070BD70B504460D469F48844214D0B4F10D
:10AE2000804F11D09D4884420ED09D4884420BD063
:10AE30009C48844208D09C48844205D09D48844266
:10AE400002D09D48844200D104E040F6853191480B
:10AE5000F5F7A4F9042D05D0052D03D0062D01D05A
:10AE6000072D00D104E040F686318A48F5F796F9BF
:10AE700020894FF6F87108402081208928432081DD
:10AE800070BD70B504460D468348844214D0B4F1B9
:10AE9000804F11D0814884420ED0814884420BD02B
:10AEA0008048844208D08048844205D0814884424A
:10AEB00002D08148844200D104E040F69C317548BC
:10AEC000F5F76CF9802D00D005B904E040F69D310E
:10AED0007048F5F763F920894FF67F7108402081AB
:10AEE00020892843208170BD2DE9F04704460D4696
:10AEF00016461F464FF00008C146C24666488442C7
:10AF000014D0B4F1804F11D0644884420ED064480C
:10AF100084420BD06348844208D06348844205D001
:10AF20006448844202D06448844200D104E040F680
:10AF3000F9315848F5F732F9012D03D0022D01D02F
:10AF4000032D00D104E040F6FA315248F5F726F916
:10AF50001EB1022E01D00A2E00D104E040F6FB31D2
:10AF60004C48F5F71BF91FB1022F01D00A2F00D171
:10AF700004E040F6FC314748F5F710F9B4F80880D2
:10AF8000B4F81890B4F820A04FF6F87008EA00085A
:10AF900048EA05084FF6FC4009EA000940F20110B2
:10AFA00049EA00094FF6DD700AEA000A4FF6FF7021
:10AFB00000EA0710304340EA0A0AA4F80880A4F81F
:10AFC0001890A4F820A0BDE8F08770B504460D469F
:10AFD0003148844214D0B4F1804F11D02F488442BC
:10AFE0000ED02F4884420BD02E48844208D02E48E1
:10AFF000844205D02F48844202D02F48844200D199
:10B0000004E040F628412348F5F7C8F80DB1012DBA
:10B0100000D104E040F629411E48F5F7BFF825B1FC
:10B02000A08840F08000A08004E0A0884FF67F71E7
:10B030000840A08070BD70B505460C46B5F1804F44
:10B0400005D01848854202D01C48854200D104E052
:10B0500040F65B410F48F5F7A1F894B1B4F5806F65
:10B060000FD0B4F5006F0CD0B4F5406F09D044B1E7
:10B07000402C06D0802C04D0C02C02D00CB1022C65
:10B0800000D104E040F65C410248F5F787F8A5F8E6
:10B09000504070BDE4C900080000014000040040B9
:10B0A00000080040000C0040000401400010004077
:10B0B00000140040004001400018004000480140DA
:10B0C00010B50446F84884420ED0F84884420BD0AC
:10B0D000F748844208D0F748844205D0F6488442B5
:10B0E00002D0F648844200D103E0B521F448F5F7D8
:10B0F00055F8ED48844208D101211020FCF78EFD5F
:10B1000000211020FCF78AFD3EE0E848844209D186
:10B1100001214804FCF75BFD00214FF40030FCF7EF
:10B1200056FD31E0E248844209D101218804FCF750
:10B130004EFD00214FF48020FCF749FD24E0DD485E
:10B14000844209D10121C804FCF741FD00214FF4DC
:10B150000020FCF73CFD17E0D748844209D10121CB
:10B160000805FCF734FD00214FF48010FCF72FFD9B
:10B170000AE0D248844207D101212020FCF74EFD8D
:10B1800000212020FCF74AFD10BD2DE9FF470546B0
:10B190000C460026B14600BFB046C34885420ED0DB
:10B1A000C24885420BD0C248854208D0C14885427A
:10B1B00005D0C148854202D0C048854200D103E095
:10B1C000EB21BF48F4F7EAFF206820B1BD492068B1
:10B1D000884200D203E0EC21B948F4F7DFFFA088F1
:10B1E00018B1A088B0F5805F00D103E0ED21B4482C
:10B1F000F4F7D4FFE08858B1E088B0F5805F07D05D
:10B20000E088B0F5005F03D0E088B0F5405F00D182
:10B2100003E0EE21AA48F4F7C1FF208938B1208964
:10B22000B0F5806F03D02089B0F5C06F00D103E086
:10B23000EF21A348F4F7B2FF60894FF6F37108409D
:10B2400010B9608900B103E0F0219D48F4F7A6FF32
:10B25000A08958B1A089B0F5807F07D0A089B0F54A
:10B26000007F03D0A089B0F5407F00D103E0F12139
:10B270009348F4F793FFA08980B18B48854208D0AA
:10B280008A48854205D08A48854202D08B4885424B
:10B2900000D103E0F6218A48F4F780FF2E8A26F4D5
:10B2A0004056E08806432E82AE8941F20C60864308
:10B2B000A08821890843618908430643AE81AE8A8C
:10B2C00026F44076A0890643AE826846FCF7E5F98D
:10B2D0007548854202D07948854202D1DDF80C904C
:10B2E00001E0DDF80890A88900F4004040B109EBC6
:10B2F000C90000EB091021684900B0FBF1F707E035
:10B3000009EBC90000EB091021688900B0FBF1F7D7
:10B310006420B7FBF0F006013009642101FB1078CE
:10B32000A88900F4004040B1322000EBC800B0FB17
:10B33000F1F000F00700064308E0322000EB0810AF
:10B340006421B0FBF1F000F00F0006432E81BDE850
:10B35000FF874FF41651016000218180C180018177
:10B360000C21418100218181704770B505460C4652
:10B3700000264D48854208D04C48854205D04C48AF
:10B38000854202D04D48854200D104E04FF4B671A9
:10B390004B48F4F703FF208818B12088B0F5006F00
:10B3A00000D104E040F26D114548F4F7F7FE6088E3
:10B3B00018B16088B0F5806F00D104E04FF4B77128
:10B3C0003F48F4F7EBFEA08818B1A088B0F5007FE5
:10B3D00000D104E040F26F113948F4F7DFFEE08855
:10B3E00018B1E088B0F5807F00D104E04FF4B87167
:10B3F0003348F4F7D3FE2E8A26F4706620886188DD
:10B400000843A1880843E188084306432E8270BDA3
:10B410000021018041808180C180704770B5044661
:10B420000D46214884420ED0204884420BD020484B
:10B43000844208D01F48844205D01F48844202D06D
:10B440001E48844200D104E040F29B111C48F4F7EE
:10B45000A5FE0DB1012D00D104E04FF4CE711848C6
:10B46000F4F79CFE25B1A08940F40050A08104E0CF
:10B47000A0894DF6FF710840A08170BD70B50446EB
:10B480000D46094884420ED0084884420BD0084833
:10B49000844208D00748844205D00748844202D03D
:10B4A0000648844210D114E00010014000440040DE
:10B4B00000480040004C0040005000400014014093
:10B4C00038CA0008E170720040F2B511FA48F4F78A
:10B4D00065FE208B00F47F402083208B284320834F
:10B4E00070BD70B504460D46F44884420ED0F44851
:10B4F00084420BD0F348844208D0F348844205D0FC
:10B50000F248844202D0F248844200D104E04FF471
:10B51000E571E948F4F742FE0DB1012D00D104E0D8
:10B5200040F2CB11E448F4F739FE25B1A08940F48C
:10B530000040A08103E0A089C0F30E00A08170BD8F
:10B5400070B504460D46DD4884420ED0DC48844286
:10B550000BD0DC48844208D0DB48844205D0DB486D
:10B56000844202D0DA48844200D104E04FF4F27100
:10B57000D148F4F713FE0DB1012D00D104E040F2E3
:10B58000E511CD48F4F70AFE25B1A08A40F4006029
:10B59000A08204E0A08A4FF2FF710840A08270BD33
:10B5A00070B504460D46C54884420ED0C448844256
:10B5B0000BD0C448844208D0C348844205D0C34855
:10B5C000844202D0C248844200D104E040F21D21EE
:10B5D000B948F4F7E3FDB5F5007F00DA04E040F286
:10B5E0001E21B548F4F7DAFDC5F30800A08070BD50
:10B5F00010B50446B14884420ED0B14884420BD005
:10B60000B048844208D0B048844205D0AF48844254
:10B6100002D0AF48844200D104E040F22D21A64878
:10B62000F4F7BCFDA088C0F3080010BD70B5044657
:10B630000D46A24884420ED0A14884420BD0A148B6
:10B64000844208D0A048844205D0A048844202D059
:10B650009F48844200D104E04FF418719648F4F7F3
:10B660009DFD0F2D00DC04E040F261219248F4F7CB
:10B6700095FD208A4FF6F07108402082208A2843E9
:10B68000208270BD70B504460D468C4884420ED0B1
:10B690008B4884420BD08B48844208D08A4884422D
:10B6A00005D08A48844202D08948844200D104E00F
:10B6B0004FF41D718048F4F771FD0DB1012D00D1DB
:10B6C00004E040F275217C48F4F768FD25B1A089BB
:10B6D00040F00200A08104E0A0894FF6FD7108400F
:10B6E000A08170BD70B504460D46744884420ED0EA
:10B6F000734884420BD07348844208D07248844215
:10B7000005D07248844202D07148844200D104E0DE
:10B7100040F28F216848F4F741FD15B1B5F5006F8F
:10B7200000D104E04FF424716348F4F737FDA08999
:10B730004FF2FF710840A081A0892843A08170BD0D
:10B7400070B504460D465D4884420ED05C48844284
:10B750000BD05C48844208D05B48844205D05B48EB
:10B76000844202D05A48844200D104E04FF435713B
:10B770005148F4F713FD0DB1202D00D104E040F243
:10B78000D5214D48F4F70AFD208A4FF6DF710840B5
:10B790002082208A2843208270BD70B504460D4661
:10B7A000464884420ED0464884420BD045488442E5
:10B7B00008D04548844205D04448844202D04448D9
:10B7C000844200D104E040F2E6213B48F4F7E6FC75
:10B7D0000DB1012D00D104E040F2E7213648F4F725
:10B7E000DDFC25B1208A40F48040208204E0208ADC
:10B7F0004BF6FF710840208270BD10B504462F48FB
:10B8000084420ED02E4884420BD02E48844208D069
:10B810002D48844205D02D48844202D02C488442D1
:10B8200000D104E040F2FE212348F4F7B7FCA089E0
:10B8300040F00100A08110BD70B504460D461F48C0
:10B8400084420ED01E4884420BD01E48844208D049
:10B850001D48844205D01D48844202D01C488442C1
:10B8600000D104E040F233311348F4F797FC0DB1F6
:10B87000012D00D104E04FF44D710F48F4F78EFC18
:10B8800025B1A08A40F00800A08204E0A08A4FF60B
:10B89000F7710840A08270BD70B504460D46074898
:10B8A000844208D00648844205D00648844202D02B
:10B8B000074884420ED112E038CA00080010014047
:10B8C0000044004000480040004C00400050004050
:10B8D000001401404FF46271FE48F4F75FFC208BC6
:10B8E000C0B22083208B40EA0520208370BD70B554
:10B8F00004460D46F848844208D0F848844205D0F2
:10B90000F748844202D0F748844200D104E040F274
:10B910009B31F048F4F742FC0DB1012D00D104E059
:10B920004FF46771EB48F4F739FC25B1A08A40F079
:10B930002000A08204E0A08A4FF6DF710840A082B8
:10B9400070BD70B504460D46E348844208D0E34814
:10B95000844205D0E248844202D0E248844200D1C9
:10B9600004E04FF46D71DB48F4F718FC0DB1012DC4
:10B9700000D104E040F2B531D648F4F70FFC25B110
:10B98000A08A40F01000A08204E0A08A4FF6EF7178
:10B990000840A08270BD70B504460D46CE48844272
:10B9A0000ED0CE4884420BD0CD48844208D0CE4839
:10B9B000844205D0CD48844202D0CA48844200D196
:10B9C00004E040F2FB31C348F4F7E8FB042D00D05B
:10B9D00005B904E04FF47F71BE48F4F7DFFBA08A9D
:10B9E0004FF6FB710840A082A08A2843A08270BD58
:10B9F00070B504460D46B84884420ED0B74884421C
:10BA00000BD0B748844208D0B748844205D0B74825
:10BA1000844202D0B348844200D104E040F20D4198
:10BA2000AC48F4F7BBFB0DB1012D00D104E040F2AE
:10BA30000E41A848F4F7B2FB25B1A08A40F00200FD
:10BA4000A08204E0A08A4FF6FD710840A08270BD7C
:10BA500070B504460D4616469F4884420ED09F4856
:10BA600084420BD09E48844208D09F48844205D02F
:10BA70009E48844202D09B48844200D104E040F2B8
:10BA80003B419448F4F78AFB4FF63F70284008B9D1
:10BA900005B104E040F23C418E48F4F77FFB0EB163
:10BAA000012E00D104E040F23D418A48F4F776FBD4
:10BAB0001EB1A08A2843A08202E0A08AA843A082E7
:10BAC00070BD2DE9F04704460D4617464FF00008BB
:10BAD000C246C1460026804884420ED07F48844238
:10BAE0000BD07F48844208D07F48844205D07F48ED
:10BAF000844202D07B48844200D104E040F2BD4140
:10BB00007448F4F74BFB282D19D040F2277085427A
:10BB100015D040F22660854211D040F22550854272
:10BB20000DD040F22440854209D040F646008542BF
:10BB300005D040F66A10854201D0602D00D104E0A6
:10BB400040F2BE416348F4F729FB0FB1012F00D149
:10BB500004E040F2BF415F48F4F720FB40F66A1072
:10BB6000854211D15C48844208D05C48844205D0AB
:10BB70005B48844202D05B48844200D104E040F23A
:10BB8000C4415448F4F70AFB2646C5F3421805F0B1
:10BB90001F0A012000FA0AF9B8F1010F01D10C3691
:10BBA00005E0B8F1020F01D1103600E0143627B1DC
:10BBB000306840EA0900306003E0306820EA09009C
:10BBC0003060BDE8F08770B505460C460026424857
:10BBD00085420ED0414885420BD04148854208D06D
:10BBE0004148854205D04148854202D03D488542C2
:10BBF00000D104E040F2FC413648F4F7CFFA012CC2
:10BC000013D0802C11D0402C0FD0202C0DD0102C14
:10BC10000BD0B4F5807F08D0B4F5007F05D0082C98
:10BC200003D0042C01D0022C00D104E040F2FD41ED
:10BC30002848F4F7B3FAB4F5007F11D126488542BD
:10BC400008D02648854205D02548854202D025489F
:10BC5000854200D104E040F202511E48F4F79EFAFA
:10BC60002888204008B1012600E00026304670BD3B
:10BC700070B504460D46184884420ED017488442D9
:10BC80000BD01748844208D01748844205D0174883
:10BC9000844202D01348844200D104E040F22C5187
:10BCA0000C48F4F77BFA4FF69F40284008B905B1DD
:10BCB00004E040F22D510748F4F770FA05F40070E3
:10BCC000B0F5007F20D10448844217D00348844255
:10BCD00014D00DE038CA00080010014000440040B4
:10BCE0000048004000140140004C0040005000405B
:10BCF0007548844202D07548844200D104E040F285
:10BD000032517348F4F74AFAE843208070BD2DE9B8
:10BD1000F04705460C4600270026B046B1466D4860
:10BD200085420ED06C4885420BD06748854208D0CA
:10BD30006A48854205D06A48854202D063488542F8
:10BD400000D104E04FF4AA616148F4F727FA282CE7
:10BD500027D040F22770844223D040F226608442EC
:10BD60001FD040F2255084421BD040F22440844230
:10BD700017D040F64600844213D040F66A10844241
:10BD80000FD0B4F5587F0CD040F22530844208D053
:10BD9000B4F5587F05D0B4F5187F02D0B4F5B07F64
:10BDA00000D104E040F251514948F4F7F7F940F668
:10BDB0006A10844211D14748854208D046488542DE
:10BDC00005D04148854202D04048854200D104E078
:10BDD00040F256513E48F4F7E1F9C4F3421804F03A
:10BDE0001F06012000FA06F6B8F1010F02D1A8895A
:10BDF000064007E0B8F1020F02D1288A064001E0B0
:10BE0000A88A06402712012000FA07F72888074071
:10BE10001EB117B14FF0010901E04FF0000948468B
:10BE2000BDE8F0872DE9F04104460D4600260027C5
:10BE3000284884420ED0284884420BD022488442AD
:10BE400008D02648844205D02548844202D01F48A5
:10BE5000844200D104E040F299511D48F4F79EF964
:10BE600040F2266085420BD040F22550854207D033
:10BE700040F64600854203D040F66A10854200D164
:10BE800004E040F29A511248F4F788F940F66A103B
:10BE9000854211D10F48844208D00F48844205D012
:10BEA0000948844202D00948844200D104E040F2AB
:10BEB0009F510748F4F772F92E120120B04087B263
:10BEC000F8432080BDE8F0810048004000140140A4
:10BED00038CA00080010014000440040004C0040F7
:10BEE000005000402DE9FE4F804681EA0300C00F5C
:10BEF0000C46009021F0004123F00045B8EB020011
:10BF0000A94105D24046214690461C460B460246B2
:10BF100023F00040104347D0270DC7F30A00C3F3B6
:10BF20000A510290401A019040286BDAC3F31300C3
:10BF300040F4801B0098924620B10023D2EB030A04
:10BF400063EB0B0B01985946C0F14002504600F0DC
:10BF50003FF906460D4650465946019A00F047F90A
:10BF600010EB08006141002487EA115284EAE7736C
:10BF70001A4340D0009A62B3019A012A4FEA07524D
:10BF800015DC001B61EB02014FF0004202EA075290
:10BF9000CDE90042001C41F5801132462B4600F0ED
:10BFA0007EF903B0BDE8F08F40462146F9E7001B5B
:10BFB00061EB0201001C41F5801300185B41201861
:10BFC000A2F5001747EB030140EAD570B6196D41A1
:10BFD00011E06D084FEA360645EAC0754FEA075290
:10BFE000001B61EB0201001C41F5801149084FEA7A
:10BFF00030000019514132462B4603B0BDE8F04FE6
:10C0000000F03EB90098012240000023D0EB02026C
:10C0100063EBE073009821464FEAE074B8EB000050
:10C0200061EB0401E9E783F000435BE781F0004145
:10C0300058E72DE9FE4F81EA030404F0004421F0A3
:10C04000004100944FF0000B23F0004350EA01043C
:10C050005ED052EA03045BD0C3F30A54C1F30A551D
:10C060002C44A4F2F3340194A0FB0254C1F3130155
:10C0700041F48011C3F3130343F4801301FB024422
:10C0800000FB034E840A970A44EA815447EA835727
:10C09000A4FB076802958D0A05FB07854FEA932CE0
:10C0A00004FB0C542705029D4FEA065847EA163751
:10C0B000B5EB08056EEB070C870E920E47EA811769
:10C0C00042EA8312A7FB0201B6EB0B0164EB00040A
:10C0D0002B0D43EA0C335E1844EB1C50DA465146F4
:10C0E000E7FB0201C5F313044FEA0B3343EA145391
:10C0F0004FEA0432019C43EA0603A4F10C040294C3
:10C10000009CCDE900B400F0CAF803B0BDE8F08FA0
:10C1100000200146F9E70EB5C10F80EAE07008443F
:10C12000CA07002140F233438DE80E000A460B4651
:10C1300000F0B5F803B000BD30B5041E71F1000485
:10C1400004DB4FF00044404264EB0101141E73F124
:10C15000000405DB1C464FF00043524263EB04032E
:10C160008B4208BF824230BD30B5041E71F100041D
:10C1700004DB4FF00044404264EB0101141E73F1F4
:10C18000000405DB1C464FF00043524263EB0403FE
:10C19000994208BF904230BD01F0004330B421F015
:10C1A000004150EA010206D00A0DA2F56072C1F307
:10C1B0001301002A02DC30BC00207047440F44EA1F
:10C1C000C104C100E01830BC00EBC25000F021B83F
:10C1D000202A04DB203A00FA02F100207047914047
:10C1E000C2F1200320FA03F3194390407047202A3C
:10C1F00006DBCB17203A41FA02F043EAE07306E08F
:10C2000041FA02F3D040C2F120029140084319469E
:10C2100070470029A8BF7047401C490008BF20F0A4
:10C220000100704710B4B0FA80FC00FA0CF050EA3C
:10C23000010404BF10BC704749B1CCF1200421FABD
:10C2400004F411FA0CF118BF012121430843A3EBB8
:10C250000C01CB1D4FEA00614FEA102042BF0020C5
:10C2600010BC704700EBC35010440029A4BF10BCA1
:10C270007047401C490008BF20F0010010BC704707
:10C2800010B5141E73F1000408DA401C41F10001DE
:10C2900092185B411A4301D120F0010010BD2DE935
:10C2A000F04D92469B4611B1B1FA81F202E0B0FA2C
:10C2B00080F220329046FFF78BFF04460F4640EA9B
:10C2C0000A0041EA0B0153465A46084313D011466F
:10C2D00053EA010019D0C8F14002504600F040F87E
:10C2E00005460E46504659464246FFF771FF084341
:10C2F00005D0012004E020463946BDE8F08D00203D
:10C30000054346EAE0762C4337430A986305E40A7E
:10C31000A0EB08000022FD0A44EA47540A3002D587
:10C3200000200146E9E7010510196941DDE90845EA
:10C3300000196941BDE8F04DA2E70000064C074D29
:10C3400006E0E06840F0010394E8070098471034E5
:10C35000AC42F6D3F3F71CFF8CCA0008ACCA000845
:10C36000202A04DB203A21FA02F00021704721FA4A
:10C3700002F3D040C2F120029140084319467047B1
:10C3800070B58C1810F8015B15F0070301D110F897
:10C39000013B2A1106D110F8012B03E010F8016BC4
:10C3A00001F8016B5B1EF9D12B0705D40023521E47
:10C3B0000DD401F8013BFAE710F8013BCB1A921CAF
:10C3C00003E013F8015B01F8015B521EF9D5A142AD
:10C3D000D8D3002070BD02E008C8121F08C1002A8F
:10C3E000FAD170477047002001E001C1121F002AF6
:10C3F000FBD17047000000005680803BD37F003C9B
:10C4000077BE403CCF7D803C5B9BA03CA6B7C03C48
:10C410006ED2E03CB775003D3581103D918B203DDB
:10C42000AB94303D609C403D92A2503D25A7603DBD
:10C43000F1A9703D6F55803DE354883D4753903DD1
:10C440008C50983D9F4CA03D7247A83DF740B03DB1
:10C450001B39B83DD22FC03D0C25C83DB218D03D88
:10C46000C60AD83D2DFBDF3DD9E9E73DB0D6EF3D0B
:10C47000BEC1F73DDBAAFF3D04C9033E95BB073EA5
:10C4800020AD0B3E979D0F3EF58C133E397B173E3A
:10C4900056681B3E3E541F3EF83E233E7728273EFB
:10C4A000B4102B3EA1F72E3E45DD323E93C1363E01
:10C4B0007DA43A3E0A863E3E2766423ED844463E2A
:10C4C00012224A3EC7FD4D3EFED7513EAFB0553E0B
:10C4D000C687593E4B5D5D3E3731613E7C03653E0C
:10C4E0001AD4683E0AA36C3E4770703EC83B743E47
:10C4F0008805783E86CD7B3EB5937F3E0EAC813E6F
:10C50000538D833EAE6D853E164D873E8D2B893E05
:10C510000F098B3E99E58C3E2BC18E3EC19B903E10
:10C520005475923EE94D943E7B25963E07FC973E1E
:10C530008BD1993E02A69B3E6F799D3ECD4B9F3E8F
:10C540001C1DA13E57EDA23E7FBCA43E8D8AA63E97
:10C550008457A83E6223AA3E23EEAB3EC2B7AD3E4F
:10C560004580AF3EA447B13EE20DB33EF9D2B43EA2
:10C57000E996B63EB159B83E4F1BBA3EC2DBBB3E50
:10C58000079BBD3E1E59BF3E0416C13EBCD1C23EF4
:10C590003F8CC43E8E45C63EA4FDC73E89B4C93E0D
:10C5A000336ACB3EA41ECD3EDAD1CE3ED583D03EFB
:10C5B0009434D23E18E4D33E5A92D53E603FD73EE3
:10C5C00021EBD83EA395DA3EE33EDC3EE1E6DD3EDC
:10C5D0009A8DDF3E0D33E13E3AD7E23E227AE43EC9
:10C5E000C51BE63E1BBCE73E2F5BE93EF7F8EA3E83
:10C5F0007695EC3EA930EE3E93CAEF3E3563F13EB0
:10C6000086FAF23E8F90F43E4925F63EB9B8F73EE1
:10C61000DA4AF93EAFDBFA3E386BFC3E71F9FD3E7B
:10C620005A86FF3EFC88003F234E013FA212023F84
:10C630007BD6023FAC99033F365C043F171E053F93
:10C6400051DF053FE39F063FCE5F073F121F083FC4
:10C65000ADDD083FA29B093FEF580A3F94150B3F01
:10C6600093D10B3FE98C0C3F9A470D3FA2010E3F3F
:10C6700003BB0E3FBF730F3FD32B103F41E3103F6F
:10C68000089A113F2A50123FA405133F79BA133F6D
:10C69000A86E143F3322153F18D5153F5787163F14
:10C6A000F138173FE7E9173F389A183FE749193F34
:10C6B000EFF8193F55A71A3F18551B3F37021C3F8B
:10C6C000B3AE1C3F8E5A1D3FC4051E3F5AB01E3FDD
:10C6D0004E5A1F3FA103203F52AC203F6354213FDD
:10C6E000D3FB213FA4A2223FD548233F67EE233F3F
:10C6F0005A93243FAD37253F63DB253F7A7E263FA3
:10C70000F420273FD2C2273F1364283FB704293FB4
:10C71000BFA4293F2C442A3FFEE22A3F33812B3F0E
:10C72000D11E2C3FD2BB2C3F3C582D3F0CF42D3F4B
:10C73000438F2E3FE1292F3FE9C32F3F595D303F03
:10C7400033F6303F758E313F2126323F39BD323FBF
:10C75000BB53333FA9E9333F027F343FC713353F13
:10C76000F9A7353F993B363FA6CE363F2161373F8B
:10C770000BF3373F6484383F2E15393F65A5393FA9
:10C780000F353A3F2AC43A3FB4523B3FB3E03B3FF8
:10C79000226E3C3F06FB3C3F5D873D3F26133E3FFC
:10C7A000679E3E3F1A293F3F44B33F3FE43C403F32
:10C7B000F9C5403F864E413F89D6413F065E423F24
:10C7C000FAE4423F676B433F4FF1433FB076443F4B
:10C7D0008CFB443FE27F453FB403463F0187463F21
:10C7E000CB09473F138C473FD70D483F198F483F30
:10C7F000DD0F493FDD0F493F2E2E5C44726976659F
:10C8000072734D63755C53544D3332463430375C2C
:10C810004C69627261726965735C53544D33324680
:10C820003478785F5374645065726970685F4472DD
:10C83000697665725C7372635C6D6973632E630005
:10C840002E2E5C447269766572734D63755C535429
:10C850004D3332463430375C4C69627261726965BF
:10C86000735C53544D3332463478785F537464505C
:10C8700065726970685F4472697665725C73726331
:10C880005C73746D3332663478785F6164632E63F1
:10C89000000000002E2E5C447269766572734D6351
:10C8A000755C53544D3332463430375C4C69627298
:10C8B00061726965735C53544D3332463478785FE6
:10C8C0005374645065726970685F4472697665720A
:10C8D0005C7372635C73746D3332663478785F6452
:10C8E0006D612E63000000002E2E5C447269766537
:10C8F00072734D63755C53544D3332463430375C3C
:10C900004C69627261726965735C53544D3332468F
:10C910003478785F5374645065726970685F4472EC
:10C92000697665725C7372635C73746D33326634FE
:10C9300078785F657874692E630000002E2E5C4461
:10C940007269766572734D63755C53544D3332462C
:10C950003430375C4C69627261726965735C535440
:10C960004D3332463478785F537464506572697021
:10C97000685F4472697665725C7372635C73746D30
:10C980003332663478785F6770696F2E6300000019
:10C990002E2E5C447269766572734D63755C5354D8
:10C9A0004D3332463430375C4C696272617269656E
:10C9B000735C53544D3332463478785F537464500B
:10C9C00065726970685F4472697665725C737263E0
:10C9D0005C73746D3332663478785F7263632E6390
:10C9E000000000002E2E5C447269766572734D6300
:10C9F000755C53544D3332463430375C4C69627247
:10CA000061726965735C53544D3332463478785F94
:10CA10005374645065726970685F447269766572B8
:10CA20005C7372635C73746D3332663478785F74F0
:10CA3000696D2E63000000002E2E5C4472697665DD
:10CA400072734D63755C53544D3332463430375CEA
:10CA50004C69627261726965735C53544D3332463E
:10CA60003478785F5374645065726970685F44729B
:10CA7000697665725C7372635C73746D33326634AD
:10CA800078785F75736172742E630000ACCA000819
:10CA900000000020A801000080C3000858CB000857
:10CAA000A801002068180000E6C3000813B1016463
:10CAB00008E8031AB30C63F4011AB50C72C81AB76C
:10CAC0000C72641AB90C72321AC10C72141AC30CAB
:10CAD00072025A0144014A16B56206080612641A27
:10CAE00001024B7A120E3AC80E1BDE6A0E130714AF
:10CAF00014400D031BA08612197C5A34D01BD1CAD6
:10CB00001C111A14262133D0082AC232499D1BB8A1
:10CB1000421C53090D63FFFF1C031DAB15130103DA
:10CB20001301025B0D460B12065B114E0B12125BDA
:10CB30001D660B12215B2C840B12045B0F4A0B0544
:10CB40003407011351847A030A68090102030406B9
:08CB50000708090C6910000040
:040000050800018965
:00000001FF
