Sunplus u'nSP Assembler - Ver. 1.14.12

                            	// GCC for SUNPLUS u'nSP version 1.0.23
                            	// Command: C:\PROGRA~1\Sunplus\UNSPID~1.2D\toolchain\cc1.exe C:\DOCUME~1\ADMINI~1\LOCALS~1\Temp\cc8Qaaaa.i -fkeep-inline-functions -quiet -dumpbase main.c -mglobal-var-iram -gstabs -o .\Debug/main.asm
                            		.external __sn_func_ptr_sec
                            	
                            	// gcc2_compiled.:
                            	
00000000                    	.debug
00000000 2E 00 73 00        		.dw '.stabs "C:/Documents and Settings/Administrator/×ÀÃæ/SPI_nRF24L01_TX/SPI_nRF24L01_TX/",0x64,0,3,',0,0,offset Ltext0,seg Ltext0,0x0d,0x0a
         74 00 61 00
         62 00 73 00
         20 00 22 00
         43 00 3A 00
         2F 00 44 00
         6F 00 63 00
         75 00 6D 00
         65 00 6E 00
         74 00 73 00
         20 00 61 00
         6E 00 64 00
         20 00 53 00
         65 00 74 00
         74 00 69 00
         6E 00 67 00
         73 00 2F 00
         41 00 64 00
         6D 00 69 00
         6E 00 69 00
         73 00 74 00
         72 00 61 00
         74 00 6F 00
         72 00 2F 00
         D7 00 C0 00
         C3 00 E6 00
         2F 00 53 00
         50 00 49 00
         5F 00 6E 00
         52 00 46 00
         32 00 34 00
         4C 00 30 00
         31 00 5F 00
         54 00 58 00
         2F 00 53 00
         50 00 49 00
         5F 00 6E 00
         52 00 46 00
         32 00 34 00
         4C 00 30 00
         31 00 5F 00
         54 00 58 00
         2F 00 22 00
         2C 00 30 00
         78 00 36 00
         34 00 2C 00
         30 00 2C 00
         33 00 2C 00
         00 00 00 00
         00 00 00 00
         0D 00 0A 00
00000000                    	.code
00000066                    	.debug
00000066 2E 00 73 00        		.dw '.stabs "C:/Documents and Settings/Administrator/×/300Ã/346/SPI_nRF24L01_TX/SPI_nRF24L01_TX/main.c",0x64,0,3,',0,0,offset Ltext0,seg Ltext0,0x0d,0x0a
         74 00 61 00
         62 00 73 00
         20 00 22 00
         43 00 3A 00
         2F 00 44 00
         6F 00 63 00
         75 00 6D 00
         65 00 6E 00
         74 00 73 00
         20 00 61 00
         6E 00 64 00
         20 00 53 00
         65 00 74 00
         74 00 69 00
         6E 00 67 00
         73 00 2F 00
         41 00 64 00
         6D 00 69 00
         6E 00 69 00
         73 00 74 00
         72 00 61 00
         74 00 6F 00
         72 00 2F 00
         D7 00 2F 00
         33 00 30 00
         30 00 C3 00
         2F 00 33 00
         34 00 36 00
         2F 00 53 00
         50 00 49 00
         5F 00 6E 00
         52 00 46 00
         32 00 34 00
         4C 00 30 00
         31 00 5F 00
         54 00 58 00
         2F 00 53 00
         50 00 49 00
         5F 00 6E 00
         52 00 46 00
         32 00 34 00
         4C 00 30 00
         31 00 5F 00
         54 00 58 00
         2F 00 6D 00
         61 00 69 00
         6E 00 2E 00
         63 00 22 00
         2C 00 30 00
         78 00 36 00
         34 00 2C 00
         30 00 2C 00
         33 00 2C 00
         00 00 00 00
         00 00 00 00
         0D 00 0A 00
00000000                    	.code
00000000                    	.code
                            	Ltext0:
000000D8                    	.debug
000000D8 2E 00 73 00        		.dw '.stabs "int:t1=r1;-32768;32767;",128,0,0,0',0x0d,0x0a
         74 00 61 00
         62 00 73 00
         20 00 22 00
         69 00 6E 00
         74 00 3A 00
         74 00 31 00
         3D 00 72 00
         31 00 3B 00
         2D 00 33 00
         32 00 37 00
         36 00 38 00
         3B 00 33 00
         32 00 37 00
         36 00 37 00
         3B 00 22 00
         2C 00 31 00
         32 00 38 00
         2C 00 30 00
         2C 00 30 00
         2C 00 30 00
         0D 00 0A 00
00000000                    	.CODE
00000104                    	.debug
00000104 2E 00 73 00        		.dw '.stabs "char:t2=r2;0;127;",128,0,0,0',0x0d,0x0a
         74 00 61 00
         62 00 73 00
         20 00 22 00
         63 00 68 00
         61 00 72 00
         3A 00 74 00
         32 00 3D 00
         72 00 32 00
         3B 00 30 00
         3B 00 31 00
         32 00 37 00
         3B 00 22 00
         2C 00 31 00
         32 00 38 00
         2C 00 30 00
         2C 00 30 00
         2C 00 30 00
         0D 00 0A 00
00000000                    	.CODE
0000012A                    	.debug
0000012A 2E 00 73 00        		.dw '.stabs "long int:t3=r3;-2147483648;2147483647;",128,0,0,0',0x0d,0x0a
         74 00 61 00
         62 00 73 00
         20 00 22 00
         6C 00 6F 00
         6E 00 67 00
         20 00 69 00
         6E 00 74 00
         3A 00 74 00
         33 00 3D 00
         72 00 33 00
         3B 00 2D 00
         32 00 31 00
         34 00 37 00
         34 00 38 00
         33 00 36 00
         34 00 38 00
         3B 00 32 00
         31 00 34 00
         37 00 34 00
         38 00 33 00
         36 00 34 00
         37 00 3B 00
         22 00 2C 00
         31 00 32 00
         38 00 2C 00
         30 00 2C 00
         30 00 2C 00
         30 00 0D 00
         0A 00      
00000000                    	.CODE
00000165                    	.debug
00000165 2E 00 73 00        		.dw '.stabs "unsigned int:t4=r4;0;65535;",128,0,0,0',0x0d,0x0a
         74 00 61 00
         62 00 73 00
         20 00 22 00
         75 00 6E 00
         73 00 69 00
         67 00 6E 00
         65 00 64 00
         20 00 69 00
         6E 00 74 00
         3A 00 74 00
         34 00 3D 00
         72 00 34 00
         3B 00 30 00
         3B 00 36 00
         35 00 35 00
         33 00 35 00
         3B 00 22 00
         2C 00 31 00
         32 00 38 00
         2C 00 30 00
         2C 00 30 00
         2C 00 30 00
         0D 00 0A 00
00000000                    	.CODE
00000195                    	.debug
00000195 2E 00 73 00        		.dw '.stabs "long unsigned int:t5=r5;0;4294967295;",128,0,0,0',0x0d,0x0a
         74 00 61 00
         62 00 73 00
         20 00 22 00
         6C 00 6F 00
         6E 00 67 00
         20 00 75 00
         6E 00 73 00
         69 00 67 00
         6E 00 65 00
         64 00 20 00
         69 00 6E 00
         74 00 3A 00
         74 00 35 00
         3D 00 72 00
         35 00 3B 00
         30 00 3B 00
         34 00 32 00
         39 00 34 00
         39 00 36 00
         37 00 32 00
         39 00 35 00
         3B 00 22 00
         2C 00 31 00
         32 00 38 00
         2C 00 30 00
         2C 00 30 00
         2C 00 30 00
         0D 00 0A 00
00000000                    	.CODE
000001CF                    	.debug
000001CF 2E 00 73 00        		.dw '.stabs "long long int:t6=r6;-2147483648;2147483647;",128,0,0,0',0x0d,0x0a
         74 00 61 00
         62 00 73 00
         20 00 22 00
         6C 00 6F 00
         6E 00 67 00
         20 00 6C 00
         6F 00 6E 00
         67 00 20 00
         69 00 6E 00
         74 00 3A 00
         74 00 36 00
         3D 00 72 00
         36 00 3B 00
         2D 00 32 00
         31 00 34 00
         37 00 34 00
         38 00 33 00
         36 00 34 00
         38 00 3B 00
         32 00 31 00
         34 00 37 00
         34 00 38 00
         33 00 36 00
         34 00 37 00
         3B 00 22 00
         2C 00 31 00
         32 00 38 00
         2C 00 30 00
         2C 00 30 00
         2C 00 30 00
         0D 00 0A 00
00000000                    	.CODE
0000020F                    	.debug
0000020F 2E 00 73 00        		.dw '.stabs "long long unsigned int:t7=r7;0;4294967295;",128,0,0,0',0x0d,0x0a
         74 00 61 00
         62 00 73 00
         20 00 22 00
         6C 00 6F 00
         6E 00 67 00
         20 00 6C 00
         6F 00 6E 00
         67 00 20 00
         75 00 6E 00
         73 00 69 00
         67 00 6E 00
         65 00 64 00
         20 00 69 00
         6E 00 74 00
         3A 00 74 00
         37 00 3D 00
         72 00 37 00
         3B 00 30 00
         3B 00 34 00
         32 00 39 00
         34 00 39 00
         36 00 37 00
         32 00 39 00
         35 00 3B 00
         22 00 2C 00
         31 00 32 00
         38 00 2C 00
         30 00 2C 00
         30 00 2C 00
         30 00 0D 00
         0A 00      
00000000                    	.CODE
0000024E                    	.debug
0000024E 2E 00 73 00        		.dw '.stabs "short int:t8=r8;-32768;32767;",128,0,0,0',0x0d,0x0a
         74 00 61 00
         62 00 73 00
         20 00 22 00
         73 00 68 00
         6F 00 72 00
         74 00 20 00
         69 00 6E 00
         74 00 3A 00
         74 00 38 00
         3D 00 72 00
         38 00 3B 00
         2D 00 33 00
         32 00 37 00
         36 00 38 00
         3B 00 33 00
         32 00 37 00
         36 00 37 00
         3B 00 22 00
         2C 00 31 00
         32 00 38 00
         2C 00 30 00
         2C 00 30 00
         2C 00 30 00
         0D 00 0A 00
00000000                    	.CODE
00000280                    	.debug
00000280 2E 00 73 00        		.dw '.stabs "short unsigned int:t9=r9;0;65535;",128,0,0,0',0x0d,0x0a
         74 00 61 00
         62 00 73 00
         20 00 22 00
         73 00 68 00
         6F 00 72 00
         74 00 20 00
         75 00 6E 00
         73 00 69 00
         67 00 6E 00
         65 00 64 00
         20 00 69 00
         6E 00 74 00
         3A 00 74 00
         39 00 3D 00
         72 00 39 00
         3B 00 30 00
         3B 00 36 00
         35 00 35 00
         33 00 35 00
         3B 00 22 00
         2C 00 31 00
         32 00 38 00
         2C 00 30 00
         2C 00 30 00
         2C 00 30 00
         0D 00 0A 00
00000000                    	.CODE
000002B6                    	.debug
000002B6 2E 00 73 00        		.dw '.stabs "signed char:t10=r10;-32768;32767;",128,0,0,0',0x0d,0x0a
         74 00 61 00
         62 00 73 00
         20 00 22 00
         73 00 69 00
         67 00 6E 00
         65 00 64 00
         20 00 63 00
         68 00 61 00
         72 00 3A 00
         74 00 31 00
         30 00 3D 00
         72 00 31 00
         30 00 3B 00
         2D 00 33 00
         32 00 37 00
         36 00 38 00
         3B 00 33 00
         32 00 37 00
         36 00 37 00
         3B 00 22 00
         2C 00 31 00
         32 00 38 00
         2C 00 30 00
         2C 00 30 00
         2C 00 30 00
         0D 00 0A 00
00000000                    	.CODE
000002EC                    	.debug
000002EC 2E 00 73 00        		.dw '.stabs "unsigned char:t11=r11;0;65535;",128,0,0,0',0x0d,0x0a
         74 00 61 00
         62 00 73 00
         20 00 22 00
         75 00 6E 00
         73 00 69 00
         67 00 6E 00
         65 00 64 00
         20 00 63 00
         68 00 61 00
         72 00 3A 00
         74 00 31 00
         31 00 3D 00
         72 00 31 00
         31 00 3B 00
         30 00 3B 00
         36 00 35 00
         35 00 33 00
         35 00 3B 00
         22 00 2C 00
         31 00 32 00
         38 00 2C 00
         30 00 2C 00
         30 00 2C 00
         30 00 0D 00
         0A 00      
00000000                    	.CODE
0000031F                    	.debug
0000031F 2E 00 73 00        		.dw '.stabs "float:t12=r1;2;0;",128,0,0,0',0x0d,0x0a
         74 00 61 00
         62 00 73 00
         20 00 22 00
         66 00 6C 00
         6F 00 61 00
         74 00 3A 00
         74 00 31 00
         32 00 3D 00
         72 00 31 00
         3B 00 32 00
         3B 00 30 00
         3B 00 22 00
         2C 00 31 00
         32 00 38 00
         2C 00 30 00
         2C 00 30 00
         2C 00 30 00
         0D 00 0A 00
00000000                    	.CODE
00000345                    	.debug
00000345 2E 00 73 00        		.dw '.stabs "double:t13=r1;2;0;",128,0,0,0',0x0d,0x0a
         74 00 61 00
         62 00 73 00
         20 00 22 00
         64 00 6F 00
         75 00 62 00
         6C 00 65 00
         3A 00 74 00
         31 00 33 00
         3D 00 72 00
         31 00 3B 00
         32 00 3B 00
         30 00 3B 00
         22 00 2C 00
         31 00 32 00
         38 00 2C 00
         30 00 2C 00
         30 00 2C 00
         30 00 0D 00
         0A 00      
00000000                    	.CODE
0000036C                    	.debug
0000036C 2E 00 73 00        		.dw '.stabs "long double:t14=r1;2;0;",128,0,0,0',0x0d,0x0a
         74 00 61 00
         62 00 73 00
         20 00 22 00
         6C 00 6F 00
         6E 00 67 00
         20 00 64 00
         6F 00 75 00
         62 00 6C 00
         65 00 3A 00
         74 00 31 00
         34 00 3D 00
         72 00 31 00
         3B 00 32 00
         3B 00 30 00
         3B 00 22 00
         2C 00 31 00
         32 00 38 00
         2C 00 30 00
         2C 00 30 00
         2C 00 30 00
         0D 00 0A 00
00000000                    	.CODE
00000398                    	.debug
00000398 2E 00 73 00        		.dw '.stabs "complex int:t15=s2real:1,0,16;imag:1,16,16;;",128,0,0,0',0x0d,0x0a
         74 00 61 00
         62 00 73 00
         20 00 22 00
         63 00 6F 00
         6D 00 70 00
         6C 00 65 00
         78 00 20 00
         69 00 6E 00
         74 00 3A 00
         74 00 31 00
         35 00 3D 00
         73 00 32 00
         72 00 65 00
         61 00 6C 00
         3A 00 31 00
         2C 00 30 00
         2C 00 31 00
         36 00 3B 00
         69 00 6D 00
         61 00 67 00
         3A 00 31 00
         2C 00 31 00
         36 00 2C 00
         31 00 36 00
         3B 00 3B 00
         22 00 2C 00
         31 00 32 00
         38 00 2C 00
         30 00 2C 00
         30 00 2C 00
         30 00 0D 00
         0A 00      
00000000                    	.CODE
000003D9                    	.debug
000003D9 2E 00 73 00        		.dw '.stabs "complex float:t16=r16;2;0;",128,0,0,0',0x0d,0x0a
         74 00 61 00
         62 00 73 00
         20 00 22 00
         63 00 6F 00
         6D 00 70 00
         6C 00 65 00
         78 00 20 00
         66 00 6C 00
         6F 00 61 00
         74 00 3A 00
         74 00 31 00
         36 00 3D 00
         72 00 31 00
         36 00 3B 00
         32 00 3B 00
         30 00 3B 00
         22 00 2C 00
         31 00 32 00
         38 00 2C 00
         30 00 2C 00
         30 00 2C 00
         30 00 0D 00
         0A 00      
00000000                    	.CODE
00000408                    	.debug
00000408 2E 00 73 00        		.dw '.stabs "complex double:t17=r17;2;0;",128,0,0,0',0x0d,0x0a
         74 00 61 00
         62 00 73 00
         20 00 22 00
         63 00 6F 00
         6D 00 70 00
         6C 00 65 00
         78 00 20 00
         64 00 6F 00
         75 00 62 00
         6C 00 65 00
         3A 00 74 00
         31 00 37 00
         3D 00 72 00
         31 00 37 00
         3B 00 32 00
         3B 00 30 00
         3B 00 22 00
         2C 00 31 00
         32 00 38 00
         2C 00 30 00
         2C 00 30 00
         2C 00 30 00
         0D 00 0A 00
00000000                    	.CODE
00000438                    	.debug
00000438 2E 00 73 00        		.dw '.stabs "complex long double:t18=r18;2;0;",128,0,0,0',0x0d,0x0a
         74 00 61 00
         62 00 73 00
         20 00 22 00
         63 00 6F 00
         6D 00 70 00
         6C 00 65 00
         78 00 20 00
         6C 00 6F 00
         6E 00 67 00
         20 00 64 00
         6F 00 75 00
         62 00 6C 00
         65 00 3A 00
         74 00 31 00
         38 00 3D 00
         72 00 31 00
         38 00 3B 00
         32 00 3B 00
         30 00 3B 00
         22 00 2C 00
         31 00 32 00
         38 00 2C 00
         30 00 2C 00
         30 00 2C 00
         30 00 0D 00
         0A 00      
00000000                    	.CODE
0000046D                    	.debug
0000046D 2E 00 73 00        		.dw '.stabs "void:t19=19",128,0,0,0',0x0d,0x0a
         74 00 61 00
         62 00 73 00
         20 00 22 00
         76 00 6F 00
         69 00 64 00
         3A 00 74 00
         31 00 39 00
         3D 00 31 00
         39 00 22 00
         2C 00 31 00
         32 00 38 00
         2C 00 30 00
         2C 00 30 00
         2C 00 30 00
         0D 00 0A 00
00000000                    	.CODE
                            	.public _Buffer
00000000                    	.iram
                            	_Buffer:
00000000 38 00 00 00        		.str '8', 0
                            		// length = 2
00000002 00 00 00 00        		.dw 3 dup(0)
         00 00      
0000048D                    	.debug
0000048D 2E 00 73 00        		.dw '.stabs "Buffer:G20=ar1;0;4;11",32,0,0,',0,0,offset _Buffer,seg _Buffer,0x0d,0x0a
         74 00 61 00
         62 00 73 00
         20 00 22 00
         42 00 75 00
         66 00 66 00
         65 00 72 00
         3A 00 47 00
         32 00 30 00
         3D 00 61 00
         72 00 31 00
         3B 00 30 00
         3B 00 34 00
         3B 00 31 00
         31 00 22 00
         2C 00 33 00
         32 00 2C 00
         30 00 2C 00
         30 00 2C 00
         00 00 00 00
         00 00 00 00
         0D 00 0A 00
00000000                    	.CODE
                            	.public _TX_ADDRESS
00000000                    	.text
                            	_TX_ADDRESS:
00000000 34 00              		.dw 52
00000001 43 00              		.dw 67
00000002 10 00              		.dw 16
00000003 10 00              		.dw 16
00000004 01 00              		.dw 1
000004B9                    	.debug
000004B9 2E 00 73 00        		.dw '.stabs "TX_ADDRESS:G21=ar1;0;4;11",32,0,0,',0,0,offset _TX_ADDRESS,seg _TX_ADDRESS,0x0d,0x0a
         74 00 61 00
         62 00 73 00
         20 00 22 00
         54 00 58 00
         5F 00 41 00
         44 00 44 00
         52 00 45 00
         53 00 53 00
         3A 00 47 00
         32 00 31 00
         3D 00 61 00
         72 00 31 00
         3B 00 30 00
         3B 00 34 00
         3B 00 31 00
         31 00 22 00
         2C 00 33 00
         32 00 2C 00
         30 00 2C 00
         30 00 2C 00
         00 00 00 00
         00 00 00 00
         0D 00 0A 00
00000000                    	.CODE
000004E9                    	.debug
000004E9 2E 00 73 00        		.dw '.stabs "SPI_ReceiveData:G11",32,0,0,',0,0,offset _SPI_ReceiveData,seg _SPI_ReceiveData,0x0d,0x0a
         74 00 61 00
         62 00 73 00
         20 00 22 00
         53 00 50 00
         49 00 5F 00
         52 00 65 00
         63 00 65 00
         69 00 76 00
         65 00 44 00
         61 00 74 00
         61 00 3A 00
         47 00 31 00
         31 00 22 00
         2C 00 33 00
         32 00 2C 00
         30 00 2C 00
         30 00 2C 00
         00 00 00 00
         0A 00 00 00
         0D 00 0A 00
00000000                    	.CODE
00000513                    	.debug
00000513 2E 00 73 00        		.dw '.stabs "RX:G22=ar1;0;15;11",32,0,0,',0,0,offset _RX,seg _RX,0x0d,0x0a
         74 00 61 00
         62 00 73 00
         20 00 22 00
         52 00 58 00
         3A 00 47 00
         32 00 32 00
         3D 00 61 00
         72 00 31 00
         3B 00 30 00
         3B 00 31 00
         35 00 3B 00
         31 00 31 00
         22 00 2C 00
         33 00 32 00
         2C 00 30 00
         2C 00 30 00
         2C 00 00 00
         00 00 0B 00
         00 00 0D 00
         0A 00      
00000000                    	.CODE
                            	.public _Tx_Buffer
00000005                    	.iram
                            	_Tx_Buffer:
00000005 61 00 62 00        		.str 'a', 'b', 'c', 0
         63 00 00 00
                            		// length = 4
00000009 00 00              		.dw 1 dup(0)
0000053C                    	.debug
0000053C 2E 00 73 00        		.dw '.stabs "Tx_Buffer:G20",32,0,0,',0,0,offset _Tx_Buffer,seg _Tx_Buffer,0x0d,0x0a
         74 00 61 00
         62 00 73 00
         20 00 22 00
         54 00 78 00
         5F 00 42 00
         75 00 66 00
         66 00 65 00
         72 00 3A 00
         47 00 32 00
         30 00 22 00
         2C 00 33 00
         32 00 2C 00
         30 00 2C 00
         30 00 2C 00
         00 00 00 00
         05 00 00 00
         0D 00 0A 00
00000000                    	.CODE
00000000                    	.code
00000560                    	.debug
00000560 2E 00 73 00        		.dw '.stabs "Initial_IOB:F19",36,0,0,',0,0,offset _Initial_IOB,seg _Initial_IOB,0x0d,0x0a
         74 00 61 00
         62 00 73 00
         20 00 22 00
         49 00 6E 00
         69 00 74 00
         69 00 61 00
         6C 00 5F 00
         49 00 4F 00
         42 00 3A 00
         46 00 31 00
         39 00 22 00
         2C 00 33 00
         36 00 2C 00
         30 00 2C 00
         30 00 2C 00
         00 00 00 00
         00 00 00 00
         0D 00 0A 00
00000000                    	.CODE
                            	.public _Initial_IOB
                            	_Initial_IOB:	.proc
00000586                    	.debug
00000586 2E 00 73 00        		.dw '.stabn 0x44,0,74,',0,0
         74 00 61 00
         62 00 6E 00
         20 00 30 00
         78 00 34 00
         34 00 2C 00
         30 00 2C 00
         37 00 34 00
         2C 00 00 00
         00 00      
00000599 00 00 00 00        		.dd LM1-_Initial_IOB
0000059B 0D 00 0A 00        		.dw 0x0d,0x0a
00000000                    	.code
                            	LM1:
                            		// total=0, vars=0
                            		// frame_pointer_needed: 1
0000059D                    	.debug
0000059D 2E 00 73 00        		.dw '.stabn 0xa6,0,0,0',0x0d, 0x0a
         74 00 61 00
         62 00 6E 00
         20 00 30 00
         78 00 61 00
         36 00 2C 00
         30 00 2C 00
         30 00 2C 00
         30 00 0D 00
         0A 00      
00000000                    	.code
00000000 88 DA              		PUSH BP to [SP]
00000001 08 0B 01 00        		BP=SP+1
                            	
00000003 0D 03 03 00        		R1=BP+3
000005B0                    	.debug
000005B0 2E 00 73 00        		.dw '.stabn 0x44,0,75,',0,0
         74 00 61 00
         62 00 6E 00
         20 00 30 00
         78 00 34 00
         34 00 2C 00
         30 00 2C 00
         37 00 35 00
         2C 00 00 00
         00 00      
000005C3 05 00 00 00        		.dd LM2-_Initial_IOB
000005C5 0D 00 0A 00        		.dw 0x0d,0x0a
00000005                    	.code
                            	LM2:
00000005 71 64              		R2=(-49)	// QImode move
00000006 1A D5 07 70        		[28679]=R2	// QImode move
000005C7                    	.debug
000005C7 2E 00 73 00        		.dw '.stabn 0x44,0,76,',0,0
         74 00 61 00
         62 00 6E 00
         20 00 30 00
         78 00 34 00
         34 00 2C 00
         30 00 2C 00
         37 00 36 00
         2C 00 00 00
         00 00      
000005DA 08 00 00 00        		.dd LM3-_Initial_IOB
000005DC 0D 00 0A 00        		.dw 0x0d,0x0a
00000008                    	.code
                            	LM3:
00000008 71 64              		R2=(-49)	// QImode move
00000009 1A D5 08 70        		[28680]=R2	// QImode move
000005DE                    	.debug
000005DE 2E 00 73 00        		.dw '.stabn 0x44,0,77,',0,0
         74 00 61 00
         62 00 6E 00
         20 00 30 00
         78 00 34 00
         34 00 2C 00
         30 00 2C 00
         37 00 37 00
         2C 00 00 00
         00 00      
000005F1 0B 00 00 00        		.dd LM4-_Initial_IOB
000005F3 0D 00 0A 00        		.dw 0x0d,0x0a
0000000B                    	.code
                            	LM4:
0000000B 40 94              		R2=0	// QImode move
0000000C 1A D5 05 70        		[28677]=R2	// QImode move
000005F5                    	.debug
000005F5 2E 00 73 00        		.dw '.stabn 0x44,0,79,',0,0
         74 00 61 00
         62 00 6E 00
         20 00 30 00
         78 00 34 00
         34 00 2C 00
         30 00 2C 00
         37 00 39 00
         2C 00 00 00
         00 00      
00000608 0E 00 00 00        		.dd LM5-_Initial_IOB
0000060A 0D 00 0A 00        		.dw 0x0d,0x0a
0000000E                    	.code
                            	LM5:
0000060C                    	.debug
0000060C 2E 00 73 00        		.dw '.stabn 0x44,0,79,',0,0
         74 00 61 00
         62 00 6E 00
         20 00 30 00
         78 00 34 00
         34 00 2C 00
         30 00 2C 00
         37 00 39 00
         2C 00 00 00
         00 00      
0000061F 0E 00 00 00        		.dd LM6-_Initial_IOB
00000621 0D 00 0A 00        		.dw 0x0d,0x0a
0000000E                    	.code
                            	LM6:
                            	L2:
                            	
0000000E 88 98              		POP BP from [SP]
0000000F 90 9A              		RETF
                            		.endp	// end of Initial_IOB
                            	
00000623                    	.debug
00000623 2E 00 73 00        		.dw '.stabf ',0,0
         74 00 61 00
         62 00 66 00
         20 00 00 00
         00 00      
0000062C 10 00 00 00        		.dd LME1-_Initial_IOB
0000062E 0D 00 0A 00        		.dw 0x0d,0x0a
00000010                    	.code
                            	LME1:
00000010                    	.code
00000630                    	.debug
00000630 2E 00 73 00        		.dw '.stabs "delay1us:F19",36,0,0,',0,0,offset _delay1us,seg _delay1us,0x0d,0x0a
         74 00 61 00
         62 00 73 00
         20 00 22 00
         64 00 65 00
         6C 00 61 00
         79 00 31 00
         75 00 73 00
         3A 00 46 00
         31 00 39 00
         22 00 2C 00
         33 00 36 00
         2C 00 30 00
         2C 00 30 00
         2C 00 00 00
         00 00 10 00
         00 00 0D 00
         0A 00      
00000010                    	.CODE
                            	.public _delay1us
                            	_delay1us:	.proc
00000653                    	.debug
00000653 2E 00 73 00        		.dw '.stabn 0x44,0,81,',0,0
         74 00 61 00
         62 00 6E 00
         20 00 30 00
         78 00 34 00
         34 00 2C 00
         30 00 2C 00
         38 00 31 00
         2C 00 00 00
         00 00      
00000666 00 00 00 00        		.dd LM7-_delay1us
00000668 0D 00 0A 00        		.dw 0x0d,0x0a
00000010                    	.code
                            	LM7:
                            		// total=0, vars=0
                            		// frame_pointer_needed: 1
0000066A                    	.debug
0000066A 2E 00 73 00        		.dw '.stabn 0xa6,0,0,0',0x0d, 0x0a
         74 00 61 00
         62 00 6E 00
         20 00 30 00
         78 00 61 00
         36 00 2C 00
         30 00 2C 00
         30 00 2C 00
         30 00 0D 00
         0A 00      
00000010                    	.code
00000010 88 DA              		PUSH BP to [SP]
00000011 08 0B 01 00        		BP=SP+1
                            	
00000013 0D 03 03 00        		R1=BP+3
0000067D                    	.debug
0000067D 2E 00 73 00        		.dw '.stabn 0x44,0,82,',0,0
         74 00 61 00
         62 00 6E 00
         20 00 30 00
         78 00 34 00
         34 00 2C 00
         30 00 2C 00
         38 00 32 00
         2C 00 00 00
         00 00      
00000690 05 00 00 00        		.dd LM8-_delay1us
00000692 0D 00 0A 00        		.dw 0x0d,0x0a
00000015                    	.code
                            	LM8:
                            	L4:
00000015 01 95              		R2=R1	// QImode move
00000016 C2 96              		R3=[R2]	// QImode move
00000017 0B 05 FF FF        		R2=R3+(-1)
00000019 02 97              		R3=R2	// QImode move
0000001A 01 95              		R2=R1	// QImode move
0000001B C2 D6              		[R2]=R3	// QImode move
0000001C 40 46              		CMP R3,0	// QImode test
0000001D 04 4E 01 EE        		NSJNZ L6	//QImode NE
         00 EE      
00000020 0F 9F 27 00        		PC=L5	// jump
                            	L6:
00000694                    	.debug
00000694 2E 00 73 00        		.dw '.stabn 0x44,0,83,',0,0
         74 00 61 00
         62 00 6E 00
         20 00 30 00
         78 00 34 00
         34 00 2C 00
         30 00 2C 00
         38 00 33 00
         2C 00 00 00
         00 00      
000006A7 12 00 00 00        		.dd LM9-_delay1us
000006A9 0D 00 0A 00        		.dw 0x0d,0x0a
00000022                    	.code
                            	LM9:
00000022 41 94              		R2=1	// QImode move
00000023 1A D5 12 70        		[28690]=R2	// QImode move
00000025 0F 9F 15 00        		PC=L4	// jump
                            	L5:
000006AB                    	.debug
000006AB 2E 00 73 00        		.dw '.stabn 0x44,0,84,',0,0
         74 00 61 00
         62 00 6E 00
         20 00 30 00
         78 00 34 00
         34 00 2C 00
         30 00 2C 00
         38 00 34 00
         2C 00 00 00
         00 00      
000006BE 17 00 00 00        		.dd LM10-_delay1us
000006C0 0D 00 0A 00        		.dw 0x0d,0x0a
00000027                    	.code
                            	LM10:
000006C2                    	.debug
000006C2 2E 00 73 00        		.dw '.stabn 0x44,0,84,',0,0
         74 00 61 00
         62 00 6E 00
         20 00 30 00
         78 00 34 00
         34 00 2C 00
         30 00 2C 00
         38 00 34 00
         2C 00 00 00
         00 00      
000006D5 17 00 00 00        		.dd LM11-_delay1us
000006D7 0D 00 0A 00        		.dw 0x0d,0x0a
00000027                    	.code
                            	LM11:
                            	L3:
                            	
00000027 88 98              		POP BP from [SP]
00000028 90 9A              		RETF
                            		.endp	// end of delay1us
                            	
000006D9                    	.debug
000006D9 2E 00 73 00        		.dw '.stabs "t:p11",160,0,0,3',0x0d,0x0a
         74 00 61 00
         62 00 73 00
         20 00 22 00
         74 00 3A 00
         70 00 31 00
         31 00 22 00
         2C 00 31 00
         36 00 30 00
         2C 00 30 00
         2C 00 30 00
         2C 00 33 00
         0D 00 0A 00
00000029                    	.CODE
000006F3                    	.debug
000006F3 2E 00 73 00        		.dw '.stabf ',0,0
         74 00 61 00
         62 00 66 00
         20 00 00 00
         00 00      
000006FC 19 00 00 00        		.dd LME2-_delay1us
000006FE 0D 00 0A 00        		.dw 0x0d,0x0a
00000029                    	.code
                            	LME2:
00000029                    	.code
00000700                    	.debug
00000700 2E 00 73 00        		.dw '.stabs "SPI_RW:F11",36,0,0,',0,0,offset _SPI_RW,seg _SPI_RW,0x0d,0x0a
         74 00 61 00
         62 00 73 00
         20 00 22 00
         53 00 50 00
         49 00 5F 00
         52 00 57 00
         3A 00 46 00
         31 00 31 00
         22 00 2C 00
         33 00 36 00
         2C 00 30 00
         2C 00 30 00
         2C 00 00 00
         00 00 29 00
         00 00 0D 00
         0A 00      
00000029                    	.CODE
                            	.public _SPI_RW
                            	_SPI_RW:	.proc
00000721                    	.debug
00000721 2E 00 73 00        		.dw '.stabn 0x44,0,86,',0,0
         74 00 61 00
         62 00 6E 00
         20 00 30 00
         78 00 34 00
         34 00 2C 00
         30 00 2C 00
         38 00 36 00
         2C 00 00 00
         00 00      
00000734 00 00 00 00        		.dd LM12-_SPI_RW
00000736 0D 00 0A 00        		.dw 0x0d,0x0a
00000029                    	.code
                            	LM12:
                            		// total=1, vars=1
                            		// frame_pointer_needed: 1
00000738                    	.debug
00000738 2E 00 73 00        		.dw '.stabn 0xa6,0,0,1',0x0d, 0x0a
         74 00 61 00
         62 00 6E 00
         20 00 30 00
         78 00 61 00
         36 00 2C 00
         30 00 2C 00
         30 00 2C 00
         31 00 0D 00
         0A 00      
00000029                    	.code
00000029 88 DA              		PUSH BP to [SP]
0000002A 41 20              		SP-=1
0000002B 08 0B 01 00        		BP=SP+1
                            	
0000002D 0D 05 04 00        		R2=BP+4
                            	LBB2:
0000074B                    	.debug
0000074B 2E 00 73 00        		.dw '.stabn 0x44,0,89,',0,0
         74 00 61 00
         62 00 6E 00
         20 00 30 00
         78 00 34 00
         34 00 2C 00
         30 00 2C 00
         38 00 39 00
         2C 00 00 00
         00 00      
0000075E 06 00 00 00        		.dd LM13-_SPI_RW
00000760 0D 00 0A 00        		.dw 0x0d,0x0a
0000002F                    	.code
                            	LM13:
0000002F 40 92              		R1=0	// QImode move
00000030 C5 D2              		[BP]=R1	// QImode move
                            	L9:
00000031 C5 92              		R1=[BP]	// QImode move
00000032 47 42              		CMP R1,7	// QImode compare
00000033 04 8E 01 EE        		NSJNA L12	//QImode LEU
         00 EE      
00000036 0F 9F 71 00        		PC=L10	// jump
                            	L12:
00000762                    	.debug
00000762 2E 00 73 00        		.dw '.stabn 0x44,0,91,',0,0
         74 00 61 00
         62 00 6E 00
         20 00 30 00
         78 00 34 00
         34 00 2C 00
         30 00 2C 00
         39 00 31 00
         2C 00 00 00
         00 00      
00000775 0F 00 00 00        		.dd LM14-_SPI_RW
00000777 0D 00 0A 00        		.dw 0x0d,0x0a
00000038                    	.code
                            	LM14:
00000038 02 97              		R3=R2	// QImode move
00000039 C3 96              		R3=[R3]
0000003A 0B B3 80 00        		R1=R3&128
0000003C 40 42              		CMP R1,0	// QImode test
0000003D 0A 5E 01 EE        		NSJZ L13	//QImode EQ
         00 EE      
00000779                    	.debug
00000779 2E 00 73 00        		.dw '.stabn 0x44,0,92,',0,0
         74 00 61 00
         62 00 6E 00
         20 00 30 00
         78 00 34 00
         34 00 2C 00
         30 00 2C 00
         39 00 32 00
         2C 00 00 00
         00 00      
0000078C 17 00 00 00        		.dd LM15-_SPI_RW
0000078E 0D 00 0A 00        		.dw 0x0d,0x0a
00000040                    	.code
                            	LM15:
00000040 11 93 05 70        		R1=[28677]	// QImode move
00000042 09 A7 08 00        		R3=R1|8
00000044 1B D7 05 70        		[28677]=R3	// QImode move
00000046 0F 9F 4E 00        		PC=L14	// jump
                            	L13:
00000790                    	.debug
00000790 2E 00 73 00        		.dw '.stabn 0x44,0,94,',0,0
         74 00 61 00
         62 00 6E 00
         20 00 30 00
         78 00 34 00
         34 00 2C 00
         30 00 2C 00
         39 00 34 00
         2C 00 00 00
         00 00      
000007A3 1F 00 00 00        		.dd LM16-_SPI_RW
000007A5 0D 00 0A 00        		.dw 0x0d,0x0a
00000048                    	.code
                            	LM16:
00000048 11 93 05 70        		R1=[28677]	// QImode move
0000004A 09 B7 F7 FF        		R3=R1&(-9)
0000004C 1B D7 05 70        		[28677]=R3	// QImode move
                            	L14:
000007A7                    	.debug
000007A7 2E 00 73 00        		.dw '.stabn 0x44,0,95,',0,0
         74 00 61 00
         62 00 6E 00
         20 00 30 00
         78 00 34 00
         34 00 2C 00
         30 00 2C 00
         39 00 35 00
         2C 00 00 00
         00 00      
000007BA 25 00 00 00        		.dd LM17-_SPI_RW
000007BC 0D 00 0A 00        		.dw 0x0d,0x0a
0000004E                    	.code
                            	LM17:
0000004E 02 99              		R4=R2	// QImode move
0000004F C4 92              		R1=[R4]	// QImode move
00000050 41 97              		R3=R1 lsl 1
00000051 02 93              		R1=R2	// QImode move
00000052 C1 D6              		[R1]=R3	// QImode move
000007BE                    	.debug
000007BE 2E 00 73 00        		.dw '.stabn 0x44,0,96,',0,0
         74 00 61 00
         62 00 6E 00
         20 00 30 00
         78 00 34 00
         34 00 2C 00
         30 00 2C 00
         39 00 36 00
         2C 00 00 00
         00 00      
000007D1 2A 00 00 00        		.dd LM18-_SPI_RW
000007D3 0D 00 0A 00        		.dw 0x0d,0x0a
00000053                    	.code
                            	LM18:
00000053 11 93 05 70        		R1=[28677]	// QImode move
00000055 09 A7 04 00        		R3=R1|4
00000057 1B D7 05 70        		[28677]=R3	// QImode move
000007D5                    	.debug
000007D5 2E 00 73 00        		.dw '.stabn 0x44,0,97,',0,0
         74 00 61 00
         62 00 6E 00
         20 00 30 00
         78 00 34 00
         34 00 2C 00
         30 00 2C 00
         39 00 37 00
         2C 00 00 00
         00 00      
000007E8 30 00 00 00        		.dd LM19-_SPI_RW
000007EA 0D 00 0A 00        		.dw 0x0d,0x0a
00000059                    	.code
                            	LM19:
00000059 13 97 05 70        		R3=[28677]	// QImode move
0000005B 0B B3 10 00        		R1=R3&16
0000005D 40 42              		CMP R1,0	// QImode test
0000005E 06 5E 01 EE        		NSJZ L15	//QImode EQ
         00 EE      
00000061 02 97              		R3=R2	// QImode move
00000062 C3 98              		R4=[R3]
00000063 41 A8              		R4=R4|1
00000064 C3 D8              		[R3]=R4	// QImode move
                            	L15:
000007EC                    	.debug
000007EC 2E 00 73 00        		.dw '.stabn 0x44,0,98,',0,0
         74 00 61 00
         62 00 6E 00
         20 00 30 00
         78 00 34 00
         34 00 2C 00
         30 00 2C 00
         39 00 38 00
         2C 00 00 00
         00 00      
000007FF 3C 00 00 00        		.dd LM20-_SPI_RW
00000801 0D 00 0A 00        		.dw 0x0d,0x0a
00000065                    	.code
                            	LM20:
00000065 11 93 05 70        		R1=[28677]	// QImode move
00000067 09 B7 FB FF        		R3=R1&(-5)
00000069 1B D7 05 70        		[28677]=R3	// QImode move
00000803                    	.debug
00000803 2E 00 73 00        		.dw '.stabn 0x44,0,89,',0,0
         74 00 61 00
         62 00 6E 00
         20 00 30 00
         78 00 34 00
         34 00 2C 00
         30 00 2C 00
         38 00 39 00
         2C 00 00 00
         00 00      
00000816 42 00 00 00        		.dd LM21-_SPI_RW
00000818 0D 00 0A 00        		.dw 0x0d,0x0a
0000006B                    	.code
                            	LM21:
                            	L11:
0000006B C5 92              		R1=[BP]	// QImode move
0000006C 09 07 01 00        		R3=R1+1
0000006E C5 D6              		[BP]=R3	// QImode move
0000006F 0F 9F 31 00        		PC=L9	// jump
                            	L10:
0000081A                    	.debug
0000081A 2E 00 73 00        		.dw '.stabn 0x44,0,102,',0,0
         74 00 61 00
         62 00 6E 00
         20 00 30 00
         78 00 34 00
         34 00 2C 00
         30 00 2C 00
         31 00 30 00
         32 00 2C 00
         00 00 00 00
0000082E 48 00 00 00        		.dd LM22-_SPI_RW
00000830 0D 00 0A 00        		.dw 0x0d,0x0a
00000071                    	.code
                            	LM22:
00000071 02 93              		R1=R2	// QImode move
00000072 C1 96              		R3=[R1]	// QImode move
00000073 03 93              		R1=R3	// QImode move
00000074 0F 9F 76 00        		PC=L8	// jump
00000832                    	.debug
00000832 2E 00 73 00        		.dw '.stabn 0x44,0,103,',0,0
         74 00 61 00
         62 00 6E 00
         20 00 30 00
         78 00 34 00
         34 00 2C 00
         30 00 2C 00
         31 00 30 00
         33 00 2C 00
         00 00 00 00
00000846 4D 00 00 00        		.dd LM23-_SPI_RW
00000848 0D 00 0A 00        		.dw 0x0d,0x0a
00000076                    	.code
                            	LM23:
                            	LBE2:
0000084A                    	.debug
0000084A 2E 00 73 00        		.dw '.stabn 0x44,0,103,',0,0
         74 00 61 00
         62 00 6E 00
         20 00 30 00
         78 00 34 00
         34 00 2C 00
         30 00 2C 00
         31 00 30 00
         33 00 2C 00
         00 00 00 00
0000085E 4D 00 00 00        		.dd LM24-_SPI_RW
00000860 0D 00 0A 00        		.dw 0x0d,0x0a
00000076                    	.code
                            	LM24:
                            	L8:
                            	
00000076 41 00              		SP+=1
00000077 88 98              		POP BP from [SP]
00000078 90 9A              		RETF
                            		.endp	// end of SPI_RW
                            	
00000862                    	.debug
00000862 2E 00 73 00        		.dw '.stabs "byte:p11",160,0,0,4',0x0d,0x0a
         74 00 61 00
         62 00 73 00
         20 00 22 00
         62 00 79 00
         74 00 65 00
         3A 00 70 00
         31 00 31 00
         22 00 2C 00
         31 00 36 00
         30 00 2C 00
         30 00 2C 00
         30 00 2C 00
         34 00 0D 00
         0A 00      
00000079                    	.CODE
0000087F                    	.debug
0000087F 2E 00 73 00        		.dw '.stabn 0xc0,0,0,',0,0
         74 00 61 00
         62 00 6E 00
         20 00 30 00
         78 00 63 00
         30 00 2C 00
         30 00 2C 00
         30 00 2C 00
         00 00 00 00
00000891 06 00 00 00        		.dd LBB2-_SPI_RW
00000893 0D 00 0A 00        		.dw 0x0d,0x0a
00000079                    	.code
00000895                    	.debug
00000895 2E 00 73 00        		.dw '.stabs "bit_ctr:11",128,0,0,0',0x0d,0x0a
         74 00 61 00
         62 00 73 00
         20 00 22 00
         62 00 69 00
         74 00 5F 00
         63 00 74 00
         72 00 3A 00
         31 00 31 00
         22 00 2C 00
         31 00 32 00
         38 00 2C 00
         30 00 2C 00
         30 00 2C 00
         30 00 0D 00
         0A 00      
00000079                    	.CODE
000008B4                    	.debug
000008B4 2E 00 73 00        		.dw '.stabn 0xe0,0,0,',0,0
         74 00 61 00
         62 00 6E 00
         20 00 30 00
         78 00 65 00
         30 00 2C 00
         30 00 2C 00
         30 00 2C 00
         00 00 00 00
000008C6 4D 00 00 00        		.dd LBE2-_SPI_RW
000008C8 0D 00 0A 00        		.dw 0x0d,0x0a
00000079                    	.code
000008CA                    	.debug
000008CA 2E 00 73 00        		.dw '.stabf ',0,0
         74 00 61 00
         62 00 66 00
         20 00 00 00
         00 00      
000008D3 50 00 00 00        		.dd LME3-_SPI_RW
000008D5 0D 00 0A 00        		.dw 0x0d,0x0a
00000079                    	.code
                            	LME3:
00000079                    	.code
000008D7                    	.debug
000008D7 2E 00 73 00        		.dw '.stabs "SPI_Read:F11",36,0,0,',0,0,offset _SPI_Read,seg _SPI_Read,0x0d,0x0a
         74 00 61 00
         62 00 73 00
         20 00 22 00
         53 00 50 00
         49 00 5F 00
         52 00 65 00
         61 00 64 00
         3A 00 46 00
         31 00 31 00
         22 00 2C 00
         33 00 36 00
         2C 00 30 00
         2C 00 30 00
         2C 00 00 00
         00 00 79 00
         00 00 0D 00
         0A 00      
00000079                    	.CODE
                            	.public _SPI_Read
                            	_SPI_Read:	.proc
000008FA                    	.debug
000008FA 2E 00 73 00        		.dw '.stabn 0x44,0,105,',0,0
         74 00 61 00
         62 00 6E 00
         20 00 30 00
         78 00 34 00
         34 00 2C 00
         30 00 2C 00
         31 00 30 00
         35 00 2C 00
         00 00 00 00
0000090E 00 00 00 00        		.dd LM25-_SPI_Read
00000910 0D 00 0A 00        		.dw 0x0d,0x0a
00000079                    	.code
                            	LM25:
                            		// total=2, vars=2
                            		// frame_pointer_needed: 1
00000912                    	.debug
00000912 2E 00 73 00        		.dw '.stabn 0xa6,0,0,2',0x0d, 0x0a
         74 00 61 00
         62 00 6E 00
         20 00 30 00
         78 00 61 00
         36 00 2C 00
         30 00 2C 00
         30 00 2C 00
         32 00 0D 00
         0A 00      
00000079                    	.code
00000079 88 DA              		PUSH BP to [SP]
0000007A 42 20              		SP-=2
0000007B 08 0B 01 00        		BP=SP+1
                            	
0000007D 0D 03 05 00        		R1=BP+5
0000007F 01 D2              		[BP+1]=R1	// QImode move
                            	LBB3:
00000925                    	.debug
00000925 2E 00 73 00        		.dw '.stabn 0x44,0,108,',0,0
         74 00 61 00
         62 00 6E 00
         20 00 30 00
         78 00 34 00
         34 00 2C 00
         30 00 2C 00
         31 00 30 00
         38 00 2C 00
         00 00 00 00
00000939 07 00 00 00        		.dd LM26-_SPI_Read
0000093B 0D 00 0A 00        		.dw 0x0d,0x0a
00000080                    	.code
                            	LM26:
00000080 11 93 05 70        		R1=[28677]	// QImode move
00000082 09 B5 FD FF        		R2=R1&(-3)
00000084 1A D5 05 70        		[28677]=R2	// QImode move
0000093D                    	.debug
0000093D 2E 00 73 00        		.dw '.stabn 0x44,0,109,',0,0
         74 00 61 00
         62 00 6E 00
         20 00 30 00
         78 00 34 00
         34 00 2C 00
         30 00 2C 00
         31 00 30 00
         39 00 2C 00
         00 00 00 00
00000951 0D 00 00 00        		.dd LM27-_SPI_Read
00000953 0D 00 0A 00        		.dw 0x0d,0x0a
00000086                    	.code
                            	LM27:
00000086 01 94              		R2=[BP+1]	// QImode move
00000087 C2 92              		R1=[R2]	// QImode move
00000088 C8 D2              		[SP--]=R1	// QImode move
00000089 40 F0 29 00        		CALL _SPI_RW	// call with return value
0000008B 41 00              		SP = SP + 1	//SP
00000955                    	.debug
00000955 2E 00 73 00        		.dw '.stabn 0x44,0,110,',0,0
         74 00 61 00
         62 00 6E 00
         20 00 30 00
         78 00 34 00
         34 00 2C 00
         30 00 2C 00
         31 00 31 00
         30 00 2C 00
         00 00 00 00
00000969 13 00 00 00        		.dd LM28-_SPI_Read
0000096B 0D 00 0A 00        		.dw 0x0d,0x0a
0000008C                    	.code
                            	LM28:
0000008C 40 92              		R1=0	// QImode move
0000008D C8 D2              		[SP--]=R1	// QImode move
0000008E 40 F0 29 00        		CALL _SPI_RW	// call with return value
00000090 41 00              		SP = SP + 1	//SP
00000091 C5 D2              		[BP]=R1	// QImode move
0000096D                    	.debug
0000096D 2E 00 73 00        		.dw '.stabn 0x44,0,111,',0,0
         74 00 61 00
         62 00 6E 00
         20 00 30 00
         78 00 34 00
         34 00 2C 00
         30 00 2C 00
         31 00 31 00
         31 00 2C 00
         00 00 00 00
00000981 19 00 00 00        		.dd LM29-_SPI_Read
00000983 0D 00 0A 00        		.dw 0x0d,0x0a
00000092                    	.code
                            	LM29:
00000092 11 93 05 70        		R1=[28677]	// QImode move
00000094 09 A5 02 00        		R2=R1|2
00000096 1A D5 05 70        		[28677]=R2	// QImode move
00000985                    	.debug
00000985 2E 00 73 00        		.dw '.stabn 0x44,0,113,',0,0
         74 00 61 00
         62 00 6E 00
         20 00 30 00
         78 00 34 00
         34 00 2C 00
         30 00 2C 00
         31 00 31 00
         33 00 2C 00
         00 00 00 00
00000999 1F 00 00 00        		.dd LM30-_SPI_Read
0000099B 0D 00 0A 00        		.dw 0x0d,0x0a
00000098                    	.code
                            	LM30:
00000098 C5 94              		R2=[BP]	// QImode move
00000099 02 93              		R1=R2	// QImode move
0000009A 0F 9F 9C 00        		PC=L19	// jump
0000099D                    	.debug
0000099D 2E 00 73 00        		.dw '.stabn 0x44,0,114,',0,0
         74 00 61 00
         62 00 6E 00
         20 00 30 00
         78 00 34 00
         34 00 2C 00
         30 00 2C 00
         31 00 31 00
         34 00 2C 00
         00 00 00 00
000009B1 23 00 00 00        		.dd LM31-_SPI_Read
000009B3 0D 00 0A 00        		.dw 0x0d,0x0a
0000009C                    	.code
                            	LM31:
                            	LBE3:
000009B5                    	.debug
000009B5 2E 00 73 00        		.dw '.stabn 0x44,0,114,',0,0
         74 00 61 00
         62 00 6E 00
         20 00 30 00
         78 00 34 00
         34 00 2C 00
         30 00 2C 00
         31 00 31 00
         34 00 2C 00
         00 00 00 00
000009C9 23 00 00 00        		.dd LM32-_SPI_Read
000009CB 0D 00 0A 00        		.dw 0x0d,0x0a
0000009C                    	.code
                            	LM32:
                            	L19:
                            	
0000009C 42 00              		SP+=2
0000009D 88 98              		POP BP from [SP]
0000009E 90 9A              		RETF
                            		.endp	// end of SPI_Read
                            	
000009CD                    	.debug
000009CD 2E 00 73 00        		.dw '.stabs "reg:p11",160,0,0,5',0x0d,0x0a
         74 00 61 00
         62 00 73 00
         20 00 22 00
         72 00 65 00
         67 00 3A 00
         70 00 31 00
         31 00 22 00
         2C 00 31 00
         36 00 30 00
         2C 00 30 00
         2C 00 30 00
         2C 00 35 00
         0D 00 0A 00
0000009F                    	.CODE
000009E9                    	.debug
000009E9 2E 00 73 00        		.dw '.stabn 0xc0,0,0,',0,0
         74 00 61 00
         62 00 6E 00
         20 00 30 00
         78 00 63 00
         30 00 2C 00
         30 00 2C 00
         30 00 2C 00
         00 00 00 00
000009FB 07 00 00 00        		.dd LBB3-_SPI_Read
000009FD 0D 00 0A 00        		.dw 0x0d,0x0a
0000009F                    	.code
000009FF                    	.debug
000009FF 2E 00 73 00        		.dw '.stabs "reg_val:11",128,0,0,0',0x0d,0x0a
         74 00 61 00
         62 00 73 00
         20 00 22 00
         72 00 65 00
         67 00 5F 00
         76 00 61 00
         6C 00 3A 00
         31 00 31 00
         22 00 2C 00
         31 00 32 00
         38 00 2C 00
         30 00 2C 00
         30 00 2C 00
         30 00 0D 00
         0A 00      
0000009F                    	.CODE
00000A1E                    	.debug
00000A1E 2E 00 73 00        		.dw '.stabn 0xe0,0,0,',0,0
         74 00 61 00
         62 00 6E 00
         20 00 30 00
         78 00 65 00
         30 00 2C 00
         30 00 2C 00
         30 00 2C 00
         00 00 00 00
00000A30 23 00 00 00        		.dd LBE3-_SPI_Read
00000A32 0D 00 0A 00        		.dw 0x0d,0x0a
0000009F                    	.code
00000A34                    	.debug
00000A34 2E 00 73 00        		.dw '.stabf ',0,0
         74 00 61 00
         62 00 66 00
         20 00 00 00
         00 00      
00000A3D 26 00 00 00        		.dd LME4-_SPI_Read
00000A3F 0D 00 0A 00        		.dw 0x0d,0x0a
0000009F                    	.code
                            	LME4:
0000009F                    	.code
00000A41                    	.debug
00000A41 2E 00 73 00        		.dw '.stabs "SPI_RW_Reg:F11",36,0,0,',0,0,offset _SPI_RW_Reg,seg _SPI_RW_Reg,0x0d,0x0a
         74 00 61 00
         62 00 73 00
         20 00 22 00
         53 00 50 00
         49 00 5F 00
         52 00 57 00
         5F 00 52 00
         65 00 67 00
         3A 00 46 00
         31 00 31 00
         22 00 2C 00
         33 00 36 00
         2C 00 30 00
         2C 00 30 00
         2C 00 00 00
         00 00 9F 00
         00 00 0D 00
         0A 00      
0000009F                    	.CODE
                            	.public _SPI_RW_Reg
                            	_SPI_RW_Reg:	.proc
00000A66                    	.debug
00000A66 2E 00 73 00        		.dw '.stabn 0x44,0,118,',0,0
         74 00 61 00
         62 00 6E 00
         20 00 30 00
         78 00 34 00
         34 00 2C 00
         30 00 2C 00
         31 00 31 00
         38 00 2C 00
         00 00 00 00
00000A7A 00 00 00 00        		.dd LM33-_SPI_RW_Reg
00000A7C 0D 00 0A 00        		.dw 0x0d,0x0a
0000009F                    	.code
                            	LM33:
                            		// total=2, vars=2
                            		// frame_pointer_needed: 1
00000A7E                    	.debug
00000A7E 2E 00 73 00        		.dw '.stabn 0xa6,0,0,2',0x0d, 0x0a
         74 00 61 00
         62 00 6E 00
         20 00 30 00
         78 00 61 00
         36 00 2C 00
         30 00 2C 00
         30 00 2C 00
         32 00 0D 00
         0A 00      
0000009F                    	.code
0000009F 88 DA              		PUSH BP to [SP]
000000A0 42 20              		SP-=2
000000A1 08 0B 01 00        		BP=SP+1
                            	
000000A3 0D 03 05 00        		R1=BP+5
000000A5 01 D2              		[BP+1]=R1	// QImode move
                            	LBB4:
00000A91                    	.debug
00000A91 2E 00 73 00        		.dw '.stabn 0x44,0,120,',0,0
         74 00 61 00
         62 00 6E 00
         20 00 30 00
         78 00 34 00
         34 00 2C 00
         30 00 2C 00
         31 00 32 00
         30 00 2C 00
         00 00 00 00
00000AA5 07 00 00 00        		.dd LM34-_SPI_RW_Reg
00000AA7 0D 00 0A 00        		.dw 0x0d,0x0a
000000A6                    	.code
                            	LM34:
000000A6 11 93 05 70        		R1=[28677]	// QImode move
000000A8 09 B5 FD FF        		R2=R1&(-3)
000000AA 1A D5 05 70        		[28677]=R2	// QImode move
00000AA9                    	.debug
00000AA9 2E 00 73 00        		.dw '.stabn 0x44,0,121,',0,0
         74 00 61 00
         62 00 6E 00
         20 00 30 00
         78 00 34 00
         34 00 2C 00
         30 00 2C 00
         31 00 32 00
         31 00 2C 00
         00 00 00 00
00000ABD 0D 00 00 00        		.dd LM35-_SPI_RW_Reg
00000ABF 0D 00 0A 00        		.dw 0x0d,0x0a
000000AC                    	.code
                            	LM35:
000000AC 01 94              		R2=[BP+1]	// QImode move
000000AD C2 92              		R1=[R2]	// QImode move
000000AE C8 D2              		[SP--]=R1	// QImode move
000000AF 40 F0 29 00        		CALL _SPI_RW	// call with return value
000000B1 41 00              		SP = SP + 1	//SP
000000B2 C5 D2              		[BP]=R1	// QImode move
00000AC1                    	.debug
00000AC1 2E 00 73 00        		.dw '.stabn 0x44,0,122,',0,0
         74 00 61 00
         62 00 6E 00
         20 00 30 00
         78 00 34 00
         34 00 2C 00
         30 00 2C 00
         31 00 32 00
         32 00 2C 00
         00 00 00 00
00000AD5 14 00 00 00        		.dd LM36-_SPI_RW_Reg
00000AD7 0D 00 0A 00        		.dw 0x0d,0x0a
000000B3                    	.code
                            	LM36:
000000B3 01 92              		R1=[BP+1]	// QImode move
000000B4 01 96              		R3=[BP+1]	// QImode move
000000B5 0B 05 01 00        		R2=R3+1
000000B7 02 97              		R3=R2	// QImode move
000000B8 C3 92              		R1=[R3]	// QImode move
000000B9 C8 D2              		[SP--]=R1	// QImode move
000000BA 40 F0 29 00        		CALL _SPI_RW	// call with return value
000000BC 41 00              		SP = SP + 1	//SP
00000AD9                    	.debug
00000AD9 2E 00 73 00        		.dw '.stabn 0x44,0,123,',0,0
         74 00 61 00
         62 00 6E 00
         20 00 30 00
         78 00 34 00
         34 00 2C 00
         30 00 2C 00
         31 00 32 00
         33 00 2C 00
         00 00 00 00
00000AED 1E 00 00 00        		.dd LM37-_SPI_RW_Reg
00000AEF 0D 00 0A 00        		.dw 0x0d,0x0a
000000BD                    	.code
                            	LM37:
000000BD 11 93 05 70        		R1=[28677]	// QImode move
000000BF 09 A5 02 00        		R2=R1|2
000000C1 1A D5 05 70        		[28677]=R2	// QImode move
00000AF1                    	.debug
00000AF1 2E 00 73 00        		.dw '.stabn 0x44,0,124,',0,0
         74 00 61 00
         62 00 6E 00
         20 00 30 00
         78 00 34 00
         34 00 2C 00
         30 00 2C 00
         31 00 32 00
         34 00 2C 00
         00 00 00 00
00000B05 24 00 00 00        		.dd LM38-_SPI_RW_Reg
00000B07 0D 00 0A 00        		.dw 0x0d,0x0a
000000C3                    	.code
                            	LM38:
000000C3 C5 94              		R2=[BP]	// QImode move
000000C4 02 93              		R1=R2	// QImode move
000000C5 0F 9F C7 00        		PC=L20	// jump
00000B09                    	.debug
00000B09 2E 00 73 00        		.dw '.stabn 0x44,0,125,',0,0
         74 00 61 00
         62 00 6E 00
         20 00 30 00
         78 00 34 00
         34 00 2C 00
         30 00 2C 00
         31 00 32 00
         35 00 2C 00
         00 00 00 00
00000B1D 28 00 00 00        		.dd LM39-_SPI_RW_Reg
00000B1F 0D 00 0A 00        		.dw 0x0d,0x0a
000000C7                    	.code
                            	LM39:
                            	LBE4:
00000B21                    	.debug
00000B21 2E 00 73 00        		.dw '.stabn 0x44,0,125,',0,0
         74 00 61 00
         62 00 6E 00
         20 00 30 00
         78 00 34 00
         34 00 2C 00
         30 00 2C 00
         31 00 32 00
         35 00 2C 00
         00 00 00 00
00000B35 28 00 00 00        		.dd LM40-_SPI_RW_Reg
00000B37 0D 00 0A 00        		.dw 0x0d,0x0a
000000C7                    	.code
                            	LM40:
                            	L20:
                            	
000000C7 42 00              		SP+=2
000000C8 88 98              		POP BP from [SP]
000000C9 90 9A              		RETF
                            		.endp	// end of SPI_RW_Reg
                            	
00000B39                    	.debug
00000B39 2E 00 73 00        		.dw '.stabs "reg:p11",160,0,0,5',0x0d,0x0a
         74 00 61 00
         62 00 73 00
         20 00 22 00
         72 00 65 00
         67 00 3A 00
         70 00 31 00
         31 00 22 00
         2C 00 31 00
         36 00 30 00
         2C 00 30 00
         2C 00 30 00
         2C 00 35 00
         0D 00 0A 00
000000CA                    	.CODE
00000B55                    	.debug
00000B55 2E 00 73 00        		.dw '.stabs "value:p11",160,0,0,6',0x0d,0x0a
         74 00 61 00
         62 00 73 00
         20 00 22 00
         76 00 61 00
         6C 00 75 00
         65 00 3A 00
         70 00 31 00
         31 00 22 00
         2C 00 31 00
         36 00 30 00
         2C 00 30 00
         2C 00 30 00
         2C 00 36 00
         0D 00 0A 00
000000CA                    	.CODE
00000B73                    	.debug
00000B73 2E 00 73 00        		.dw '.stabn 0xc0,0,0,',0,0
         74 00 61 00
         62 00 6E 00
         20 00 30 00
         78 00 63 00
         30 00 2C 00
         30 00 2C 00
         30 00 2C 00
         00 00 00 00
00000B85 07 00 00 00        		.dd LBB4-_SPI_RW_Reg
00000B87 0D 00 0A 00        		.dw 0x0d,0x0a
000000CA                    	.code
00000B89                    	.debug
00000B89 2E 00 73 00        		.dw '.stabs "status:11",128,0,0,0',0x0d,0x0a
         74 00 61 00
         62 00 73 00
         20 00 22 00
         73 00 74 00
         61 00 74 00
         75 00 73 00
         3A 00 31 00
         31 00 22 00
         2C 00 31 00
         32 00 38 00
         2C 00 30 00
         2C 00 30 00
         2C 00 30 00
         0D 00 0A 00
000000CA                    	.CODE
00000BA7                    	.debug
00000BA7 2E 00 73 00        		.dw '.stabn 0xe0,0,0,',0,0
         74 00 61 00
         62 00 6E 00
         20 00 30 00
         78 00 65 00
         30 00 2C 00
         30 00 2C 00
         30 00 2C 00
         00 00 00 00
00000BB9 28 00 00 00        		.dd LBE4-_SPI_RW_Reg
00000BBB 0D 00 0A 00        		.dw 0x0d,0x0a
000000CA                    	.code
00000BBD                    	.debug
00000BBD 2E 00 73 00        		.dw '.stabf ',0,0
         74 00 61 00
         62 00 66 00
         20 00 00 00
         00 00      
00000BC6 2B 00 00 00        		.dd LME5-_SPI_RW_Reg
00000BC8 0D 00 0A 00        		.dw 0x0d,0x0a
000000CA                    	.code
                            	LME5:
000000CA                    	.code
00000BCA                    	.debug
00000BCA 2E 00 73 00        		.dw '.stabs "SPI_Read_Buf:F11",36,0,0,',0,0,offset _SPI_Read_Buf,seg _SPI_Read_Buf,0x0d,0x0a
         74 00 61 00
         62 00 73 00
         20 00 22 00
         53 00 50 00
         49 00 5F 00
         52 00 65 00
         61 00 64 00
         5F 00 42 00
         75 00 66 00
         3A 00 46 00
         31 00 31 00
         22 00 2C 00
         33 00 36 00
         2C 00 30 00
         2C 00 30 00
         2C 00 00 00
         00 00 CA 00
         00 00 0D 00
         0A 00      
000000CA                    	.CODE
                            	.public _SPI_Read_Buf
                            	_SPI_Read_Buf:	.proc
00000BF1                    	.debug
00000BF1 2E 00 73 00        		.dw '.stabn 0x44,0,128,',0,0
         74 00 61 00
         62 00 6E 00
         20 00 30 00
         78 00 34 00
         34 00 2C 00
         30 00 2C 00
         31 00 32 00
         38 00 2C 00
         00 00 00 00
00000C05 00 00 00 00        		.dd LM41-_SPI_Read_Buf
00000C07 0D 00 0A 00        		.dw 0x0d,0x0a
000000CA                    	.code
                            	LM41:
                            		// total=6, vars=6
                            		// frame_pointer_needed: 1
00000C09                    	.debug
00000C09 2E 00 73 00        		.dw '.stabn 0xa6,0,0,6',0x0d, 0x0a
         74 00 61 00
         62 00 6E 00
         20 00 30 00
         78 00 61 00
         36 00 2C 00
         30 00 2C 00
         30 00 2C 00
         36 00 0D 00
         0A 00      
000000CA                    	.code
000000CA 88 DA              		PUSH BP to [SP]
000000CB 46 20              		SP-=6
000000CC 08 0B 01 00        		BP=SP+1
                            	
000000CE 0D 03 09 00        		R1=BP+9
000000D0 02 D2              		[BP+2]=R1	// QImode move
                            	LBB5:
00000C1C                    	.debug
00000C1C 2E 00 73 00        		.dw '.stabn 0x44,0,130,',0,0
         74 00 61 00
         62 00 6E 00
         20 00 30 00
         78 00 34 00
         34 00 2C 00
         30 00 2C 00
         31 00 33 00
         30 00 2C 00
         00 00 00 00
00000C30 07 00 00 00        		.dd LM42-_SPI_Read_Buf
00000C32 0D 00 0A 00        		.dw 0x0d,0x0a
000000D1                    	.code
                            	LM42:
000000D1 11 93 05 70        		R1=[28677]	// QImode move
000000D3 09 B5 FD FF        		R2=R1&(-3)
000000D5 1A D5 05 70        		[28677]=R2	// QImode move
00000C34                    	.debug
00000C34 2E 00 73 00        		.dw '.stabn 0x44,0,131,',0,0
         74 00 61 00
         62 00 6E 00
         20 00 30 00
         78 00 34 00
         34 00 2C 00
         30 00 2C 00
         31 00 33 00
         31 00 2C 00
         00 00 00 00
00000C48 0D 00 00 00        		.dd LM43-_SPI_Read_Buf
00000C4A 0D 00 0A 00        		.dw 0x0d,0x0a
000000D7                    	.code
                            	LM43:
000000D7 02 94              		R2=[BP+2]	// QImode move
000000D8 C2 92              		R1=[R2]	// QImode move
000000D9 C8 D2              		[SP--]=R1	// QImode move
000000DA 40 F0 29 00        		CALL _SPI_RW	// call with return value
000000DC 41 00              		SP = SP + 1	//SP
000000DD C5 D2              		[BP]=R1	// QImode move
00000C4C                    	.debug
00000C4C 2E 00 73 00        		.dw '.stabn 0x44,0,132,',0,0
         74 00 61 00
         62 00 6E 00
         20 00 30 00
         78 00 34 00
         34 00 2C 00
         30 00 2C 00
         31 00 33 00
         32 00 2C 00
         00 00 00 00
00000C60 14 00 00 00        		.dd LM44-_SPI_Read_Buf
00000C62 0D 00 0A 00        		.dw 0x0d,0x0a
000000DE                    	.code
                            	LM44:
000000DE 05 93              		R1=BP	// QImode move
000000DF 0D 05 01 00        		R2=BP+1
000000E1 40 92              		R1=0	// QImode move
000000E2 02 97              		R3=R2	// QImode move
000000E3 C3 D2              		[R3]=R1	// QImode move
                            	L22:
000000E4 05 95              		R2=BP	// QImode move
000000E5 0D 03 01 00        		R1=BP+1
000000E7 02 94              		R2=[BP+2]	// QImode move
000000E8 02 98              		R4=[BP+2]	// QImode move
000000E9 0C 07 02 00        		R3=R4+2
000000EB 01 95              		R2=R1	// QImode move
000000EC C2 92              		R1=[R2]	// QImode move
000000ED 03 99              		R4=R3	// QImode move
000000EE C4 42              		CMP R1,[R4]	// QImode compare
000000EF 04 0E 01 EE        		NSJB L25	//QImode LTU
         00 EE      
000000F2 0F 9F 1C 01        		PC=L23	// jump
                            	L25:
00000C64                    	.debug
00000C64 2E 00 73 00        		.dw '.stabn 0x44,0,133,',0,0
         74 00 61 00
         62 00 6E 00
         20 00 30 00
         78 00 34 00
         34 00 2C 00
         30 00 2C 00
         31 00 33 00
         33 00 2C 00
         00 00 00 00
00000C78 2A 00 00 00        		.dd LM45-_SPI_Read_Buf
00000C7A 0D 00 0A 00        		.dw 0x0d,0x0a
000000F4                    	.code
                            	LM45:
000000F4 40 92              		R1=0	// QImode move
000000F5 C8 D2              		[SP--]=R1	// QImode move
000000F6 40 F0 29 00        		CALL _SPI_RW	// call with return value
000000F8 41 00              		SP = SP + 1	//SP
000000F9 05 95              		R2=BP	// QImode move
000000FA 0D 05 01 00        		R2=BP+1
000000FC 03 D4              		[BP+3]=R2	// QImode move
000000FD 03 94              		R2=[BP+3]	// QImode move
000000FE C2 96              		R3=[R2]
000000FF 40 98              		R4=0
00000100 02 94              		R2=[BP+2]	// QImode move
00000101 02 94              		R2=[BP+2]	// QImode move
00000102 41 04              		R2=R2+1
00000103 05 D4              		[BP+5]=R2	// QImode move
00000104 05 94              		R2=[BP+5]	// QImode move
00000105 C2 94              		R2=[R2]	// QImode move
00000106 04 D4              		[BP+4]=R2	// QImode move
00000107 04 94              		R2=[BP+4]	// QImode move
00000108 03 05              		R2 = R2 + R3	//addqi3
00000109 02 97              		R3=R2	// QImode move
0000010A C3 D2              		[R3]=R1	// QImode move
00000C7C                    	.debug
00000C7C 2E 00 73 00        		.dw '.stabn 0x44,0,132,',0,0
         74 00 61 00
         62 00 6E 00
         20 00 30 00
         78 00 34 00
         34 00 2C 00
         30 00 2C 00
         31 00 33 00
         32 00 2C 00
         00 00 00 00
00000C90 41 00 00 00        		.dd LM46-_SPI_Read_Buf
00000C92 0D 00 0A 00        		.dw 0x0d,0x0a
0000010B                    	.code
                            	LM46:
                            	L24:
0000010B 05 93              		R1=BP	// QImode move
0000010C 0D 05 01 00        		R2=BP+1
0000010E 05 97              		R3=BP	// QImode move
0000010F 0D 03 01 00        		R1=BP+1
00000111 05 95              		R2=BP	// QImode move
00000112 0D 07 01 00        		R3=BP+1
00000114 03 99              		R4=R3	// QImode move
00000115 C4 94              		R2=[R4]	// QImode move
00000116 0A 07 01 00        		R3=R2+1
00000118 01 95              		R2=R1	// QImode move
00000119 C2 D6              		[R2]=R3	// QImode move
0000011A 0F 9F E4 00        		PC=L22	// jump
                            	L23:
00000C94                    	.debug
00000C94 2E 00 73 00        		.dw '.stabn 0x44,0,134,',0,0
         74 00 61 00
         62 00 6E 00
         20 00 30 00
         78 00 34 00
         34 00 2C 00
         30 00 2C 00
         31 00 33 00
         34 00 2C 00
         00 00 00 00
00000CA8 52 00 00 00        		.dd LM47-_SPI_Read_Buf
00000CAA 0D 00 0A 00        		.dw 0x0d,0x0a
0000011C                    	.code
                            	LM47:
0000011C 11 93 05 70        		R1=[28677]	// QImode move
0000011E 09 A5 02 00        		R2=R1|2
00000120 1A D5 05 70        		[28677]=R2	// QImode move
00000CAC                    	.debug
00000CAC 2E 00 73 00        		.dw '.stabn 0x44,0,135,',0,0
         74 00 61 00
         62 00 6E 00
         20 00 30 00
         78 00 34 00
         34 00 2C 00
         30 00 2C 00
         31 00 33 00
         35 00 2C 00
         00 00 00 00
00000CC0 58 00 00 00        		.dd LM48-_SPI_Read_Buf
00000CC2 0D 00 0A 00        		.dw 0x0d,0x0a
00000122                    	.code
                            	LM48:
00000122 C5 94              		R2=[BP]	// QImode move
00000123 02 93              		R1=R2	// QImode move
00000124 0F 9F 26 01        		PC=L21	// jump
00000CC4                    	.debug
00000CC4 2E 00 73 00        		.dw '.stabn 0x44,0,136,',0,0
         74 00 61 00
         62 00 6E 00
         20 00 30 00
         78 00 34 00
         34 00 2C 00
         30 00 2C 00
         31 00 33 00
         36 00 2C 00
         00 00 00 00
00000CD8 5C 00 00 00        		.dd LM49-_SPI_Read_Buf
00000CDA 0D 00 0A 00        		.dw 0x0d,0x0a
00000126                    	.code
                            	LM49:
                            	LBE5:
00000CDC                    	.debug
00000CDC 2E 00 73 00        		.dw '.stabn 0x44,0,136,',0,0
         74 00 61 00
         62 00 6E 00
         20 00 30 00
         78 00 34 00
         34 00 2C 00
         30 00 2C 00
         31 00 33 00
         36 00 2C 00
         00 00 00 00
00000CF0 5C 00 00 00        		.dd LM50-_SPI_Read_Buf
00000CF2 0D 00 0A 00        		.dw 0x0d,0x0a
00000126                    	.code
                            	LM50:
                            	L21:
                            	
00000126 46 00              		SP+=6
00000127 88 98              		POP BP from [SP]
00000128 90 9A              		RETF
                            		.endp	// end of SPI_Read_Buf
                            	
00000CF4                    	.debug
00000CF4 2E 00 73 00        		.dw '.stabs "reg:p11",160,0,0,9',0x0d,0x0a
         74 00 61 00
         62 00 73 00
         20 00 22 00
         72 00 65 00
         67 00 3A 00
         70 00 31 00
         31 00 22 00
         2C 00 31 00
         36 00 30 00
         2C 00 30 00
         2C 00 30 00
         2C 00 39 00
         0D 00 0A 00
00000129                    	.CODE
00000D10                    	.debug
00000D10 2E 00 73 00        		.dw '.stabs "pBuf:p23=*11",160,0,0,10',0x0d,0x0a
         74 00 61 00
         62 00 73 00
         20 00 22 00
         70 00 42 00
         75 00 66 00
         3A 00 70 00
         32 00 33 00
         3D 00 2A 00
         31 00 31 00
         22 00 2C 00
         31 00 36 00
         30 00 2C 00
         30 00 2C 00
         30 00 2C 00
         31 00 30 00
         0D 00 0A 00
00000129                    	.CODE
00000D32                    	.debug
00000D32 2E 00 73 00        		.dw '.stabs "bytes:p11",160,0,0,11',0x0d,0x0a
         74 00 61 00
         62 00 73 00
         20 00 22 00
         62 00 79 00
         74 00 65 00
         73 00 3A 00
         70 00 31 00
         31 00 22 00
         2C 00 31 00
         36 00 30 00
         2C 00 30 00
         2C 00 30 00
         2C 00 31 00
         31 00 0D 00
         0A 00      
00000129                    	.CODE
00000D51                    	.debug
00000D51 2E 00 73 00        		.dw '.stabn 0xc0,0,0,',0,0
         74 00 61 00
         62 00 6E 00
         20 00 30 00
         78 00 63 00
         30 00 2C 00
         30 00 2C 00
         30 00 2C 00
         00 00 00 00
00000D63 07 00 00 00        		.dd LBB5-_SPI_Read_Buf
00000D65 0D 00 0A 00        		.dw 0x0d,0x0a
00000129                    	.code
00000D67                    	.debug
00000D67 2E 00 73 00        		.dw '.stabs "status:11",128,0,0,0',0x0d,0x0a
         74 00 61 00
         62 00 73 00
         20 00 22 00
         73 00 74 00
         61 00 74 00
         75 00 73 00
         3A 00 31 00
         31 00 22 00
         2C 00 31 00
         32 00 38 00
         2C 00 30 00
         2C 00 30 00
         2C 00 30 00
         0D 00 0A 00
00000129                    	.CODE
00000D85                    	.debug
00000D85 2E 00 73 00        		.dw '.stabs "byte_ctr:11",128,0,0,1',0x0d,0x0a
         74 00 61 00
         62 00 73 00
         20 00 22 00
         62 00 79 00
         74 00 65 00
         5F 00 63 00
         74 00 72 00
         3A 00 31 00
         31 00 22 00
         2C 00 31 00
         32 00 38 00
         2C 00 30 00
         2C 00 30 00
         2C 00 31 00
         0D 00 0A 00
00000129                    	.CODE
00000DA5                    	.debug
00000DA5 2E 00 73 00        		.dw '.stabn 0xe0,0,0,',0,0
         74 00 61 00
         62 00 6E 00
         20 00 30 00
         78 00 65 00
         30 00 2C 00
         30 00 2C 00
         30 00 2C 00
         00 00 00 00
00000DB7 5C 00 00 00        		.dd LBE5-_SPI_Read_Buf
00000DB9 0D 00 0A 00        		.dw 0x0d,0x0a
00000129                    	.code
00000DBB                    	.debug
00000DBB 2E 00 73 00        		.dw '.stabf ',0,0
         74 00 61 00
         62 00 66 00
         20 00 00 00
         00 00      
00000DC4 5F 00 00 00        		.dd LME6-_SPI_Read_Buf
00000DC6 0D 00 0A 00        		.dw 0x0d,0x0a
00000129                    	.code
                            	LME6:
00000129                    	.code
00000DC8                    	.debug
00000DC8 2E 00 73 00        		.dw '.stabs "SPI_Write_Buf:F11",36,0,0,',0,0,offset _SPI_Write_Buf,seg _SPI_Write_Buf,0x0d,0x0a
         74 00 61 00
         62 00 73 00
         20 00 22 00
         53 00 50 00
         49 00 5F 00
         57 00 72 00
         69 00 74 00
         65 00 5F 00
         42 00 75 00
         66 00 3A 00
         46 00 31 00
         31 00 22 00
         2C 00 33 00
         36 00 2C 00
         30 00 2C 00
         30 00 2C 00
         00 00 00 00
         29 01 00 00
         0D 00 0A 00
00000129                    	.CODE
                            	.public _SPI_Write_Buf
                            	_SPI_Write_Buf:	.proc
00000DF0                    	.debug
00000DF0 2E 00 73 00        		.dw '.stabn 0x44,0,139,',0,0
         74 00 61 00
         62 00 6E 00
         20 00 30 00
         78 00 34 00
         34 00 2C 00
         30 00 2C 00
         31 00 33 00
         39 00 2C 00
         00 00 00 00
00000E04 00 00 00 00        		.dd LM51-_SPI_Write_Buf
00000E06 0D 00 0A 00        		.dw 0x0d,0x0a
00000129                    	.code
                            	LM51:
                            		// total=3, vars=3
                            		// frame_pointer_needed: 1
00000E08                    	.debug
00000E08 2E 00 73 00        		.dw '.stabn 0xa6,0,0,3',0x0d, 0x0a
         74 00 61 00
         62 00 6E 00
         20 00 30 00
         78 00 61 00
         36 00 2C 00
         30 00 2C 00
         30 00 2C 00
         33 00 0D 00
         0A 00      
00000129                    	.code
00000129 88 DA              		PUSH BP to [SP]
0000012A 43 20              		SP-=3
0000012B 08 0B 01 00        		BP=SP+1
                            	
0000012D 0D 03 06 00        		R1=BP+6
0000012F 02 D2              		[BP+2]=R1	// QImode move
                            	LBB6:
00000E1B                    	.debug
00000E1B 2E 00 73 00        		.dw '.stabn 0x44,0,141,',0,0
         74 00 61 00
         62 00 6E 00
         20 00 30 00
         78 00 34 00
         34 00 2C 00
         30 00 2C 00
         31 00 34 00
         31 00 2C 00
         00 00 00 00
00000E2F 07 00 00 00        		.dd LM52-_SPI_Write_Buf
00000E31 0D 00 0A 00        		.dw 0x0d,0x0a
00000130                    	.code
                            	LM52:
00000130 11 93 05 70        		R1=[28677]	// QImode move
00000132 09 B5 FD FF        		R2=R1&(-3)
00000134 1A D5 05 70        		[28677]=R2	// QImode move
00000E33                    	.debug
00000E33 2E 00 73 00        		.dw '.stabn 0x44,0,142,',0,0
         74 00 61 00
         62 00 6E 00
         20 00 30 00
         78 00 34 00
         34 00 2C 00
         30 00 2C 00
         31 00 34 00
         32 00 2C 00
         00 00 00 00
00000E47 0D 00 00 00        		.dd LM53-_SPI_Write_Buf
00000E49 0D 00 0A 00        		.dw 0x0d,0x0a
00000136                    	.code
                            	LM53:
00000136 41 92              		R1=1	// QImode move
00000137 C8 D2              		[SP--]=R1	// QImode move
00000138 40 F0 10 00        		CALL _delay1us	// call without return value
0000013A 41 00              		SP = SP + 1	//SP
00000E4B                    	.debug
00000E4B 2E 00 73 00        		.dw '.stabn 0x44,0,143,',0,0
         74 00 61 00
         62 00 6E 00
         20 00 30 00
         78 00 34 00
         34 00 2C 00
         30 00 2C 00
         31 00 34 00
         33 00 2C 00
         00 00 00 00
00000E5F 12 00 00 00        		.dd LM54-_SPI_Write_Buf
00000E61 0D 00 0A 00        		.dw 0x0d,0x0a
0000013B                    	.code
                            	LM54:
0000013B 02 94              		R2=[BP+2]	// QImode move
0000013C C2 92              		R1=[R2]	// QImode move
0000013D C8 D2              		[SP--]=R1	// QImode move
0000013E 40 F0 29 00        		CALL _SPI_RW	// call with return value
00000140 41 00              		SP = SP + 1	//SP
00000141 C5 D2              		[BP]=R1	// QImode move
00000E63                    	.debug
00000E63 2E 00 73 00        		.dw '.stabn 0x44,0,144,',0,0
         74 00 61 00
         62 00 6E 00
         20 00 30 00
         78 00 34 00
         34 00 2C 00
         30 00 2C 00
         31 00 34 00
         34 00 2C 00
         00 00 00 00
00000E77 19 00 00 00        		.dd LM55-_SPI_Write_Buf
00000E79 0D 00 0A 00        		.dw 0x0d,0x0a
00000142                    	.code
                            	LM55:
00000142 05 93              		R1=BP	// QImode move
00000143 0D 05 01 00        		R2=BP+1
00000145 40 92              		R1=0	// QImode move
00000146 02 97              		R3=R2	// QImode move
00000147 C3 D2              		[R3]=R1	// QImode move
                            	L28:
00000148 05 95              		R2=BP	// QImode move
00000149 0D 03 01 00        		R1=BP+1
0000014B 02 94              		R2=[BP+2]	// QImode move
0000014C 02 98              		R4=[BP+2]	// QImode move
0000014D 0C 07 02 00        		R3=R4+2
0000014F 01 95              		R2=R1	// QImode move
00000150 C2 92              		R1=[R2]	// QImode move
00000151 03 99              		R4=R3	// QImode move
00000152 C4 42              		CMP R1,[R4]	// QImode compare
00000153 04 0E 01 EE        		NSJB L31	//QImode LTU
         00 EE      
00000156 0F 9F 78 01        		PC=L29	// jump
                            	L31:
00000E7B                    	.debug
00000E7B 2E 00 73 00        		.dw '.stabn 0x44,0,145,',0,0
         74 00 61 00
         62 00 6E 00
         20 00 30 00
         78 00 34 00
         34 00 2C 00
         30 00 2C 00
         31 00 34 00
         35 00 2C 00
         00 00 00 00
00000E8F 2F 00 00 00        		.dd LM56-_SPI_Write_Buf
00000E91 0D 00 0A 00        		.dw 0x0d,0x0a
00000158                    	.code
                            	LM56:
00000158 02 94              		R2=[BP+2]	// QImode move
00000159 02 94              		R2=[BP+2]	// QImode move
0000015A 0A 03 01 00        		R1=R2+1
0000015C 01 97              		R3=R1	// QImode move
0000015D C3 94              		R2=[R3]	// QImode move
0000015E 02 99              		R4=R2	// QImode move
0000015F C4 96              		R3=[R4]	// QImode move
00000160 C8 D6              		[SP--]=R3	// QImode move
00000161 41 04              		R2=R2+1
00000162 01 97              		R3=R1	// QImode move
00000163 C3 D4              		[R3]=R2	// QImode move
00000164 40 F0 29 00        		CALL _SPI_RW	// call with return value
00000166 41 00              		SP = SP + 1	//SP
00000E93                    	.debug
00000E93 2E 00 73 00        		.dw '.stabn 0x44,0,144,',0,0
         74 00 61 00
         62 00 6E 00
         20 00 30 00
         78 00 34 00
         34 00 2C 00
         30 00 2C 00
         31 00 34 00
         34 00 2C 00
         00 00 00 00
00000EA7 3E 00 00 00        		.dd LM57-_SPI_Write_Buf
00000EA9 0D 00 0A 00        		.dw 0x0d,0x0a
00000167                    	.code
                            	LM57:
                            	L30:
00000167 05 93              		R1=BP	// QImode move
00000168 0D 05 01 00        		R2=BP+1
0000016A 05 97              		R3=BP	// QImode move
0000016B 0D 03 01 00        		R1=BP+1
0000016D 05 95              		R2=BP	// QImode move
0000016E 0D 07 01 00        		R3=BP+1
00000170 03 99              		R4=R3	// QImode move
00000171 C4 94              		R2=[R4]	// QImode move
00000172 0A 07 01 00        		R3=R2+1
00000174 01 95              		R2=R1	// QImode move
00000175 C2 D6              		[R2]=R3	// QImode move
00000176 0F 9F 48 01        		PC=L28	// jump
                            	L29:
00000EAB                    	.debug
00000EAB 2E 00 73 00        		.dw '.stabn 0x44,0,146,',0,0
         74 00 61 00
         62 00 6E 00
         20 00 30 00
         78 00 34 00
         34 00 2C 00
         30 00 2C 00
         31 00 34 00
         36 00 2C 00
         00 00 00 00
00000EBF 4F 00 00 00        		.dd LM58-_SPI_Write_Buf
00000EC1 0D 00 0A 00        		.dw 0x0d,0x0a
00000178                    	.code
                            	LM58:
00000178 11 93 05 70        		R1=[28677]	// QImode move
0000017A 09 A5 02 00        		R2=R1|2
0000017C 1A D5 05 70        		[28677]=R2	// QImode move
00000EC3                    	.debug
00000EC3 2E 00 73 00        		.dw '.stabn 0x44,0,147,',0,0
         74 00 61 00
         62 00 6E 00
         20 00 30 00
         78 00 34 00
         34 00 2C 00
         30 00 2C 00
         31 00 34 00
         37 00 2C 00
         00 00 00 00
00000ED7 55 00 00 00        		.dd LM59-_SPI_Write_Buf
00000ED9 0D 00 0A 00        		.dw 0x0d,0x0a
0000017E                    	.code
                            	LM59:
0000017E 41 92              		R1=1	// QImode move
0000017F C8 D2              		[SP--]=R1	// QImode move
00000180 40 F0 10 00        		CALL _delay1us	// call without return value
00000182 41 00              		SP = SP + 1	//SP
00000EDB                    	.debug
00000EDB 2E 00 73 00        		.dw '.stabn 0x44,0,148,',0,0
         74 00 61 00
         62 00 6E 00
         20 00 30 00
         78 00 34 00
         34 00 2C 00
         30 00 2C 00
         31 00 34 00
         38 00 2C 00
         00 00 00 00
00000EEF 5A 00 00 00        		.dd LM60-_SPI_Write_Buf
00000EF1 0D 00 0A 00        		.dw 0x0d,0x0a
00000183                    	.code
                            	LM60:
00000183 C5 94              		R2=[BP]	// QImode move
00000184 02 93              		R1=R2	// QImode move
00000185 0F 9F 87 01        		PC=L27	// jump
00000EF3                    	.debug
00000EF3 2E 00 73 00        		.dw '.stabn 0x44,0,149,',0,0
         74 00 61 00
         62 00 6E 00
         20 00 30 00
         78 00 34 00
         34 00 2C 00
         30 00 2C 00
         31 00 34 00
         39 00 2C 00
         00 00 00 00
00000F07 5E 00 00 00        		.dd LM61-_SPI_Write_Buf
00000F09 0D 00 0A 00        		.dw 0x0d,0x0a
00000187                    	.code
                            	LM61:
                            	LBE6:
00000F0B                    	.debug
00000F0B 2E 00 73 00        		.dw '.stabn 0x44,0,149,',0,0
         74 00 61 00
         62 00 6E 00
         20 00 30 00
         78 00 34 00
         34 00 2C 00
         30 00 2C 00
         31 00 34 00
         39 00 2C 00
         00 00 00 00
00000F1F 5E 00 00 00        		.dd LM62-_SPI_Write_Buf
00000F21 0D 00 0A 00        		.dw 0x0d,0x0a
00000187                    	.code
                            	LM62:
                            	L27:
                            	
00000187 43 00              		SP+=3
00000188 88 98              		POP BP from [SP]
00000189 90 9A              		RETF
                            		.endp	// end of SPI_Write_Buf
                            	
00000F23                    	.debug
00000F23 2E 00 73 00        		.dw '.stabs "reg:p11",160,0,0,6',0x0d,0x0a
         74 00 61 00
         62 00 73 00
         20 00 22 00
         72 00 65 00
         67 00 3A 00
         70 00 31 00
         31 00 22 00
         2C 00 31 00
         36 00 30 00
         2C 00 30 00
         2C 00 30 00
         2C 00 36 00
         0D 00 0A 00
0000018A                    	.CODE
00000F3F                    	.debug
00000F3F 2E 00 73 00        		.dw '.stabs "pBuf:p23",160,0,0,7',0x0d,0x0a
         74 00 61 00
         62 00 73 00
         20 00 22 00
         70 00 42 00
         75 00 66 00
         3A 00 70 00
         32 00 33 00
         22 00 2C 00
         31 00 36 00
         30 00 2C 00
         30 00 2C 00
         30 00 2C 00
         37 00 0D 00
         0A 00      
0000018A                    	.CODE
00000F5C                    	.debug
00000F5C 2E 00 73 00        		.dw '.stabs "bytes:p11",160,0,0,8',0x0d,0x0a
         74 00 61 00
         62 00 73 00
         20 00 22 00
         62 00 79 00
         74 00 65 00
         73 00 3A 00
         70 00 31 00
         31 00 22 00
         2C 00 31 00
         36 00 30 00
         2C 00 30 00
         2C 00 30 00
         2C 00 38 00
         0D 00 0A 00
0000018A                    	.CODE
00000F7A                    	.debug
00000F7A 2E 00 73 00        		.dw '.stabn 0xc0,0,0,',0,0
         74 00 61 00
         62 00 6E 00
         20 00 30 00
         78 00 63 00
         30 00 2C 00
         30 00 2C 00
         30 00 2C 00
         00 00 00 00
00000F8C 07 00 00 00        		.dd LBB6-_SPI_Write_Buf
00000F8E 0D 00 0A 00        		.dw 0x0d,0x0a
0000018A                    	.code
00000F90                    	.debug
00000F90 2E 00 73 00        		.dw '.stabs "status:11",128,0,0,0',0x0d,0x0a
         74 00 61 00
         62 00 73 00
         20 00 22 00
         73 00 74 00
         61 00 74 00
         75 00 73 00
         3A 00 31 00
         31 00 22 00
         2C 00 31 00
         32 00 38 00
         2C 00 30 00
         2C 00 30 00
         2C 00 30 00
         0D 00 0A 00
0000018A                    	.CODE
00000FAE                    	.debug
00000FAE 2E 00 73 00        		.dw '.stabs "byte_ctr:11",128,0,0,1',0x0d,0x0a
         74 00 61 00
         62 00 73 00
         20 00 22 00
         62 00 79 00
         74 00 65 00
         5F 00 63 00
         74 00 72 00
         3A 00 31 00
         31 00 22 00
         2C 00 31 00
         32 00 38 00
         2C 00 30 00
         2C 00 30 00
         2C 00 31 00
         0D 00 0A 00
0000018A                    	.CODE
00000FCE                    	.debug
00000FCE 2E 00 73 00        		.dw '.stabn 0xe0,0,0,',0,0
         74 00 61 00
         62 00 6E 00
         20 00 30 00
         78 00 65 00
         30 00 2C 00
         30 00 2C 00
         30 00 2C 00
         00 00 00 00
00000FE0 5E 00 00 00        		.dd LBE6-_SPI_Write_Buf
00000FE2 0D 00 0A 00        		.dw 0x0d,0x0a
0000018A                    	.code
00000FE4                    	.debug
00000FE4 2E 00 73 00        		.dw '.stabf ',0,0
         74 00 61 00
         62 00 66 00
         20 00 00 00
         00 00      
00000FED 61 00 00 00        		.dd LME7-_SPI_Write_Buf
00000FEF 0D 00 0A 00        		.dw 0x0d,0x0a
0000018A                    	.code
                            	LME7:
0000018A                    	.code
00000FF1                    	.debug
00000FF1 2E 00 73 00        		.dw '.stabs "nRF24L01_RxPacket:F11",36,0,0,',0,0,offset _nRF24L01_RxPacket,seg _nRF24L01_RxPacket,0x0d,0x0a
         74 00 61 00
         62 00 73 00
         20 00 22 00
         6E 00 52 00
         46 00 32 00
         34 00 4C 00
         30 00 31 00
         5F 00 52 00
         78 00 50 00
         61 00 63 00
         6B 00 65 00
         74 00 3A 00
         46 00 31 00
         31 00 22 00
         2C 00 33 00
         36 00 2C 00
         30 00 2C 00
         30 00 2C 00
         00 00 00 00
         8A 01 00 00
         0D 00 0A 00
0000018A                    	.CODE
                            	.public _nRF24L01_RxPacket
                            	_nRF24L01_RxPacket:	.proc
0000101D                    	.debug
0000101D 2E 00 73 00        		.dw '.stabn 0x44,0,152,',0,0
         74 00 61 00
         62 00 6E 00
         20 00 30 00
         78 00 34 00
         34 00 2C 00
         30 00 2C 00
         31 00 35 00
         32 00 2C 00
         00 00 00 00
00001031 00 00 00 00        		.dd LM63-_nRF24L01_RxPacket
00001033 0D 00 0A 00        		.dw 0x0d,0x0a
0000018A                    	.code
                            	LM63:
                            		// total=3, vars=3
                            		// frame_pointer_needed: 1
00001035                    	.debug
00001035 2E 00 73 00        		.dw '.stabn 0xa6,0,0,3',0x0d, 0x0a
         74 00 61 00
         62 00 6E 00
         20 00 30 00
         78 00 61 00
         36 00 2C 00
         30 00 2C 00
         30 00 2C 00
         33 00 0D 00
         0A 00      
0000018A                    	.code
0000018A 88 DA              		PUSH BP to [SP]
0000018B 43 20              		SP-=3
0000018C 08 0B 01 00        		BP=SP+1
                            	
0000018E 0D 03 06 00        		R1=BP+6
00000190 02 D2              		[BP+2]=R1	// QImode move
00001048                    	.debug
00001048 2E 00 73 00        		.dw '.stabn 0x44,0,153,',0,0
         74 00 61 00
         62 00 6E 00
         20 00 30 00
         78 00 34 00
         34 00 2C 00
         30 00 2C 00
         31 00 35 00
         33 00 2C 00
         00 00 00 00
0000105C 07 00 00 00        		.dd LM64-_nRF24L01_RxPacket
0000105E 0D 00 0A 00        		.dw 0x0d,0x0a
00000191                    	.code
                            	LM64:
                            	LBB7:
00000191 05 93              		R1=BP	// QImode move
00000192 0D 05 01 00        		R2=BP+1
00000194 40 92              		R1=0	// QImode move
00000195 02 97              		R3=R2	// QImode move
00000196 C3 D2              		[R3]=R1	// QImode move
00001060                    	.debug
00001060 2E 00 73 00        		.dw '.stabn 0x44,0,154,',0,0
         74 00 61 00
         62 00 6E 00
         20 00 30 00
         78 00 34 00
         34 00 2C 00
         30 00 2C 00
         31 00 35 00
         34 00 2C 00
         00 00 00 00
00001074 0D 00 00 00        		.dd LM65-_nRF24L01_RxPacket
00001076 0D 00 0A 00        		.dw 0x0d,0x0a
00000197                    	.code
                            	LM65:
00000197 4F 92              		R1=15	// QImode move
00000198 C8 D2              		[SP--]=R1	// QImode move
00000199 60 92              		R1=32	// QImode move
0000019A C8 D2              		[SP--]=R1	// QImode move
0000019B 40 F0 9F 00        		CALL _SPI_RW_Reg	// call with return value
0000019D 42 00              		SP = SP + 2	//SP
00001078                    	.debug
00001078 2E 00 73 00        		.dw '.stabn 0x44,0,155,',0,0
         74 00 61 00
         62 00 6E 00
         20 00 30 00
         78 00 34 00
         34 00 2C 00
         30 00 2C 00
         31 00 35 00
         35 00 2C 00
         00 00 00 00
0000108C 14 00 00 00        		.dd LM66-_nRF24L01_RxPacket
0000108E 0D 00 0A 00        		.dw 0x0d,0x0a
0000019E                    	.code
                            	LM66:
0000019E 11 93 05 70        		R1=[28677]	// QImode move
000001A0 09 A5 01 00        		R2=R1|1
000001A2 1A D5 05 70        		[28677]=R2	// QImode move
00001090                    	.debug
00001090 2E 00 73 00        		.dw '.stabn 0x44,0,156,',0,0
         74 00 61 00
         62 00 6E 00
         20 00 30 00
         78 00 34 00
         34 00 2C 00
         30 00 2C 00
         31 00 35 00
         36 00 2C 00
         00 00 00 00
000010A4 1A 00 00 00        		.dd LM67-_nRF24L01_RxPacket
000010A6 0D 00 0A 00        		.dw 0x0d,0x0a
000001A4                    	.code
                            	LM67:
000001A4 4A 92              		R1=10	// QImode move
000001A5 C8 D2              		[SP--]=R1	// QImode move
000001A6 40 F0 10 00        		CALL _delay1us	// call without return value
000001A8 41 00              		SP = SP + 1	//SP
000010A8                    	.debug
000010A8 2E 00 73 00        		.dw '.stabn 0x44,0,158,',0,0
         74 00 61 00
         62 00 6E 00
         20 00 30 00
         78 00 34 00
         34 00 2C 00
         30 00 2C 00
         31 00 35 00
         38 00 2C 00
         00 00 00 00
000010BC 1F 00 00 00        		.dd LM68-_nRF24L01_RxPacket
000010BE 0D 00 0A 00        		.dw 0x0d,0x0a
000001A9                    	.code
                            	LM68:
000001A9 47 92              		R1=7	// QImode move
000001AA C8 D2              		[SP--]=R1	// QImode move
000001AB 40 F0 79 00        		CALL _SPI_Read	// call with return value
000001AD 41 00              		SP = SP + 1	//SP
000001AE C5 D2              		[BP]=R1	// QImode move
000010C0                    	.debug
000010C0 2E 00 73 00        		.dw '.stabn 0x44,0,159,',0,0
         74 00 61 00
         62 00 6E 00
         20 00 30 00
         78 00 34 00
         34 00 2C 00
         30 00 2C 00
         31 00 35 00
         39 00 2C 00
         00 00 00 00
000010D4 25 00 00 00        		.dd LM69-_nRF24L01_RxPacket
000010D6 0D 00 0A 00        		.dw 0x0d,0x0a
000001AF                    	.code
                            	LM69:
000001AF C5 94              		R2=[BP]	// QImode move
000001B0 0A B3 40 00        		R1=R2&64
000001B2 40 42              		CMP R1,0	// QImode test
000001B3 1A 5E 01 EE        		NSJZ L34	//QImode EQ
         00 EE      
000010D8                    	.debug
000010D8 2E 00 73 00        		.dw '.stabn 0x44,0,161,',0,0
         74 00 61 00
         62 00 6E 00
         20 00 30 00
         78 00 34 00
         34 00 2C 00
         30 00 2C 00
         31 00 36 00
         31 00 2C 00
         00 00 00 00
000010EC 2C 00 00 00        		.dd LM70-_nRF24L01_RxPacket
000010EE 0D 00 0A 00        		.dw 0x0d,0x0a
000001B6                    	.code
                            	LM70:
000001B6 11 93 05 70        		R1=[28677]	// QImode move
000001B8 09 B5 FE FF        		R2=R1&(-2)
000001BA 1A D5 05 70        		[28677]=R2	// QImode move
000010F0                    	.debug
000010F0 2E 00 73 00        		.dw '.stabn 0x44,0,162,',0,0
         74 00 61 00
         62 00 6E 00
         20 00 30 00
         78 00 34 00
         34 00 2C 00
         30 00 2C 00
         31 00 36 00
         32 00 2C 00
         00 00 00 00
00001104 32 00 00 00        		.dd LM71-_nRF24L01_RxPacket
00001106 0D 00 0A 00        		.dw 0x0d,0x0a
000001BC                    	.code
                            	LM71:
000001BC 09 93 A0 00        		R1=160	// QImode move
000001BE C8 D2              		[SP--]=R1	// QImode move
000001BF 02 96              		R3=[BP+2]	// QImode move
000001C0 C3 92              		R1=[R3]	// QImode move
000001C1 C8 D2              		[SP--]=R1	// QImode move
000001C2 09 93 61 00        		R1=97	// QImode move
000001C4 C8 D2              		[SP--]=R1	// QImode move
000001C5 40 F0 CA 00        		CALL _SPI_Read_Buf	// call with return value
000001C7 43 00              		SP = SP + 3	//SP
00001108                    	.debug
00001108 2E 00 73 00        		.dw '.stabn 0x44,0,163,',0,0
         74 00 61 00
         62 00 6E 00
         20 00 30 00
         78 00 34 00
         34 00 2C 00
         30 00 2C 00
         31 00 36 00
         33 00 2C 00
         00 00 00 00
0000111C 3E 00 00 00        		.dd LM72-_nRF24L01_RxPacket
0000111E 0D 00 0A 00        		.dw 0x0d,0x0a
000001C8                    	.code
                            	LM72:
000001C8 05 93              		R1=BP	// QImode move
000001C9 0D 05 01 00        		R2=BP+1
000001CB 41 92              		R1=1	// QImode move
000001CC 02 97              		R3=R2	// QImode move
000001CD C3 D2              		[R3]=R1	// QImode move
                            	L34:
00001120                    	.debug
00001120 2E 00 73 00        		.dw '.stabn 0x44,0,165,',0,0
         74 00 61 00
         62 00 6E 00
         20 00 30 00
         78 00 34 00
         34 00 2C 00
         30 00 2C 00
         31 00 36 00
         35 00 2C 00
         00 00 00 00
00001134 44 00 00 00        		.dd LM73-_nRF24L01_RxPacket
00001136 0D 00 0A 00        		.dw 0x0d,0x0a
000001CE                    	.code
                            	LM73:
000001CE C5 92              		R1=[BP]	// QImode move
000001CF C8 D2              		[SP--]=R1	// QImode move
000001D0 67 92              		R1=39	// QImode move
000001D1 C8 D2              		[SP--]=R1	// QImode move
000001D2 40 F0 9F 00        		CALL _SPI_RW_Reg	// call with return value
000001D4 42 00              		SP = SP + 2	//SP
00001138                    	.debug
00001138 2E 00 73 00        		.dw '.stabn 0x44,0,166,',0,0
         74 00 61 00
         62 00 6E 00
         20 00 30 00
         78 00 34 00
         34 00 2C 00
         30 00 2C 00
         31 00 36 00
         36 00 2C 00
         00 00 00 00
0000114C 4B 00 00 00        		.dd LM74-_nRF24L01_RxPacket
0000114E 0D 00 0A 00        		.dw 0x0d,0x0a
000001D5                    	.code
                            	LM74:
000001D5 05 93              		R1=BP	// QImode move
000001D6 0D 05 01 00        		R2=BP+1
000001D8 02 93              		R1=R2	// QImode move
000001D9 C1 96              		R3=[R1]	// QImode move
000001DA 03 93              		R1=R3	// QImode move
000001DB 0F 9F DD 01        		PC=L33	// jump
00001150                    	.debug
00001150 2E 00 73 00        		.dw '.stabn 0x44,0,168,',0,0
         74 00 61 00
         62 00 6E 00
         20 00 30 00
         78 00 34 00
         34 00 2C 00
         30 00 2C 00
         31 00 36 00
         38 00 2C 00
         00 00 00 00
00001164 53 00 00 00        		.dd LM75-_nRF24L01_RxPacket
00001166 0D 00 0A 00        		.dw 0x0d,0x0a
000001DD                    	.code
                            	LM75:
                            	LBE7:
00001168                    	.debug
00001168 2E 00 73 00        		.dw '.stabn 0x44,0,168,',0,0
         74 00 61 00
         62 00 6E 00
         20 00 30 00
         78 00 34 00
         34 00 2C 00
         30 00 2C 00
         31 00 36 00
         38 00 2C 00
         00 00 00 00
0000117C 53 00 00 00        		.dd LM76-_nRF24L01_RxPacket
0000117E 0D 00 0A 00        		.dw 0x0d,0x0a
000001DD                    	.code
                            	LM76:
                            	L33:
                            	
000001DD 43 00              		SP+=3
000001DE 88 98              		POP BP from [SP]
000001DF 90 9A              		RETF
                            		.endp	// end of nRF24L01_RxPacket
                            	
00001180                    	.debug
00001180 2E 00 73 00        		.dw '.stabs "rx_buf:p23",160,0,0,6',0x0d,0x0a
         74 00 61 00
         62 00 73 00
         20 00 22 00
         72 00 78 00
         5F 00 62 00
         75 00 66 00
         3A 00 70 00
         32 00 33 00
         22 00 2C 00
         31 00 36 00
         30 00 2C 00
         30 00 2C 00
         30 00 2C 00
         36 00 0D 00
         0A 00      
000001E0                    	.CODE
0000119F                    	.debug
0000119F 2E 00 73 00        		.dw '.stabn 0xc0,0,0,',0,0
         74 00 61 00
         62 00 6E 00
         20 00 30 00
         78 00 63 00
         30 00 2C 00
         30 00 2C 00
         30 00 2C 00
         00 00 00 00
000011B1 07 00 00 00        		.dd LBB7-_nRF24L01_RxPacket
000011B3 0D 00 0A 00        		.dw 0x0d,0x0a
000001E0                    	.code
000011B5                    	.debug
000011B5 2E 00 73 00        		.dw '.stabs "sta:11",128,0,0,0',0x0d,0x0a
         74 00 61 00
         62 00 73 00
         20 00 22 00
         73 00 74 00
         61 00 3A 00
         31 00 31 00
         22 00 2C 00
         31 00 32 00
         38 00 2C 00
         30 00 2C 00
         30 00 2C 00
         30 00 0D 00
         0A 00      
000001E0                    	.CODE
000011D0                    	.debug
000011D0 2E 00 73 00        		.dw '.stabs "revale:11",128,0,0,1',0x0d,0x0a
         74 00 61 00
         62 00 73 00
         20 00 22 00
         72 00 65 00
         76 00 61 00
         6C 00 65 00
         3A 00 31 00
         31 00 22 00
         2C 00 31 00
         32 00 38 00
         2C 00 30 00
         2C 00 30 00
         2C 00 31 00
         0D 00 0A 00
000001E0                    	.CODE
000011EE                    	.debug
000011EE 2E 00 73 00        		.dw '.stabn 0xe0,0,0,',0,0
         74 00 61 00
         62 00 6E 00
         20 00 30 00
         78 00 65 00
         30 00 2C 00
         30 00 2C 00
         30 00 2C 00
         00 00 00 00
00001200 53 00 00 00        		.dd LBE7-_nRF24L01_RxPacket
00001202 0D 00 0A 00        		.dw 0x0d,0x0a
000001E0                    	.code
00001204                    	.debug
00001204 2E 00 73 00        		.dw '.stabf ',0,0
         74 00 61 00
         62 00 66 00
         20 00 00 00
         00 00      
0000120D 56 00 00 00        		.dd LME8-_nRF24L01_RxPacket
0000120F 0D 00 0A 00        		.dw 0x0d,0x0a
000001E0                    	.code
                            	LME8:
000001E0                    	.code
00001211                    	.debug
00001211 2E 00 73 00        		.dw '.stabs "nRF24L01_TxPacket:F19",36,0,0,',0,0,offset _nRF24L01_TxPacket,seg _nRF24L01_TxPacket,0x0d,0x0a
         74 00 61 00
         62 00 73 00
         20 00 22 00
         6E 00 52 00
         46 00 32 00
         34 00 4C 00
         30 00 31 00
         5F 00 54 00
         78 00 50 00
         61 00 63 00
         6B 00 65 00
         74 00 3A 00
         46 00 31 00
         39 00 22 00
         2C 00 33 00
         36 00 2C 00
         30 00 2C 00
         30 00 2C 00
         00 00 00 00
         E0 01 00 00
         0D 00 0A 00
000001E0                    	.CODE
                            	.public _nRF24L01_TxPacket
                            	_nRF24L01_TxPacket:	.proc
0000123D                    	.debug
0000123D 2E 00 73 00        		.dw '.stabn 0x44,0,171,',0,0
         74 00 61 00
         62 00 6E 00
         20 00 30 00
         78 00 34 00
         34 00 2C 00
         30 00 2C 00
         31 00 37 00
         31 00 2C 00
         00 00 00 00
00001251 00 00 00 00        		.dd LM77-_nRF24L01_TxPacket
00001253 0D 00 0A 00        		.dw 0x0d,0x0a
000001E0                    	.code
                            	LM77:
                            		// total=1, vars=1
                            		// frame_pointer_needed: 1
00001255                    	.debug
00001255 2E 00 73 00        		.dw '.stabn 0xa6,0,0,1',0x0d, 0x0a
         74 00 61 00
         62 00 6E 00
         20 00 30 00
         78 00 61 00
         36 00 2C 00
         30 00 2C 00
         30 00 2C 00
         31 00 0D 00
         0A 00      
000001E0                    	.code
000001E0 88 DA              		PUSH BP to [SP]
000001E1 41 20              		SP-=1
000001E2 08 0B 01 00        		BP=SP+1
                            	
000001E4 0D 03 04 00        		R1=BP+4
000001E6 C5 D2              		[BP]=R1	// QImode move
00001268                    	.debug
00001268 2E 00 73 00        		.dw '.stabn 0x44,0,172,',0,0
         74 00 61 00
         62 00 6E 00
         20 00 30 00
         78 00 34 00
         34 00 2C 00
         30 00 2C 00
         31 00 37 00
         32 00 2C 00
         00 00 00 00
0000127C 07 00 00 00        		.dd LM78-_nRF24L01_TxPacket
0000127E 0D 00 0A 00        		.dw 0x0d,0x0a
000001E7                    	.code
                            	LM78:
000001E7 11 93 05 70        		R1=[28677]	// QImode move
000001E9 09 B5 FE FF        		R2=R1&(-2)
000001EB 1A D5 05 70        		[28677]=R2	// QImode move
00001280                    	.debug
00001280 2E 00 73 00        		.dw '.stabn 0x44,0,173,',0,0
         74 00 61 00
         62 00 6E 00
         20 00 30 00
         78 00 34 00
         34 00 2C 00
         30 00 2C 00
         31 00 37 00
         33 00 2C 00
         00 00 00 00
00001294 0D 00 00 00        		.dd LM79-_nRF24L01_TxPacket
00001296 0D 00 0A 00        		.dw 0x0d,0x0a
000001ED                    	.code
                            	LM79:
000001ED 45 92              		R1=5	// QImode move
000001EE C8 D2              		[SP--]=R1	// QImode move
000001EF 09 93 00 00        		R1=_TX_ADDRESS	// QImode move
000001F1 C8 D2              		[SP--]=R1	// QImode move
000001F2 70 92              		R1=48	// QImode move
000001F3 C8 D2              		[SP--]=R1	// QImode move
000001F4 40 F0 29 01        		CALL _SPI_Write_Buf	// call with return value
000001F6 43 00              		SP = SP + 3	//SP
00001298                    	.debug
00001298 2E 00 73 00        		.dw '.stabn 0x44,0,174,',0,0
         74 00 61 00
         62 00 6E 00
         20 00 30 00
         78 00 34 00
         34 00 2C 00
         30 00 2C 00
         31 00 37 00
         34 00 2C 00
         00 00 00 00
000012AC 17 00 00 00        		.dd LM80-_nRF24L01_TxPacket
000012AE 0D 00 0A 00        		.dw 0x0d,0x0a
000001F7                    	.code
                            	LM80:
000001F7 45 92              		R1=5	// QImode move
000001F8 C8 D2              		[SP--]=R1	// QImode move
000001F9 09 93 00 00        		R1=_TX_ADDRESS	// QImode move
000001FB C8 D2              		[SP--]=R1	// QImode move
000001FC 6A 92              		R1=42	// QImode move
000001FD C8 D2              		[SP--]=R1	// QImode move
000001FE 40 F0 29 01        		CALL _SPI_Write_Buf	// call with return value
00000200 43 00              		SP = SP + 3	//SP
000012B0                    	.debug
000012B0 2E 00 73 00        		.dw '.stabn 0x44,0,175,',0,0
         74 00 61 00
         62 00 6E 00
         20 00 30 00
         78 00 34 00
         34 00 2C 00
         30 00 2C 00
         31 00 37 00
         35 00 2C 00
         00 00 00 00
000012C4 21 00 00 00        		.dd LM81-_nRF24L01_TxPacket
000012C6 0D 00 0A 00        		.dw 0x0d,0x0a
00000201                    	.code
                            	LM81:
00000201 54 92              		R1=20	// QImode move
00000202 C8 D2              		[SP--]=R1	// QImode move
00000203 C5 94              		R2=[BP]	// QImode move
00000204 C2 92              		R1=[R2]	// QImode move
00000205 C8 D2              		[SP--]=R1	// QImode move
00000206 09 93 A0 00        		R1=160	// QImode move
00000208 C8 D2              		[SP--]=R1	// QImode move
00000209 40 F0 29 01        		CALL _SPI_Write_Buf	// call with return value
0000020B 43 00              		SP = SP + 3	//SP
000012C8                    	.debug
000012C8 2E 00 73 00        		.dw '.stabn 0x44,0,176,',0,0
         74 00 61 00
         62 00 6E 00
         20 00 30 00
         78 00 34 00
         34 00 2C 00
         30 00 2C 00
         31 00 37 00
         36 00 2C 00
         00 00 00 00
000012DC 2C 00 00 00        		.dd LM82-_nRF24L01_TxPacket
000012DE 0D 00 0A 00        		.dw 0x0d,0x0a
0000020C                    	.code
                            	LM82:
0000020C 4E 92              		R1=14	// QImode move
0000020D C8 D2              		[SP--]=R1	// QImode move
0000020E 60 92              		R1=32	// QImode move
0000020F C8 D2              		[SP--]=R1	// QImode move
00000210 40 F0 9F 00        		CALL _SPI_RW_Reg	// call with return value
00000212 42 00              		SP = SP + 2	//SP
000012E0                    	.debug
000012E0 2E 00 73 00        		.dw '.stabn 0x44,0,177,',0,0
         74 00 61 00
         62 00 6E 00
         20 00 30 00
         78 00 34 00
         34 00 2C 00
         30 00 2C 00
         31 00 37 00
         37 00 2C 00
         00 00 00 00
000012F4 33 00 00 00        		.dd LM83-_nRF24L01_TxPacket
000012F6 0D 00 0A 00        		.dw 0x0d,0x0a
00000213                    	.code
                            	LM83:
00000213 11 93 05 70        		R1=[28677]	// QImode move
00000215 09 A5 01 00        		R2=R1|1
00000217 1A D5 05 70        		[28677]=R2	// QImode move
000012F8                    	.debug
000012F8 2E 00 73 00        		.dw '.stabn 0x44,0,178,',0,0
         74 00 61 00
         62 00 6E 00
         20 00 30 00
         78 00 34 00
         34 00 2C 00
         30 00 2C 00
         31 00 37 00
         38 00 2C 00
         00 00 00 00
0000130C 39 00 00 00        		.dd LM84-_nRF24L01_TxPacket
0000130E 0D 00 0A 00        		.dw 0x0d,0x0a
00000219                    	.code
                            	LM84:
00000219 4A 92              		R1=10	// QImode move
0000021A C8 D2              		[SP--]=R1	// QImode move
0000021B 40 F0 10 00        		CALL _delay1us	// call without return value
0000021D 41 00              		SP = SP + 1	//SP
00001310                    	.debug
00001310 2E 00 73 00        		.dw '.stabn 0x44,0,179,',0,0
         74 00 61 00
         62 00 6E 00
         20 00 30 00
         78 00 34 00
         34 00 2C 00
         30 00 2C 00
         31 00 37 00
         39 00 2C 00
         00 00 00 00
00001324 3E 00 00 00        		.dd LM85-_nRF24L01_TxPacket
00001326 0D 00 0A 00        		.dw 0x0d,0x0a
0000021E                    	.code
                            	LM85:
0000021E 11 93 05 70        		R1=[28677]	// QImode move
00000220 09 B5 FE FF        		R2=R1&(-2)
00000222 1A D5 05 70        		[28677]=R2	// QImode move
00001328                    	.debug
00001328 2E 00 73 00        		.dw '.stabn 0x44,0,180,',0,0
         74 00 61 00
         62 00 6E 00
         20 00 30 00
         78 00 34 00
         34 00 2C 00
         30 00 2C 00
         31 00 38 00
         30 00 2C 00
         00 00 00 00
0000133C 44 00 00 00        		.dd LM86-_nRF24L01_TxPacket
0000133E 0D 00 0A 00        		.dw 0x0d,0x0a
00000224                    	.code
                            	LM86:
00001340                    	.debug
00001340 2E 00 73 00        		.dw '.stabn 0x44,0,180,',0,0
         74 00 61 00
         62 00 6E 00
         20 00 30 00
         78 00 34 00
         34 00 2C 00
         30 00 2C 00
         31 00 38 00
         30 00 2C 00
         00 00 00 00
00001354 44 00 00 00        		.dd LM87-_nRF24L01_TxPacket
00001356 0D 00 0A 00        		.dw 0x0d,0x0a
00000224                    	.code
                            	LM87:
                            	L36:
                            	
00000224 41 00              		SP+=1
00000225 88 98              		POP BP from [SP]
00000226 90 9A              		RETF
                            		.endp	// end of nRF24L01_TxPacket
                            	
00001358                    	.debug
00001358 2E 00 73 00        		.dw '.stabs "tx_buf:p23",160,0,0,4',0x0d,0x0a
         74 00 61 00
         62 00 73 00
         20 00 22 00
         74 00 78 00
         5F 00 62 00
         75 00 66 00
         3A 00 70 00
         32 00 33 00
         22 00 2C 00
         31 00 36 00
         30 00 2C 00
         30 00 2C 00
         30 00 2C 00
         34 00 0D 00
         0A 00      
00000227                    	.CODE
00001377                    	.debug
00001377 2E 00 73 00        		.dw '.stabf ',0,0
         74 00 61 00
         62 00 66 00
         20 00 00 00
         00 00      
00001380 47 00 00 00        		.dd LME9-_nRF24L01_TxPacket
00001382 0D 00 0A 00        		.dw 0x0d,0x0a
00000227                    	.code
                            	LME9:
00000227                    	.code
00001384                    	.debug
00001384 2E 00 73 00        		.dw '.stabs "RX_Mode:F19",36,0,0,',0,0,offset _RX_Mode,seg _RX_Mode,0x0d,0x0a
         74 00 61 00
         62 00 73 00
         20 00 22 00
         52 00 58 00
         5F 00 4D 00
         6F 00 64 00
         65 00 3A 00
         46 00 31 00
         39 00 22 00
         2C 00 33 00
         36 00 2C 00
         30 00 2C 00
         30 00 2C 00
         00 00 00 00
         27 02 00 00
         0D 00 0A 00
00000227                    	.CODE
                            	.public _RX_Mode
                            	_RX_Mode:	.proc
000013A6                    	.debug
000013A6 2E 00 73 00        		.dw '.stabn 0x44,0,182,',0,0
         74 00 61 00
         62 00 6E 00
         20 00 30 00
         78 00 34 00
         34 00 2C 00
         30 00 2C 00
         31 00 38 00
         32 00 2C 00
         00 00 00 00
000013BA 00 00 00 00        		.dd LM88-_RX_Mode
000013BC 0D 00 0A 00        		.dw 0x0d,0x0a
00000227                    	.code
                            	LM88:
                            		// total=1, vars=1
                            		// frame_pointer_needed: 1
000013BE                    	.debug
000013BE 2E 00 73 00        		.dw '.stabn 0xa6,0,0,1',0x0d, 0x0a
         74 00 61 00
         62 00 6E 00
         20 00 30 00
         78 00 61 00
         36 00 2C 00
         30 00 2C 00
         30 00 2C 00
         31 00 0D 00
         0A 00      
00000227                    	.code
00000227 88 DA              		PUSH BP to [SP]
00000228 41 20              		SP-=1
00000229 08 0B 01 00        		BP=SP+1
                            	
0000022B 0D 03 04 00        		R1=BP+4
0000022D C5 D2              		[BP]=R1	// QImode move
000013D1                    	.debug
000013D1 2E 00 73 00        		.dw '.stabn 0x44,0,183,',0,0
         74 00 61 00
         62 00 6E 00
         20 00 30 00
         78 00 34 00
         34 00 2C 00
         30 00 2C 00
         31 00 38 00
         33 00 2C 00
         00 00 00 00
000013E5 07 00 00 00        		.dd LM89-_RX_Mode
000013E7 0D 00 0A 00        		.dw 0x0d,0x0a
0000022E                    	.code
                            	LM89:
0000022E 11 93 05 70        		R1=[28677]	// QImode move
00000230 09 B5 FE FF        		R2=R1&(-2)
00000232 1A D5 05 70        		[28677]=R2	// QImode move
000013E9                    	.debug
000013E9 2E 00 73 00        		.dw '.stabn 0x44,0,184,',0,0
         74 00 61 00
         62 00 6E 00
         20 00 30 00
         78 00 34 00
         34 00 2C 00
         30 00 2C 00
         31 00 38 00
         34 00 2C 00
         00 00 00 00
000013FD 0D 00 00 00        		.dd LM90-_RX_Mode
000013FF 0D 00 0A 00        		.dw 0x0d,0x0a
00000234                    	.code
                            	LM90:
00000234 41 92              		R1=1	// QImode move
00000235 C8 D2              		[SP--]=R1	// QImode move
00000236 40 F0 10 00        		CALL _delay1us	// call without return value
00000238 41 00              		SP = SP + 1	//SP
00001401                    	.debug
00001401 2E 00 73 00        		.dw '.stabn 0x44,0,185,',0,0
         74 00 61 00
         62 00 6E 00
         20 00 30 00
         78 00 34 00
         34 00 2C 00
         30 00 2C 00
         31 00 38 00
         35 00 2C 00
         00 00 00 00
00001415 12 00 00 00        		.dd LM91-_RX_Mode
00001417 0D 00 0A 00        		.dw 0x0d,0x0a
00000239                    	.code
                            	LM91:
00000239 45 92              		R1=5	// QImode move
0000023A C8 D2              		[SP--]=R1	// QImode move
0000023B 09 93 00 00        		R1=_TX_ADDRESS	// QImode move
0000023D C8 D2              		[SP--]=R1	// QImode move
0000023E 70 92              		R1=48	// QImode move
0000023F C8 D2              		[SP--]=R1	// QImode move
00000240 40 F0 29 01        		CALL _SPI_Write_Buf	// call with return value
00000242 43 00              		SP = SP + 3	//SP
00001419                    	.debug
00001419 2E 00 73 00        		.dw '.stabn 0x44,0,186,',0,0
         74 00 61 00
         62 00 6E 00
         20 00 30 00
         78 00 34 00
         34 00 2C 00
         30 00 2C 00
         31 00 38 00
         36 00 2C 00
         00 00 00 00
0000142D 1C 00 00 00        		.dd LM92-_RX_Mode
0000142F 0D 00 0A 00        		.dw 0x0d,0x0a
00000243                    	.code
                            	LM92:
00000243 45 92              		R1=5	// QImode move
00000244 C8 D2              		[SP--]=R1	// QImode move
00000245 09 93 00 00        		R1=_TX_ADDRESS	// QImode move
00000247 C8 D2              		[SP--]=R1	// QImode move
00000248 6A 92              		R1=42	// QImode move
00000249 C8 D2              		[SP--]=R1	// QImode move
0000024A 40 F0 29 01        		CALL _SPI_Write_Buf	// call with return value
0000024C 43 00              		SP = SP + 3	//SP
00001431                    	.debug
00001431 2E 00 73 00        		.dw '.stabn 0x44,0,187,',0,0
         74 00 61 00
         62 00 6E 00
         20 00 30 00
         78 00 34 00
         34 00 2C 00
         30 00 2C 00
         31 00 38 00
         37 00 2C 00
         00 00 00 00
00001445 26 00 00 00        		.dd LM93-_RX_Mode
00001447 0D 00 0A 00        		.dw 0x0d,0x0a
0000024D                    	.code
                            	LM93:
0000024D 54 92              		R1=20	// QImode move
0000024E C8 D2              		[SP--]=R1	// QImode move
0000024F 09 93 00 00        		R1=_Buffer	// QImode move
00000251 C8 D2              		[SP--]=R1	// QImode move
00000252 09 93 A0 00        		R1=160	// QImode move
00000254 C8 D2              		[SP--]=R1	// QImode move
00000255 40 F0 29 01        		CALL _SPI_Write_Buf	// call with return value
00000257 43 00              		SP = SP + 3	//SP
00001449                    	.debug
00001449 2E 00 73 00        		.dw '.stabn 0x44,0,189,',0,0
         74 00 61 00
         62 00 6E 00
         20 00 30 00
         78 00 34 00
         34 00 2C 00
         30 00 2C 00
         31 00 38 00
         39 00 2C 00
         00 00 00 00
0000145D 31 00 00 00        		.dd LM94-_RX_Mode
0000145F 0D 00 0A 00        		.dw 0x0d,0x0a
00000258                    	.code
                            	LM94:
00000258 41 92              		R1=1	// QImode move
00000259 C8 D2              		[SP--]=R1	// QImode move
0000025A 61 92              		R1=33	// QImode move
0000025B C8 D2              		[SP--]=R1	// QImode move
0000025C 40 F0 9F 00        		CALL _SPI_RW_Reg	// call with return value
0000025E 42 00              		SP = SP + 2	//SP
00001461                    	.debug
00001461 2E 00 73 00        		.dw '.stabn 0x44,0,190,',0,0
         74 00 61 00
         62 00 6E 00
         20 00 30 00
         78 00 34 00
         34 00 2C 00
         30 00 2C 00
         31 00 39 00
         30 00 2C 00
         00 00 00 00
00001475 38 00 00 00        		.dd LM95-_RX_Mode
00001477 0D 00 0A 00        		.dw 0x0d,0x0a
0000025F                    	.code
                            	LM95:
0000025F 41 92              		R1=1	// QImode move
00000260 C8 D2              		[SP--]=R1	// QImode move
00000261 62 92              		R1=34	// QImode move
00000262 C8 D2              		[SP--]=R1	// QImode move
00000263 40 F0 9F 00        		CALL _SPI_RW_Reg	// call with return value
00000265 42 00              		SP = SP + 2	//SP
00001479                    	.debug
00001479 2E 00 73 00        		.dw '.stabn 0x44,0,191,',0,0
         74 00 61 00
         62 00 6E 00
         20 00 30 00
         78 00 34 00
         34 00 2C 00
         30 00 2C 00
         31 00 39 00
         31 00 2C 00
         00 00 00 00
0000148D 3F 00 00 00        		.dd LM96-_RX_Mode
0000148F 0D 00 0A 00        		.dw 0x0d,0x0a
00000266                    	.code
                            	LM96:
00000266 5A 92              		R1=26	// QImode move
00000267 C8 D2              		[SP--]=R1	// QImode move
00000268 64 92              		R1=36	// QImode move
00000269 C8 D2              		[SP--]=R1	// QImode move
0000026A 40 F0 9F 00        		CALL _SPI_RW_Reg	// call with return value
0000026C 42 00              		SP = SP + 2	//SP
00001491                    	.debug
00001491 2E 00 73 00        		.dw '.stabn 0x44,0,192,',0,0
         74 00 61 00
         62 00 6E 00
         20 00 30 00
         78 00 34 00
         34 00 2C 00
         30 00 2C 00
         31 00 39 00
         32 00 2C 00
         00 00 00 00
000014A5 46 00 00 00        		.dd LM97-_RX_Mode
000014A7 0D 00 0A 00        		.dw 0x0d,0x0a
0000026D                    	.code
                            	LM97:
0000026D 68 92              		R1=40	// QImode move
0000026E C8 D2              		[SP--]=R1	// QImode move
0000026F 65 92              		R1=37	// QImode move
00000270 C8 D2              		[SP--]=R1	// QImode move
00000271 40 F0 9F 00        		CALL _SPI_RW_Reg	// call with return value
00000273 42 00              		SP = SP + 2	//SP
000014A9                    	.debug
000014A9 2E 00 73 00        		.dw '.stabn 0x44,0,193,',0,0
         74 00 61 00
         62 00 6E 00
         20 00 30 00
         78 00 34 00
         34 00 2C 00
         30 00 2C 00
         31 00 39 00
         33 00 2C 00
         00 00 00 00
000014BD 4D 00 00 00        		.dd LM98-_RX_Mode
000014BF 0D 00 0A 00        		.dw 0x0d,0x0a
00000274                    	.code
                            	LM98:
00000274 47 92              		R1=7	// QImode move
00000275 C8 D2              		[SP--]=R1	// QImode move
00000276 66 92              		R1=38	// QImode move
00000277 C8 D2              		[SP--]=R1	// QImode move
00000278 40 F0 9F 00        		CALL _SPI_RW_Reg	// call with return value
0000027A 42 00              		SP = SP + 2	//SP
000014C1                    	.debug
000014C1 2E 00 73 00        		.dw '.stabn 0x44,0,194,',0,0
         74 00 61 00
         62 00 6E 00
         20 00 30 00
         78 00 34 00
         34 00 2C 00
         30 00 2C 00
         31 00 39 00
         34 00 2C 00
         00 00 00 00
000014D5 54 00 00 00        		.dd LM99-_RX_Mode
000014D7 0D 00 0A 00        		.dw 0x0d,0x0a
0000027B                    	.code
                            	LM99:
0000027B 4E 92              		R1=14	// QImode move
0000027C C8 D2              		[SP--]=R1	// QImode move
0000027D 60 92              		R1=32	// QImode move
0000027E C8 D2              		[SP--]=R1	// QImode move
0000027F 40 F0 9F 00        		CALL _SPI_RW_Reg	// call with return value
00000281 42 00              		SP = SP + 2	//SP
000014D9                    	.debug
000014D9 2E 00 73 00        		.dw '.stabn 0x44,0,197,',0,0
         74 00 61 00
         62 00 6E 00
         20 00 30 00
         78 00 34 00
         34 00 2C 00
         30 00 2C 00
         31 00 39 00
         37 00 2C 00
         00 00 00 00
000014ED 5B 00 00 00        		.dd LM100-_RX_Mode
000014EF 0D 00 0A 00        		.dw 0x0d,0x0a
00000282                    	.code
                            	LM100:
00000282 11 93 05 70        		R1=[28677]	// QImode move
00000284 09 A5 01 00        		R2=R1|1
00000286 1A D5 05 70        		[28677]=R2	// QImode move
000014F1                    	.debug
000014F1 2E 00 73 00        		.dw '.stabn 0x44,0,198,',0,0
         74 00 61 00
         62 00 6E 00
         20 00 30 00
         78 00 34 00
         34 00 2C 00
         30 00 2C 00
         31 00 39 00
         38 00 2C 00
         00 00 00 00
00001505 61 00 00 00        		.dd LM101-_RX_Mode
00001507 0D 00 0A 00        		.dw 0x0d,0x0a
00000288                    	.code
                            	LM101:
00000288 41 92              		R1=1	// QImode move
00000289 C8 D2              		[SP--]=R1	// QImode move
0000028A 40 F0 10 00        		CALL _delay1us	// call without return value
0000028C 41 00              		SP = SP + 1	//SP
00001509                    	.debug
00001509 2E 00 73 00        		.dw '.stabn 0x44,0,201,',0,0
         74 00 61 00
         62 00 6E 00
         20 00 30 00
         78 00 34 00
         34 00 2C 00
         30 00 2C 00
         32 00 30 00
         31 00 2C 00
         00 00 00 00
0000151D 66 00 00 00        		.dd LM102-_RX_Mode
0000151F 0D 00 0A 00        		.dw 0x0d,0x0a
0000028D                    	.code
                            	LM102:
00001521                    	.debug
00001521 2E 00 73 00        		.dw '.stabn 0x44,0,201,',0,0
         74 00 61 00
         62 00 6E 00
         20 00 30 00
         78 00 34 00
         34 00 2C 00
         30 00 2C 00
         32 00 30 00
         31 00 2C 00
         00 00 00 00
00001535 66 00 00 00        		.dd LM103-_RX_Mode
00001537 0D 00 0A 00        		.dw 0x0d,0x0a
0000028D                    	.code
                            	LM103:
                            	L37:
                            	
0000028D 41 00              		SP+=1
0000028E 88 98              		POP BP from [SP]
0000028F 90 9A              		RETF
                            		.endp	// end of RX_Mode
                            	
00001539                    	.debug
00001539 2E 00 73 00        		.dw '.stabf ',0,0
         74 00 61 00
         62 00 66 00
         20 00 00 00
         00 00      
00001542 69 00 00 00        		.dd LME10-_RX_Mode
00001544 0D 00 0A 00        		.dw 0x0d,0x0a
00000290                    	.code
                            	LME10:
00000290                    	.code
00001546                    	.debug
00001546 2E 00 73 00        		.dw '.stabs "TX_Mode:F19",36,0,0,',0,0,offset _TX_Mode,seg _TX_Mode,0x0d,0x0a
         74 00 61 00
         62 00 73 00
         20 00 22 00
         54 00 58 00
         5F 00 4D 00
         6F 00 64 00
         65 00 3A 00
         46 00 31 00
         39 00 22 00
         2C 00 33 00
         36 00 2C 00
         30 00 2C 00
         30 00 2C 00
         00 00 00 00
         90 02 00 00
         0D 00 0A 00
00000290                    	.CODE
                            	.public _TX_Mode
                            	_TX_Mode:	.proc
00001568                    	.debug
00001568 2E 00 73 00        		.dw '.stabn 0x44,0,203,',0,0
         74 00 61 00
         62 00 6E 00
         20 00 30 00
         78 00 34 00
         34 00 2C 00
         30 00 2C 00
         32 00 30 00
         33 00 2C 00
         00 00 00 00
0000157C 00 00 00 00        		.dd LM104-_TX_Mode
0000157E 0D 00 0A 00        		.dw 0x0d,0x0a
00000290                    	.code
                            	LM104:
                            		// total=1, vars=1
                            		// frame_pointer_needed: 1
00001580                    	.debug
00001580 2E 00 73 00        		.dw '.stabn 0xa6,0,0,1',0x0d, 0x0a
         74 00 61 00
         62 00 6E 00
         20 00 30 00
         78 00 61 00
         36 00 2C 00
         30 00 2C 00
         30 00 2C 00
         31 00 0D 00
         0A 00      
00000290                    	.code
00000290 88 DA              		PUSH BP to [SP]
00000291 41 20              		SP-=1
00000292 08 0B 01 00        		BP=SP+1
                            	
00000294 0D 03 04 00        		R1=BP+4
00000296 C5 D2              		[BP]=R1	// QImode move
00001593                    	.debug
00001593 2E 00 73 00        		.dw '.stabn 0x44,0,204,',0,0
         74 00 61 00
         62 00 6E 00
         20 00 30 00
         78 00 34 00
         34 00 2C 00
         30 00 2C 00
         32 00 30 00
         34 00 2C 00
         00 00 00 00
000015A7 07 00 00 00        		.dd LM105-_TX_Mode
000015A9 0D 00 0A 00        		.dw 0x0d,0x0a
00000297                    	.code
                            	LM105:
00000297 11 93 05 70        		R1=[28677]	// QImode move
00000299 09 B5 FE FF        		R2=R1&(-2)
0000029B 1A D5 05 70        		[28677]=R2	// QImode move
000015AB                    	.debug
000015AB 2E 00 73 00        		.dw '.stabn 0x44,0,205,',0,0
         74 00 61 00
         62 00 6E 00
         20 00 30 00
         78 00 34 00
         34 00 2C 00
         30 00 2C 00
         32 00 30 00
         35 00 2C 00
         00 00 00 00
000015BF 0D 00 00 00        		.dd LM106-_TX_Mode
000015C1 0D 00 0A 00        		.dw 0x0d,0x0a
0000029D                    	.code
                            	LM106:
0000029D 41 92              		R1=1	// QImode move
0000029E C8 D2              		[SP--]=R1	// QImode move
0000029F 40 F0 10 00        		CALL _delay1us	// call without return value
000002A1 41 00              		SP = SP + 1	//SP
000015C3                    	.debug
000015C3 2E 00 73 00        		.dw '.stabn 0x44,0,206,',0,0
         74 00 61 00
         62 00 6E 00
         20 00 30 00
         78 00 34 00
         34 00 2C 00
         30 00 2C 00
         32 00 30 00
         36 00 2C 00
         00 00 00 00
000015D7 12 00 00 00        		.dd LM107-_TX_Mode
000015D9 0D 00 0A 00        		.dw 0x0d,0x0a
000002A2                    	.code
                            	LM107:
000002A2 45 92              		R1=5	// QImode move
000002A3 C8 D2              		[SP--]=R1	// QImode move
000002A4 09 93 00 00        		R1=_TX_ADDRESS	// QImode move
000002A6 C8 D2              		[SP--]=R1	// QImode move
000002A7 70 92              		R1=48	// QImode move
000002A8 C8 D2              		[SP--]=R1	// QImode move
000002A9 40 F0 29 01        		CALL _SPI_Write_Buf	// call with return value
000002AB 43 00              		SP = SP + 3	//SP
000015DB                    	.debug
000015DB 2E 00 73 00        		.dw '.stabn 0x44,0,207,',0,0
         74 00 61 00
         62 00 6E 00
         20 00 30 00
         78 00 34 00
         34 00 2C 00
         30 00 2C 00
         32 00 30 00
         37 00 2C 00
         00 00 00 00
000015EF 1C 00 00 00        		.dd LM108-_TX_Mode
000015F1 0D 00 0A 00        		.dw 0x0d,0x0a
000002AC                    	.code
                            	LM108:
000002AC 45 92              		R1=5	// QImode move
000002AD C8 D2              		[SP--]=R1	// QImode move
000002AE 09 93 00 00        		R1=_TX_ADDRESS	// QImode move
000002B0 C8 D2              		[SP--]=R1	// QImode move
000002B1 6A 92              		R1=42	// QImode move
000002B2 C8 D2              		[SP--]=R1	// QImode move
000002B3 40 F0 29 01        		CALL _SPI_Write_Buf	// call with return value
000002B5 43 00              		SP = SP + 3	//SP
000015F3                    	.debug
000015F3 2E 00 73 00        		.dw '.stabn 0x44,0,208,',0,0
         74 00 61 00
         62 00 6E 00
         20 00 30 00
         78 00 34 00
         34 00 2C 00
         30 00 2C 00
         32 00 30 00
         38 00 2C 00
         00 00 00 00
00001607 26 00 00 00        		.dd LM109-_TX_Mode
00001609 0D 00 0A 00        		.dw 0x0d,0x0a
000002B6                    	.code
                            	LM109:
000002B6 54 92              		R1=20	// QImode move
000002B7 C8 D2              		[SP--]=R1	// QImode move
000002B8 09 93 05 00        		R1=_Tx_Buffer	// QImode move
000002BA C8 D2              		[SP--]=R1	// QImode move
000002BB 09 93 A0 00        		R1=160	// QImode move
000002BD C8 D2              		[SP--]=R1	// QImode move
000002BE 40 F0 29 01        		CALL _SPI_Write_Buf	// call with return value
000002C0 43 00              		SP = SP + 3	//SP
0000160B                    	.debug
0000160B 2E 00 73 00        		.dw '.stabn 0x44,0,210,',0,0
         74 00 61 00
         62 00 6E 00
         20 00 30 00
         78 00 34 00
         34 00 2C 00
         30 00 2C 00
         32 00 31 00
         30 00 2C 00
         00 00 00 00
0000161F 31 00 00 00        		.dd LM110-_TX_Mode
00001621 0D 00 0A 00        		.dw 0x0d,0x0a
000002C1                    	.code
                            	LM110:
000002C1 41 92              		R1=1	// QImode move
000002C2 C8 D2              		[SP--]=R1	// QImode move
000002C3 61 92              		R1=33	// QImode move
000002C4 C8 D2              		[SP--]=R1	// QImode move
000002C5 40 F0 9F 00        		CALL _SPI_RW_Reg	// call with return value
000002C7 42 00              		SP = SP + 2	//SP
00001623                    	.debug
00001623 2E 00 73 00        		.dw '.stabn 0x44,0,211,',0,0
         74 00 61 00
         62 00 6E 00
         20 00 30 00
         78 00 34 00
         34 00 2C 00
         30 00 2C 00
         32 00 31 00
         31 00 2C 00
         00 00 00 00
00001637 38 00 00 00        		.dd LM111-_TX_Mode
00001639 0D 00 0A 00        		.dw 0x0d,0x0a
000002C8                    	.code
                            	LM111:
000002C8 41 92              		R1=1	// QImode move
000002C9 C8 D2              		[SP--]=R1	// QImode move
000002CA 62 92              		R1=34	// QImode move
000002CB C8 D2              		[SP--]=R1	// QImode move
000002CC 40 F0 9F 00        		CALL _SPI_RW_Reg	// call with return value
000002CE 42 00              		SP = SP + 2	//SP
0000163B                    	.debug
0000163B 2E 00 73 00        		.dw '.stabn 0x44,0,212,',0,0
         74 00 61 00
         62 00 6E 00
         20 00 30 00
         78 00 34 00
         34 00 2C 00
         30 00 2C 00
         32 00 31 00
         32 00 2C 00
         00 00 00 00
0000164F 3F 00 00 00        		.dd LM112-_TX_Mode
00001651 0D 00 0A 00        		.dw 0x0d,0x0a
000002CF                    	.code
                            	LM112:
000002CF 5A 92              		R1=26	// QImode move
000002D0 C8 D2              		[SP--]=R1	// QImode move
000002D1 64 92              		R1=36	// QImode move
000002D2 C8 D2              		[SP--]=R1	// QImode move
000002D3 40 F0 9F 00        		CALL _SPI_RW_Reg	// call with return value
000002D5 42 00              		SP = SP + 2	//SP
00001653                    	.debug
00001653 2E 00 73 00        		.dw '.stabn 0x44,0,213,',0,0
         74 00 61 00
         62 00 6E 00
         20 00 30 00
         78 00 34 00
         34 00 2C 00
         30 00 2C 00
         32 00 31 00
         33 00 2C 00
         00 00 00 00
00001667 46 00 00 00        		.dd LM113-_TX_Mode
00001669 0D 00 0A 00        		.dw 0x0d,0x0a
000002D6                    	.code
                            	LM113:
000002D6 68 92              		R1=40	// QImode move
000002D7 C8 D2              		[SP--]=R1	// QImode move
000002D8 65 92              		R1=37	// QImode move
000002D9 C8 D2              		[SP--]=R1	// QImode move
000002DA 40 F0 9F 00        		CALL _SPI_RW_Reg	// call with return value
000002DC 42 00              		SP = SP + 2	//SP
0000166B                    	.debug
0000166B 2E 00 73 00        		.dw '.stabn 0x44,0,214,',0,0
         74 00 61 00
         62 00 6E 00
         20 00 30 00
         78 00 34 00
         34 00 2C 00
         30 00 2C 00
         32 00 31 00
         34 00 2C 00
         00 00 00 00
0000167F 4D 00 00 00        		.dd LM114-_TX_Mode
00001681 0D 00 0A 00        		.dw 0x0d,0x0a
000002DD                    	.code
                            	LM114:
000002DD 47 92              		R1=7	// QImode move
000002DE C8 D2              		[SP--]=R1	// QImode move
000002DF 66 92              		R1=38	// QImode move
000002E0 C8 D2              		[SP--]=R1	// QImode move
000002E1 40 F0 9F 00        		CALL _SPI_RW_Reg	// call with return value
000002E3 42 00              		SP = SP + 2	//SP
00001683                    	.debug
00001683 2E 00 73 00        		.dw '.stabn 0x44,0,215,',0,0
         74 00 61 00
         62 00 6E 00
         20 00 30 00
         78 00 34 00
         34 00 2C 00
         30 00 2C 00
         32 00 31 00
         35 00 2C 00
         00 00 00 00
00001697 54 00 00 00        		.dd LM115-_TX_Mode
00001699 0D 00 0A 00        		.dw 0x0d,0x0a
000002E4                    	.code
                            	LM115:
000002E4 4E 92              		R1=14	// QImode move
000002E5 C8 D2              		[SP--]=R1	// QImode move
000002E6 60 92              		R1=32	// QImode move
000002E7 C8 D2              		[SP--]=R1	// QImode move
000002E8 40 F0 9F 00        		CALL _SPI_RW_Reg	// call with return value
000002EA 42 00              		SP = SP + 2	//SP
0000169B                    	.debug
0000169B 2E 00 73 00        		.dw '.stabn 0x44,0,217,',0,0
         74 00 61 00
         62 00 6E 00
         20 00 30 00
         78 00 34 00
         34 00 2C 00
         30 00 2C 00
         32 00 31 00
         37 00 2C 00
         00 00 00 00
000016AF 5B 00 00 00        		.dd LM116-_TX_Mode
000016B1 0D 00 0A 00        		.dw 0x0d,0x0a
000002EB                    	.code
                            	LM116:
000002EB 11 93 05 70        		R1=[28677]	// QImode move
000002ED 09 A5 01 00        		R2=R1|1
000002EF 1A D5 05 70        		[28677]=R2	// QImode move
000016B3                    	.debug
000016B3 2E 00 73 00        		.dw '.stabn 0x44,0,218,',0,0
         74 00 61 00
         62 00 6E 00
         20 00 30 00
         78 00 34 00
         34 00 2C 00
         30 00 2C 00
         32 00 31 00
         38 00 2C 00
         00 00 00 00
000016C7 61 00 00 00        		.dd LM117-_TX_Mode
000016C9 0D 00 0A 00        		.dw 0x0d,0x0a
000002F1                    	.code
                            	LM117:
000002F1 41 92              		R1=1	// QImode move
000002F2 C8 D2              		[SP--]=R1	// QImode move
000002F3 40 F0 10 00        		CALL _delay1us	// call without return value
000002F5 41 00              		SP = SP + 1	//SP
000016CB                    	.debug
000016CB 2E 00 73 00        		.dw '.stabn 0x44,0,219,',0,0
         74 00 61 00
         62 00 6E 00
         20 00 30 00
         78 00 34 00
         34 00 2C 00
         30 00 2C 00
         32 00 31 00
         39 00 2C 00
         00 00 00 00
000016DF 66 00 00 00        		.dd LM118-_TX_Mode
000016E1 0D 00 0A 00        		.dw 0x0d,0x0a
000002F6                    	.code
                            	LM118:
000016E3                    	.debug
000016E3 2E 00 73 00        		.dw '.stabn 0x44,0,219,',0,0
         74 00 61 00
         62 00 6E 00
         20 00 30 00
         78 00 34 00
         34 00 2C 00
         30 00 2C 00
         32 00 31 00
         39 00 2C 00
         00 00 00 00
000016F7 66 00 00 00        		.dd LM119-_TX_Mode
000016F9 0D 00 0A 00        		.dw 0x0d,0x0a
000002F6                    	.code
                            	LM119:
                            	L38:
                            	
000002F6 41 00              		SP+=1
000002F7 88 98              		POP BP from [SP]
000002F8 90 9A              		RETF
                            		.endp	// end of TX_Mode
                            	
000016FB                    	.debug
000016FB 2E 00 73 00        		.dw '.stabf ',0,0
         74 00 61 00
         62 00 66 00
         20 00 00 00
         00 00      
00001704 69 00 00 00        		.dd LME11-_TX_Mode
00001706 0D 00 0A 00        		.dw 0x0d,0x0a
000002F9                    	.code
                            	LME11:
000002F9                    	.code
00001708                    	.debug
00001708 2E 00 73 00        		.dw '.stabs "nRF24L01_Initial:F19",36,0,0,',0,0,offset _nRF24L01_Initial,seg _nRF24L01_Initial,0x0d,0x0a
         74 00 61 00
         62 00 73 00
         20 00 22 00
         6E 00 52 00
         46 00 32 00
         34 00 4C 00
         30 00 31 00
         5F 00 49 00
         6E 00 69 00
         74 00 69 00
         61 00 6C 00
         3A 00 46 00
         31 00 39 00
         22 00 2C 00
         33 00 36 00
         2C 00 30 00
         2C 00 30 00
         2C 00 00 00
         00 00 F9 02
         00 00 0D 00
         0A 00      
000002F9                    	.CODE
                            	.public _nRF24L01_Initial
                            	_nRF24L01_Initial:	.proc
00001733                    	.debug
00001733 2E 00 73 00        		.dw '.stabn 0x44,0,221,',0,0
         74 00 61 00
         62 00 6E 00
         20 00 30 00
         78 00 34 00
         34 00 2C 00
         30 00 2C 00
         32 00 32 00
         31 00 2C 00
         00 00 00 00
00001747 00 00 00 00        		.dd LM120-_nRF24L01_Initial
00001749 0D 00 0A 00        		.dw 0x0d,0x0a
000002F9                    	.code
                            	LM120:
                            		// total=0, vars=0
                            		// frame_pointer_needed: 1
0000174B                    	.debug
0000174B 2E 00 73 00        		.dw '.stabn 0xa6,0,0,0',0x0d, 0x0a
         74 00 61 00
         62 00 6E 00
         20 00 30 00
         78 00 61 00
         36 00 2C 00
         30 00 2C 00
         30 00 2C 00
         30 00 0D 00
         0A 00      
000002F9                    	.code
000002F9 88 DA              		PUSH BP to [SP]
000002FA 08 0B 01 00        		BP=SP+1
                            	
000002FC 0D 03 03 00        		R1=BP+3
0000175E                    	.debug
0000175E 2E 00 73 00        		.dw '.stabn 0x44,0,222,',0,0
         74 00 61 00
         62 00 6E 00
         20 00 30 00
         78 00 34 00
         34 00 2C 00
         30 00 2C 00
         32 00 32 00
         32 00 2C 00
         00 00 00 00
00001772 05 00 00 00        		.dd LM121-_nRF24L01_Initial
00001774 0D 00 0A 00        		.dw 0x0d,0x0a
000002FE                    	.code
                            	LM121:
000002FE 12 95 05 70        		R2=[28677]	// QImode move
00000300 0A B7 FE FF        		R3=R2&(-2)
00000302 1B D7 05 70        		[28677]=R3	// QImode move
00001776                    	.debug
00001776 2E 00 73 00        		.dw '.stabn 0x44,0,223,',0,0
         74 00 61 00
         62 00 6E 00
         20 00 30 00
         78 00 34 00
         34 00 2C 00
         30 00 2C 00
         32 00 32 00
         33 00 2C 00
         00 00 00 00
0000178A 0B 00 00 00        		.dd LM122-_nRF24L01_Initial
0000178C 0D 00 0A 00        		.dw 0x0d,0x0a
00000304                    	.code
                            	LM122:
00000304 12 95 05 70        		R2=[28677]	// QImode move
00000306 0A A7 02 00        		R3=R2|2
00000308 1B D7 05 70        		[28677]=R3	// QImode move
0000178E                    	.debug
0000178E 2E 00 73 00        		.dw '.stabn 0x44,0,224,',0,0
         74 00 61 00
         62 00 6E 00
         20 00 30 00
         78 00 34 00
         34 00 2C 00
         30 00 2C 00
         32 00 32 00
         34 00 2C 00
         00 00 00 00
000017A2 11 00 00 00        		.dd LM123-_nRF24L01_Initial
000017A4 0D 00 0A 00        		.dw 0x0d,0x0a
0000030A                    	.code
                            	LM123:
0000030A 12 95 05 70        		R2=[28677]	// QImode move
0000030C 0A B7 FB FF        		R3=R2&(-5)
0000030E 1B D7 05 70        		[28677]=R3	// QImode move
000017A6                    	.debug
000017A6 2E 00 73 00        		.dw '.stabn 0x44,0,227,',0,0
         74 00 61 00
         62 00 6E 00
         20 00 30 00
         78 00 34 00
         34 00 2C 00
         30 00 2C 00
         32 00 32 00
         37 00 2C 00
         00 00 00 00
000017BA 17 00 00 00        		.dd LM124-_nRF24L01_Initial
000017BC 0D 00 0A 00        		.dw 0x0d,0x0a
00000310                    	.code
                            	LM124:
000017BE                    	.debug
000017BE 2E 00 73 00        		.dw '.stabn 0x44,0,227,',0,0
         74 00 61 00
         62 00 6E 00
         20 00 30 00
         78 00 34 00
         34 00 2C 00
         30 00 2C 00
         32 00 32 00
         37 00 2C 00
         00 00 00 00
000017D2 17 00 00 00        		.dd LM125-_nRF24L01_Initial
000017D4 0D 00 0A 00        		.dw 0x0d,0x0a
00000310                    	.code
                            	LM125:
                            	L39:
                            	
00000310 88 98              		POP BP from [SP]
00000311 90 9A              		RETF
                            		.endp	// end of nRF24L01_Initial
                            	
000017D6                    	.debug
000017D6 2E 00 73 00        		.dw '.stabf ',0,0
         74 00 61 00
         62 00 66 00
         20 00 00 00
         00 00      
000017DF 19 00 00 00        		.dd LME12-_nRF24L01_Initial
000017E1 0D 00 0A 00        		.dw 0x0d,0x0a
00000312                    	.code
                            	LME12:
00000312                    	.code
000017E3                    	.debug
000017E3 2E 00 73 00        		.dw '.stabs "nRF24L01_Config:F19",36,0,0,',0,0,offset _nRF24L01_Config,seg _nRF24L01_Config,0x0d,0x0a
         74 00 61 00
         62 00 73 00
         20 00 22 00
         6E 00 52 00
         46 00 32 00
         34 00 4C 00
         30 00 31 00
         5F 00 43 00
         6F 00 6E 00
         66 00 69 00
         67 00 3A 00
         46 00 31 00
         39 00 22 00
         2C 00 33 00
         36 00 2C 00
         30 00 2C 00
         30 00 2C 00
         00 00 00 00
         12 03 00 00
         0D 00 0A 00
00000312                    	.CODE
                            	.public _nRF24L01_Config
                            	_nRF24L01_Config:	.proc
0000180D                    	.debug
0000180D 2E 00 73 00        		.dw '.stabn 0x44,0,230,',0,0
         74 00 61 00
         62 00 6E 00
         20 00 30 00
         78 00 34 00
         34 00 2C 00
         30 00 2C 00
         32 00 33 00
         30 00 2C 00
         00 00 00 00
00001821 00 00 00 00        		.dd LM126-_nRF24L01_Config
00001823 0D 00 0A 00        		.dw 0x0d,0x0a
00000312                    	.code
                            	LM126:
                            		// total=1, vars=1
                            		// frame_pointer_needed: 1
00001825                    	.debug
00001825 2E 00 73 00        		.dw '.stabn 0xa6,0,0,1',0x0d, 0x0a
         74 00 61 00
         62 00 6E 00
         20 00 30 00
         78 00 61 00
         36 00 2C 00
         30 00 2C 00
         30 00 2C 00
         31 00 0D 00
         0A 00      
00000312                    	.code
00000312 88 DA              		PUSH BP to [SP]
00000313 41 20              		SP-=1
00000314 08 0B 01 00        		BP=SP+1
                            	
00000316 0D 03 04 00        		R1=BP+4
00000318 C5 D2              		[BP]=R1	// QImode move
00001838                    	.debug
00001838 2E 00 73 00        		.dw '.stabn 0x44,0,232,',0,0
         74 00 61 00
         62 00 6E 00
         20 00 30 00
         78 00 34 00
         34 00 2C 00
         30 00 2C 00
         32 00 33 00
         32 00 2C 00
         00 00 00 00
0000184C 07 00 00 00        		.dd LM127-_nRF24L01_Config
0000184E 0D 00 0A 00        		.dw 0x0d,0x0a
00000319                    	.code
                            	LM127:
00000319 11 93 05 70        		R1=[28677]	// QImode move
0000031B 09 B5 FE FF        		R2=R1&(-2)
0000031D 1A D5 05 70        		[28677]=R2	// QImode move
00001850                    	.debug
00001850 2E 00 73 00        		.dw '.stabn 0x44,0,233,',0,0
         74 00 61 00
         62 00 6E 00
         20 00 30 00
         78 00 34 00
         34 00 2C 00
         30 00 2C 00
         32 00 33 00
         33 00 2C 00
         00 00 00 00
00001864 0D 00 00 00        		.dd LM128-_nRF24L01_Config
00001866 0D 00 0A 00        		.dw 0x0d,0x0a
0000031F                    	.code
                            	LM128:
0000031F 11 93 05 70        		R1=[28677]	// QImode move
00000321 09 A5 02 00        		R2=R1|2
00000323 1A D5 05 70        		[28677]=R2	// QImode move
00001868                    	.debug
00001868 2E 00 73 00        		.dw '.stabn 0x44,0,234,',0,0
         74 00 61 00
         62 00 6E 00
         20 00 30 00
         78 00 34 00
         34 00 2C 00
         30 00 2C 00
         32 00 33 00
         34 00 2C 00
         00 00 00 00
0000187C 13 00 00 00        		.dd LM129-_nRF24L01_Config
0000187E 0D 00 0A 00        		.dw 0x0d,0x0a
00000325                    	.code
                            	LM129:
00000325 11 93 05 70        		R1=[28677]	// QImode move
00000327 09 B5 FB FF        		R2=R1&(-5)
00000329 1A D5 05 70        		[28677]=R2	// QImode move
00001880                    	.debug
00001880 2E 00 73 00        		.dw '.stabn 0x44,0,235,',0,0
         74 00 61 00
         62 00 6E 00
         20 00 30 00
         78 00 34 00
         34 00 2C 00
         30 00 2C 00
         32 00 33 00
         35 00 2C 00
         00 00 00 00
00001894 19 00 00 00        		.dd LM130-_nRF24L01_Config
00001896 0D 00 0A 00        		.dw 0x0d,0x0a
0000032B                    	.code
                            	LM130:
0000032B 11 93 05 70        		R1=[28677]	// QImode move
0000032D 09 B5 FE FF        		R2=R1&(-2)
0000032F 1A D5 05 70        		[28677]=R2	// QImode move
00001898                    	.debug
00001898 2E 00 73 00        		.dw '.stabn 0x44,0,236,',0,0
         74 00 61 00
         62 00 6E 00
         20 00 30 00
         78 00 34 00
         34 00 2C 00
         30 00 2C 00
         32 00 33 00
         36 00 2C 00
         00 00 00 00
000018AC 1F 00 00 00        		.dd LM131-_nRF24L01_Config
000018AE 0D 00 0A 00        		.dw 0x0d,0x0a
00000331                    	.code
                            	LM131:
00000331 4F 92              		R1=15	// QImode move
00000332 C8 D2              		[SP--]=R1	// QImode move
00000333 60 92              		R1=32	// QImode move
00000334 C8 D2              		[SP--]=R1	// QImode move
00000335 40 F0 9F 00        		CALL _SPI_RW_Reg	// call with return value
00000337 42 00              		SP = SP + 2	//SP
000018B0                    	.debug
000018B0 2E 00 73 00        		.dw '.stabn 0x44,0,237,',0,0
         74 00 61 00
         62 00 6E 00
         20 00 30 00
         78 00 34 00
         34 00 2C 00
         30 00 2C 00
         32 00 33 00
         37 00 2C 00
         00 00 00 00
000018C4 26 00 00 00        		.dd LM132-_nRF24L01_Config
000018C6 0D 00 0A 00        		.dw 0x0d,0x0a
00000338                    	.code
                            	LM132:
00000338 41 92              		R1=1	// QImode move
00000339 C8 D2              		[SP--]=R1	// QImode move
0000033A 61 92              		R1=33	// QImode move
0000033B C8 D2              		[SP--]=R1	// QImode move
0000033C 40 F0 9F 00        		CALL _SPI_RW_Reg	// call with return value
0000033E 42 00              		SP = SP + 2	//SP
000018C8                    	.debug
000018C8 2E 00 73 00        		.dw '.stabn 0x44,0,238,',0,0
         74 00 61 00
         62 00 6E 00
         20 00 30 00
         78 00 34 00
         34 00 2C 00
         30 00 2C 00
         32 00 33 00
         38 00 2C 00
         00 00 00 00
000018DC 2D 00 00 00        		.dd LM133-_nRF24L01_Config
000018DE 0D 00 0A 00        		.dw 0x0d,0x0a
0000033F                    	.code
                            	LM133:
0000033F 41 92              		R1=1	// QImode move
00000340 C8 D2              		[SP--]=R1	// QImode move
00000341 62 92              		R1=34	// QImode move
00000342 C8 D2              		[SP--]=R1	// QImode move
00000343 40 F0 9F 00        		CALL _SPI_RW_Reg	// call with return value
00000345 42 00              		SP = SP + 2	//SP
000018E0                    	.debug
000018E0 2E 00 73 00        		.dw '.stabn 0x44,0,239,',0,0
         74 00 61 00
         62 00 6E 00
         20 00 30 00
         78 00 34 00
         34 00 2C 00
         30 00 2C 00
         32 00 33 00
         39 00 2C 00
         00 00 00 00
000018F4 34 00 00 00        		.dd LM134-_nRF24L01_Config
000018F6 0D 00 0A 00        		.dw 0x0d,0x0a
00000346                    	.code
                            	LM134:
00000346 42 92              		R1=2	// QImode move
00000347 C8 D2              		[SP--]=R1	// QImode move
00000348 63 92              		R1=35	// QImode move
00000349 C8 D2              		[SP--]=R1	// QImode move
0000034A 40 F0 9F 00        		CALL _SPI_RW_Reg	// call with return value
0000034C 42 00              		SP = SP + 2	//SP
000018F8                    	.debug
000018F8 2E 00 73 00        		.dw '.stabn 0x44,0,240,',0,0
         74 00 61 00
         62 00 6E 00
         20 00 30 00
         78 00 34 00
         34 00 2C 00
         30 00 2C 00
         32 00 34 00
         30 00 2C 00
         00 00 00 00
0000190C 3B 00 00 00        		.dd LM135-_nRF24L01_Config
0000190E 0D 00 0A 00        		.dw 0x0d,0x0a
0000034D                    	.code
                            	LM135:
0000034D 5A 92              		R1=26	// QImode move
0000034E C8 D2              		[SP--]=R1	// QImode move
0000034F 64 92              		R1=36	// QImode move
00000350 C8 D2              		[SP--]=R1	// QImode move
00000351 40 F0 9F 00        		CALL _SPI_RW_Reg	// call with return value
00000353 42 00              		SP = SP + 2	//SP
00001910                    	.debug
00001910 2E 00 73 00        		.dw '.stabn 0x44,0,241,',0,0
         74 00 61 00
         62 00 6E 00
         20 00 30 00
         78 00 34 00
         34 00 2C 00
         30 00 2C 00
         32 00 34 00
         31 00 2C 00
         00 00 00 00
00001924 42 00 00 00        		.dd LM136-_nRF24L01_Config
00001926 0D 00 0A 00        		.dw 0x0d,0x0a
00000354                    	.code
                            	LM136:
00000354 40 92              		R1=0	// QImode move
00000355 C8 D2              		[SP--]=R1	// QImode move
00000356 65 92              		R1=37	// QImode move
00000357 C8 D2              		[SP--]=R1	// QImode move
00000358 40 F0 9F 00        		CALL _SPI_RW_Reg	// call with return value
0000035A 42 00              		SP = SP + 2	//SP
00001928                    	.debug
00001928 2E 00 73 00        		.dw '.stabn 0x44,0,242,',0,0
         74 00 61 00
         62 00 6E 00
         20 00 30 00
         78 00 34 00
         34 00 2C 00
         30 00 2C 00
         32 00 34 00
         32 00 2C 00
         00 00 00 00
0000193C 49 00 00 00        		.dd LM137-_nRF24L01_Config
0000193E 0D 00 0A 00        		.dw 0x0d,0x0a
0000035B                    	.code
                            	LM137:
0000035B 4F 92              		R1=15	// QImode move
0000035C C8 D2              		[SP--]=R1	// QImode move
0000035D 66 92              		R1=38	// QImode move
0000035E C8 D2              		[SP--]=R1	// QImode move
0000035F 40 F0 9F 00        		CALL _SPI_RW_Reg	// call with return value
00000361 42 00              		SP = SP + 2	//SP
00001940                    	.debug
00001940 2E 00 73 00        		.dw '.stabn 0x44,0,243,',0,0
         74 00 61 00
         62 00 6E 00
         20 00 30 00
         78 00 34 00
         34 00 2C 00
         30 00 2C 00
         32 00 34 00
         33 00 2C 00
         00 00 00 00
00001954 50 00 00 00        		.dd LM138-_nRF24L01_Config
00001956 0D 00 0A 00        		.dw 0x0d,0x0a
00000362                    	.code
                            	LM138:
00001958                    	.debug
00001958 2E 00 73 00        		.dw '.stabn 0x44,0,243,',0,0
         74 00 61 00
         62 00 6E 00
         20 00 30 00
         78 00 34 00
         34 00 2C 00
         30 00 2C 00
         32 00 34 00
         33 00 2C 00
         00 00 00 00
0000196C 50 00 00 00        		.dd LM139-_nRF24L01_Config
0000196E 0D 00 0A 00        		.dw 0x0d,0x0a
00000362                    	.code
                            	LM139:
                            	L40:
                            	
00000362 41 00              		SP+=1
00000363 88 98              		POP BP from [SP]
00000364 90 9A              		RETF
                            		.endp	// end of nRF24L01_Config
                            	
00001970                    	.debug
00001970 2E 00 73 00        		.dw '.stabf ',0,0
         74 00 61 00
         62 00 66 00
         20 00 00 00
         00 00      
00001979 53 00 00 00        		.dd LME13-_nRF24L01_Config
0000197B 0D 00 0A 00        		.dw 0x0d,0x0a
00000365                    	.code
                            	LME13:
00000365                    	.code
0000197D                    	.debug
0000197D 2E 00 73 00        		.dw '.stabs "main:F1",36,0,0,',0,0,offset _main,seg _main,0x0d,0x0a
         74 00 61 00
         62 00 73 00
         20 00 22 00
         6D 00 61 00
         69 00 6E 00
         3A 00 46 00
         31 00 22 00
         2C 00 33 00
         36 00 2C 00
         30 00 2C 00
         30 00 2C 00
         00 00 00 00
         65 03 00 00
         0D 00 0A 00
00000365                    	.CODE
                            	.public _main
                            	_main:	.proc
0000199B                    	.debug
0000199B 2E 00 73 00        		.dw '.stabn 0x44,0,245,',0,0
         74 00 61 00
         62 00 6E 00
         20 00 30 00
         78 00 34 00
         34 00 2C 00
         30 00 2C 00
         32 00 34 00
         35 00 2C 00
         00 00 00 00
000019AF 00 00 00 00        		.dd LM140-_main
000019B1 0D 00 0A 00        		.dw 0x0d,0x0a
00000365                    	.code
                            	LM140:
                            		// total=2, vars=2
                            		// frame_pointer_needed: 1
000019B3                    	.debug
000019B3 2E 00 73 00        		.dw '.stabn 0xa6,0,0,2',0x0d, 0x0a
         74 00 61 00
         62 00 6E 00
         20 00 30 00
         78 00 61 00
         36 00 2C 00
         30 00 2C 00
         30 00 2C 00
         32 00 0D 00
         0A 00      
00000365                    	.code
00000365 88 DA              		PUSH BP to [SP]
00000366 42 20              		SP-=2
00000367 08 0B 01 00        		BP=SP+1
                            	
00000369 0D 03 05 00        		R1=BP+5
0000036B 01 D2              		[BP+1]=R1	// QImode move
                            	LBB8:
000019C6                    	.debug
000019C6 2E 00 73 00        		.dw '.stabn 0x44,0,247,',0,0
         74 00 61 00
         62 00 6E 00
         20 00 30 00
         78 00 34 00
         34 00 2C 00
         30 00 2C 00
         32 00 34 00
         37 00 2C 00
         00 00 00 00
000019DA 07 00 00 00        		.dd LM141-_main
000019DC 0D 00 0A 00        		.dw 0x0d,0x0a
0000036C                    	.code
                            	LM141:
0000036C 40 F0 00 00        		CALL _Initial_IOB	// call without return value
000019DE                    	.debug
000019DE 2E 00 73 00        		.dw '.stabn 0x44,0,248,',0,0
         74 00 61 00
         62 00 6E 00
         20 00 30 00
         78 00 34 00
         34 00 2C 00
         30 00 2C 00
         32 00 34 00
         38 00 2C 00
         00 00 00 00
000019F2 09 00 00 00        		.dd LM142-_main
000019F4 0D 00 0A 00        		.dw 0x0d,0x0a
0000036E                    	.code
                            	LM142:
0000036E 40 F0 F9 02        		CALL _nRF24L01_Initial	// call without return value
000019F6                    	.debug
000019F6 2E 00 73 00        		.dw '.stabn 0x44,0,249,',0,0
         74 00 61 00
         62 00 6E 00
         20 00 30 00
         78 00 34 00
         34 00 2C 00
         30 00 2C 00
         32 00 34 00
         39 00 2C 00
         00 00 00 00
00001A0A 0B 00 00 00        		.dd LM143-_main
00001A0C 0D 00 0A 00        		.dw 0x0d,0x0a
00000370                    	.code
                            	LM143:
00000370 40 F0 90 02        		CALL _TX_Mode	// call without return value
00001A0E                    	.debug
00001A0E 2E 00 73 00        		.dw '.stabn 0x44,0,251,',0,0
         74 00 61 00
         62 00 6E 00
         20 00 30 00
         78 00 34 00
         34 00 2C 00
         30 00 2C 00
         32 00 35 00
         31 00 2C 00
         00 00 00 00
00001A22 0D 00 00 00        		.dd LM144-_main
00001A24 0D 00 0A 00        		.dw 0x0d,0x0a
00000372                    	.code
                            	LM144:
                            	L42:
00000372 0F 9F 76 03        		PC=L44	// jump
00000374 0F 9F 81 03        		PC=L43	// jump
                            	L44:
00001A26                    	.debug
00001A26 2E 00 73 00        		.dw '.stabn 0x44,0,257,',0,0
         74 00 61 00
         62 00 6E 00
         20 00 30 00
         78 00 34 00
         34 00 2C 00
         30 00 2C 00
         32 00 35 00
         37 00 2C 00
         00 00 00 00
00001A3A 11 00 00 00        		.dd LM145-_main
00001A3C 0D 00 0A 00        		.dw 0x0d,0x0a
00000376                    	.code
                            	LM145:
00000376 09 93 64 00        		R1=100	// QImode move
00000378 C8 D2              		[SP--]=R1	// QImode move
00000379 40 F0 10 00        		CALL _delay1us	// call without return value
0000037B 41 00              		SP = SP + 1	//SP
00001A3E                    	.debug
00001A3E 2E 00 73 00        		.dw '.stabn 0x44,0,258,',0,0
         74 00 61 00
         62 00 6E 00
         20 00 30 00
         78 00 34 00
         34 00 2C 00
         30 00 2C 00
         32 00 35 00
         38 00 2C 00
         00 00 00 00
00001A52 17 00 00 00        		.dd LM146-_main
00001A54 0D 00 0A 00        		.dw 0x0d,0x0a
0000037C                    	.code
                            	LM146:
0000037C 41 92              		R1=1	// QImode move
0000037D 19 D3 12 70        		[28690]=R1	// QImode move
00001A56                    	.debug
00001A56 2E 00 73 00        		.dw '.stabn 0x44,0,259,',0,0
         74 00 61 00
         62 00 6E 00
         20 00 30 00
         78 00 34 00
         34 00 2C 00
         30 00 2C 00
         32 00 35 00
         39 00 2C 00
         00 00 00 00
00001A6A 1A 00 00 00        		.dd LM147-_main
00001A6C 0D 00 0A 00        		.dw 0x0d,0x0a
0000037F                    	.code
                            	LM147:
0000037F 0F 9F 72 03        		PC=L42	// jump
                            	L43:
00001A6E                    	.debug
00001A6E 2E 00 73 00        		.dw '.stabn 0x44,0,260,',0,0
         74 00 61 00
         62 00 6E 00
         20 00 30 00
         78 00 34 00
         34 00 2C 00
         30 00 2C 00
         32 00 36 00
         30 00 2C 00
         00 00 00 00
00001A82 1C 00 00 00        		.dd LM148-_main
00001A84 0D 00 0A 00        		.dw 0x0d,0x0a
00000381                    	.code
                            	LM148:
                            	LBE8:
00001A86                    	.debug
00001A86 2E 00 73 00        		.dw '.stabn 0x44,0,260,',0,0
         74 00 61 00
         62 00 6E 00
         20 00 30 00
         78 00 34 00
         34 00 2C 00
         30 00 2C 00
         32 00 36 00
         30 00 2C 00
         00 00 00 00
00001A9A 1C 00 00 00        		.dd LM149-_main
00001A9C 0D 00 0A 00        		.dw 0x0d,0x0a
00000381                    	.code
                            	LM149:
                            	L41:
                            	
00000381 42 00              		SP+=2
00000382 88 98              		POP BP from [SP]
00000383 90 9A              		RETF
                            		.endp	// end of main
                            	
00001A9E                    	.debug
00001A9E 2E 00 73 00        		.dw '.stabn 0xc0,0,0,',0,0
         74 00 61 00
         62 00 6E 00
         20 00 30 00
         78 00 63 00
         30 00 2C 00
         30 00 2C 00
         30 00 2C 00
         00 00 00 00
00001AB0 07 00 00 00        		.dd LBB8-_main
00001AB2 0D 00 0A 00        		.dw 0x0d,0x0a
00000384                    	.code
00001AB4                    	.debug
00001AB4 2E 00 73 00        		.dw '.stabs "a:1",128,0,0,0',0x0d,0x0a
         74 00 61 00
         62 00 73 00
         20 00 22 00
         61 00 3A 00
         31 00 22 00
         2C 00 31 00
         32 00 38 00
         2C 00 30 00
         2C 00 30 00
         2C 00 30 00
         0D 00 0A 00
00000384                    	.CODE
00001ACC                    	.debug
00001ACC 2E 00 73 00        		.dw '.stabn 0xe0,0,0,',0,0
         74 00 61 00
         62 00 6E 00
         20 00 30 00
         78 00 65 00
         30 00 2C 00
         30 00 2C 00
         30 00 2C 00
         00 00 00 00
00001ADE 1C 00 00 00        		.dd LBE8-_main
00001AE0 0D 00 0A 00        		.dw 0x0d,0x0a
00000384                    	.code
00001AE2                    	.debug
00001AE2 2E 00 73 00        		.dw '.stabf ',0,0
         74 00 61 00
         62 00 66 00
         20 00 00 00
         00 00      
00001AEB 1F 00 00 00        		.dd LME14-_main
00001AED 0D 00 0A 00        		.dw 0x0d,0x0a
00000384                    	.code
                            	LME14:
0000000A                    	.iram
                            	.public _SPI_ReceiveData
                            	_SPI_ReceiveData:
0000000A 00 00              		.dw 0
0000000B                    	.iram
                            	.public _RX
                            	_RX:
0000000B 00 00 00 00        		.dw 16 dup(0)
         00 00 00 00
         00 00 00 00
         00 00 00 00
         00 00 00 00
         00 00 00 00
         00 00 00 00
         00 00 00 00
                            		.end
0 error(s), 0 warning(s).
