:020000040800F2
:10000000A01C00204D400008CD2B000857400008E0
:10001000CF2B0008D32B0008D72B000800000000CE
:10002000000000000000000000000000DB2B0008C2
:10003000DD2B00080000000063400008AD2C000824
:1000400067400008674000086740000867400008F4
:1000500067400008674000086740000867400008E4
:1000600067400008674000086740000867400008D4
:1000700067400008674000086740000867400008C4
:1000800067400008674000086740000867400008B4
:10009000674000086740000867400008DF2B000841
:1000A0006740000867400008674000086740000894
:1000B00067400008F12B0008F92B00086740000892
:1000C0006740000867400008674000086740000874
:1000D00067400008152C00081D2C0008252C00087E
:1000E0006740000867400008674000086740000854
:1000F0006740000867400008674000086740000844
:100100006740000867400008674000086740000833
:100110002D2C0008352C000867400008FB2B000838
:100120006740000867400008674000086740000813
:100130006740000867400008674000086740000803
:1001400067400008674000086740000867400008F3
:100150006740000867400008674000083D2C000821
:1001600067400008674000086740000867400008D3
:1001700067400008674000086740000867400008C3
:100180006740000867400008DFF80CD00DF076FAF1
:1001900000480047A1010008A01C002000BFFEE7A6
:1001A00001F002FB00F014F801E000F037F8FCE782
:1001B000704770477047704710B500F059F801213B
:1001C000294880F8A71580F8AD1510BD7047704715
:1001D000002000BF1FE000EB4001244A02EB810138
:1001E00089884FF47A7292FBF1F100EB40021F4BC9
:1001F00003EB8202D18000EB40011A4602EB810141
:10020000C988012905DA012100EB400203EB8202D3
:10021000D180411CC8B20728DDD3704770B50024D7
:1002200000BF1EE002F04CFD054604EB44000F4900
:1002300001EB80008068281A04EB44010B4A02EBB2
:100240008101C98888420AD304EB4400114601EBBE
:100250008000856004EB440152F821008047601C57
:10026000C4B2072CDED370BDB40200200000002011
:1002700010B55B4890F83900002876D15848B0F99D
:10028000440040F2A46188420FDD5548B0F94400B3
:1002900040F69801884208DA5248007850B90120A7
:1002A000504908705049087004E000204D4908701A
:1002B00000F0FCFF4B480078012873D14A480078D1
:1002C0000B2870D2DFE800F0060A131921353E46EC
:1002D0005B63790000204549088077E0022001F047
:1002E00001F84149097808443F4908706EE03E48EA
:1002F0000078401C3C49087068E000F0BBFF3A49B8
:10030000097808443849087060E038480088B0F53A
:10031000FA6F05DA3548008814303449088007E060
:1003200000203249088030480078401C2E4908706F
:100330004CE0322001F017F82B49097808442A498B
:10034000087043E00CF0E8FA274909780844264988
:1003500008703BE025480088B0F5FA6F06DA2348BC
:10036000008814302149088008E036E000201F4949
:1003700008801D480078401C1B49087026E00CF0DE
:10038000CBFA194909780844174908701EE0174844
:100390000088B0F5FA6F07DA144800881430134962
:1003A000088009E013E010E00020104908800E48A2
:1003B0000078401C0C49087008E000F0F5FF0A497D
:1003C000097808440849087000E000BF07E00020F1
:1003D0000549087000F06AFF01E000F067FF10BDFA
:1003E000440A00205600002057000020580000203A
:1003F000FF20F94981F84E006421F748A0F8501019
:100400000121A0F85210FF20F34981F88001142146
:10041000F148A0F882110021A0F88411FF20EE49D4
:1004200081F820010021EC48A0F82211A0F8241145
:10043000FF20E94981F832010021E748A0F8341192
:10044000A0F83611FF20E44981F838010021E24884
:10045000A0F83A11A0F83C11FF20DF4981F886018D
:100460000021DD48A0F88811A0F88A11FF20DA49A0
:1004700081F840050021D848A0F84215A0F844159D
:10048000FF20D54981F84C050021D348A0F84E152E
:10049000A0F85015FF20D04981F8A6050021CE48CC
:1004A000A0F8A815A0F8AA15FF20CB4981F8AC0543
:1004B0000021C948A0F8AE15A0F8B015FF20C64924
:1004C00081F8B2050021C448A0F8B415A0F8B6150B
:1004D000FF20C14981F8B8050021BF48A0F8BA152E
:1004E000A0F8BC15FF20BC4981F8BE050021BA4820
:1004F000A0F8C015A0F8C215704770B504460D46A7
:100500002946204603F007FD70BDB34A1070012252
:10051000B14B5A707047B04A82F84C05012382F8FB
:100520004D3570472DE9F04104460D460026002761
:10053000E178A81F814201D0BDE8F081002006E0EB
:10054000215C3144CEB2B919CFB2411CC8B2A91E48
:100550008142F5DC601910F8020CB04204D1601938
:1005600010F8010CB84200D0E6E72078AA2805D19F
:100570006078612803D06078FF2800D0DCE7A0789D
:10058000202811D1A08895490880E08848802089DA
:1005900088806089C880A0890881E0894881208A94
:1005A0008881608AC881AEE0A0780F280DD12079BB
:1005B00040B28B490870607940B24870A07940B26F
:1005C0008870E07940B2C8709DE0A07806280CD110
:1005D0002079844948706079C870A0790871E17900
:1005E00080484171217A81718DE0A07807280AD175
:1005F000002005E0211D095C7B4A1154411CC8B252
:100600000628F7DB7FE0A07803280AD1002005E068
:10061000211D095C754A1154411CC8B20728F7DB3B
:1006200071E0A07803280AD1002005E0211D095CB3
:100630006F4A1154411CC8B20928F7DB63E0A07867
:10064000012860D0A078E0281ED12079012806D0AA
:10065000022805D0102804D0112804D102E003E0BC
:1006600002E001E000E000BF00BF20795A4981F8B4
:100670000C06084680F80D6680F80E7600F20C61D4
:10068000AF20FFF742FF3EE0A078B0B9524890F8A3
:100690000F062179884236D14F4890F810066179CB
:1006A000884230D14C4890F81106A17988422AD16D
:1006B0000020494981F8000625E0A078E12811D101
:1006C0002179607901EB00201FFA80F84248A0F8F8
:1006D00014860021C0F8181600F21461FF20FFF7FD
:1006E0001AFF10E0A078E2280DD120793A4981F86C
:1006F0000C06084680F80D6680F80E7600F20C6154
:10070000FF20FFF702FF00BF16E710B50446394887
:10071000007838B9AA2C05D101203649087036482E
:10072000047089E033480078012809D1612C01D098
:10073000FF2C05D102202F4908702F4844707BE020
:100740002C480078022805D103202A4908702A483D
:10075000847071E02748007803280CD1FA2C0ADA5B
:100760000420244908702448C470244804700020E0
:100770002349087060E01F480078042819D11F48F9
:100780000078002815DD1D480078401E1B490870C0
:100790001B4800781A490978491C194A1170001D34
:1007A00015490C5415480078A8B90520114908705E
:1007B00042E010480078052824D106200D49087031
:1007C0000F4800780E490978491C0D4A1170001D28
:1007D00009490C5430E02FE0B4020020DE0900206B
:1007E00068010020380A00206B000020640000200F
:1007F000EE0900205E000020D00800205C000020F0
:100800005D000020FE480078062812D10020FC4937
:100810000870FC480078001DFB490C54F94800782A
:10082000401DFA49087008460178F748FFF77AFE3C
:1008300002E00020F249087010BD7CB506460C4667
:100840001546402E65D00BDC302E39D003DCA6B126
:100850000D2E78D127E0332E3FD0342EF9D14AE047
:10086000E22E71D004DC412E60D0E02EF1D16DE09B
:10087000F12E6AD0F22EECD1C6E0E54890F80C16C5
:100880002278501C2070A954E14890F80D16227867
:10089000501C2070A954DE4890F80E162278501C87
:1008A0002070A954D0E0002007E0DA490A5C2378E0
:1008B000591C2170EA54411CC8B20428F5DBC3E07E
:1008C000002007E0D4490A5C2378591C2170EA54BF
:1008D000411CC8B21728F5DBB6E0002008E0CE497D
:1008E00019390A5C2378591C2170EA54411CC8B29A
:1008F0000628F4DBA8E0002008E0C749C91F0A5C0D
:100900002378591C2170EA54411CC8B20728F4DB33
:100910009AE0002007E0C1490A5C2378591C217045
:10092000EA54411CC8B21428F5DB8DE0002007E032
:10093000BB490A5C2378591C2170EA54411CC8B297
:100940000E28F5DB80E07EE014E041E0B04890F84E
:1009500001162278501C2070A954002007E0B149EC
:100960000A5C2378591C2170EA54411CC8B20A2839
:10097000F5DB69E0A648B0F8140600B201909DF8D6
:1009800004102278501C2070A9549DF8051022787C
:10099000501C2070A9549E48D0F8180600909DF86D
:1009A00000102278501C2070A9549DF80110227864
:1009B000501C2070A9549DF802102278501C207001
:1009C000A9549DF803102278501C2070A9543BE0D4
:1009D0009548C06900909DF800102278501C207046
:1009E000A9549DF801102278501C2070A9549DF83C
:1009F00002102278501C2070A9549DF80310227810
:100A0000501C2070A95400BF0BF041FFBDEEC00A7E
:100A10008DED000A9DF800102278501C2070A9541A
:100A20009DF801102278501C2070A9549DF80210E6
:100A30002278501C2070A9549DF803102278501C75
:100A40002070A95400E000BF00BF7CBDF8B504468B
:100A50000F4600200090AA219DF80020501CC0B233
:100A600000907248815439789DF80020501CC0B223
:100A700000906E4881549DF80010481CC0B2009050
:100A80006A48445400219DF80020501CC0B20090D8
:100A900066488154024669462046FFF7CEFE9DF81F
:100AA0000000001F6149C87000250026002007E0F3
:100AB0005E49095C2944CDB27119CEB2411CC8B25D
:100AC0009DF800108842F3DB9DF80010481CC0B26E
:100AD0000090564845549DF80010481CC0B2009044
:100AE000524846544A4890F8000640B1E02C06D1DE
:100AF000474880F80F4680F8105680F811669DF838
:100B000000104A48FFF7F9FCF8BD10B5044604EBA5
:100B100044003F4901EB4000408828B304EB440007
:100B200001EB4000808804EB4401394A02EB4101AB
:100B3000498888420CDA04EB4400114601EB40007E
:100B40008088401C04EB440102EB410188800BE0EB
:100B5000012004EB44012E4A02EB4101888004EBA2
:100B6000440102EB4101487004EB4400284901EBC9
:100B70004000407868B1002004EB4401244A02EBB5
:100B80004101487004EB440002EB40012046FFF7AE
:100B90005DFF10BD1E4A82F84005012382F84135F1
:100BA00001221B4B83F80026704710B52DED028BF8
:100BB000B0EE408A00F044F83020FFF7A6FF332063
:100BC000FFF7A3FF3420FFF7A0FF4020FFF79DFFB2
:100BD0004120FFF79AFFE020FFF797FFE220FFF7A1
:100BE00094FF0D20FFF791FFF120FFF78EFFF22019
:100BF000FFF78BFFF320FFF788FFF42018E00000D9
:100C00005E0000205D000020D00800205A00002077
:100C1000B402002060000020210A00207E0A00208B
:100C2000D0090020B6080020B00A00208002002071
:100C3000FFF76BFFF520FFF768FFBDEC028B10BDDF
:100C4000164890F80006012821D11548007832286E
:100C500005DA13480078401C114908701CE0002098
:100C60000F4908700F480078401C0E49087008466C
:100C70000078052804DA0121084880F841150BE0C6
:100C8000002008490870054981F8000604E00020AA
:100C9000034908700349087070470000B40200203F
:100CA0005F0000205B00002000B52DED028B85B0B9
:100CB000B0EE408AF84890F8390000287DD1F64817
:100CC000B0F94200B0F5966F06DA012000F00AFB99
:100CD0000120F249087013E0EF48B0F9420040F2F9
:100CE000A461884206DA022000F0FCFA0220EB49F7
:100CF000087005E0032000F0F5FA0320E7490870CA
:100D0000E6484078E549097888420BD0E348007806
:100D1000E249487008460078032803D108468078E5
:100D2000401C8870DD48807810B3DD480088B0F53D
:100D3000FA6F10DADA48008800EE100AB8EE400ABE
:100D4000DFEDD80A00EE880ABCEEC00A10EE100AE9
:100D5000D34908800CE0D1498978032901DB00F0F0
:100D6000E9FA20B10021CE4A1180CC4A917000BF2F
:100D7000C948B0F93A00A0F2DC5000EE900AF8EE53
:100D8000E00AB0EE600A9FEDC81ADFEDC80A01F074
:100D90006FF98DED010AC048B0F93C00A0F2DC50BB
:100DA00000EE900AF8EEE00AB0EE600A9FEDBE1A7F
:100DB000DFEDBE0A01F05CF900E085E08DED020A8E
:100DC000B548B0F93E00A0F2DC5000EE900AF8EE13
:100DD000E00AB0EE600A9FEDB61ADFEDB40A01F04A
:100DE00047F98DED030AAC48B0F94000A0F2DC50A1
:100DF00000EE900AF8EEE00AB0EE600A9FEDAC1A41
:100E0000DFEDAA0A01F034F98DED040AA948007853
:100E100058B19FEDA60A8DED010A9FEDA40A8DED54
:100E2000020A9FEDA20A8DED040A9DED010ADFED95
:100E3000A20A20EE200ADFEDA10A20EE200ABDEE74
:100E4000C00A10EE100A00B29D4908809DED020A0A
:100E5000B1EE400ADFED980A20EE200ADFED970A96
:100E600020EE200ABDEEC00A10EE100A00B2488043
:100E70008948C08FA0F57A7000B288809DED040A81
:100E8000B1EE400ADFED8F0A20EE200ADFED8E0A78
:100E900020EE200ABDEEC00A10EE100A00B2C88093
:100EA0000020088148810BF024FD808884498881D6
:100EB0000020C8800121854880F8871100208449DE
:100EC0000870844908701EE08348C07878B1804873
:100ED000007828B9032000F005FA7D49087006E083
:100EE0007C48007818B900F025FA7A49087000208B
:100EF0007349088048804FF4AF7088800020C88014
:100F000088814881088105B0BDEC028B00BD10B519
:100F100004467248008800EE100AB8EE400ADFED81
:100F2000700A20EE200ABDEEC00A10EE100A00B2D0
:100F30006C4908806948408800EE100AB8EE400A03
:100F4000DFED670A20EE200ABDEEC00A10EE100A9F
:100F500000B248806148808800EE100AB8EE400A6E
:100F6000DFED5F0A20EE200ABDEEC00A10EE100A87
:100F700000B288805948C08800EE100AB8EE400AD6
:100F8000DFED570A20EE200ABDEEC00A10EE100A6F
:100F900000B2C8805148008900EE100AB8EE400A3D
:100FA000DFED4F0A20EE200ABDEEC00A10EE100A57
:100FB00000B208814948408900EE100AB8EE400AA4
:100FC000DFED470A20EE200ABDEEC00A10EE100A3F
:100FD00000B248814148808900EE100AB8EE400A0C
:100FE000DFED3F0A20EE200ABDEEC00A10EE100A27
:100FF00000B288813948C08900EE100AB8EE400A74
:10100000DFED370A20EE200ABDEEC00A10EE100A0E
:1010100000B2C8813448007818B9012032490870FC
:1010200027E0E4B1002017E02E4931F91010002923
:1010300001DC00210BE02B4931F91010B1F57A7F6A
:1010400002DD4FF47A7102E0264931F91010254A89
:1010500022F81010411CC8B20828E5DB09E0002086
:1010600005E000211F4A22F81010411CC8B20828D0
:10107000F7DB1C4802F037F910BD10B501F0F2FEA5
:10108000DFED1A0A20EE200ABCEEC00A10EE100AAC
:101090001749088010BD0000440A0020730000209A
:1010A0007600002000007A4400002042000000008A
:1010B0000000A042840000208F360E3B00C05A453D
:1010C000D0090020C6F91B3B00004843B4020020B1
:1010D0007100002072000020380A0020DE09002084
:1010E000CDCCCC3DF8090020780000200000C8429B
:1010F0006000002010B523480088401C214908806A
:10110000084600880A2190FBF1F201FB12001D49FC
:1011100008800846008810BB9FED1B0A00F00DFDFB
:101120009FED190AFFF7C0FD9FED170A00F016FBAF
:101130009FED150A01F0D6F912484088401C11496C
:101140004880084640880A2190FBF1F201FB12001A
:101150000C4948800846408808B9FFF78EFF02F026
:1011600059FF012001F05EFB9FED080A00F010F826
:101170009FED060AFFF719FD0120FFF7C8FE01F0F9
:1011800012FF10BD7A0000200AD7233C6F12833A69
:1011900010B52DED028BB0EE408A00F020F800BFB4
:1011A0002D4840782D490978884214D02A48407843
:1011B0002A49087000202A4988744FF4877128480A
:1011C000A0F813102448C1692548C0F81510012162
:1011D000244880F8391100BFBDEC028B10BD2248B5
:1011E0000078FF2804D020480078401C1E49087071
:1011F000194800781D490978884216D016480078A9
:101200001A4908701448007A50B11348C07838B1B0
:1012100011484089124908800F488089488004E0BD
:101220004FF400400E49088048800B484078104930
:10123000097888420ED0084840780D4908704FF46C
:101240000040074988800121064880F833110020BA
:101250000549087070470000B00A00208100002096
:10126000080A0020B4020020800000207E00002038
:101270007F00002010B50120A2498870A24890F894
:10128000000688B91020A04981F8010600219E4877
:1012900080F80216012180F8031600F20161FF2098
:1012A000FFF778FC012010BD0020FCE710B50020FE
:1012B00094498870944890F8000688B910209249A3
:1012C00081F801060021904880F80216022180F87A
:1012D000031600F20161FF20FFF75CFC012010BD46
:1012E0000020FCE710B5044688480078A0421FD0D3
:1012F000854890F80006C8B9824804708348047095
:101300000120814981F8010601217F4880F80216F9
:1013100080F803167B4801787B4880F8041600F2B9
:101320000161FF20FFF736FC012010BD0020FCE723
:101330000120FAE710B5744890F8000688B910202B
:10134000714981F8010600216F4880F802160721D3
:1013500080F8031600F20161FF20FFF71BFC01205B
:1013600010BD0020FCE701B5674890F80006C8B939
:101370001020654981F801060021634880F80216B3
:10138000052180F803169DF8001080F804169DF8DA
:10139000011080F8051600F20161FF20FFF7FAFB4B
:1013A000012008BD0020FCE710B5574890F8000662
:1013B00088B91020544981F801060021524880F86C
:1013C0000216062180F8031600F20161FF20FFF7E4
:1013D000E1FB012010BD0020FCE707B54A4890F86A
:1013E000000648BB1020484981F801060221464802
:1013F00080F80216032180F803169DF8001080F88B
:1014000004169DF8011080F805169DF8041080F868
:1014100006169DF8051080F807169DF8081080F84C
:1014200008169DF8091080F8091600F20161FF20E6
:10143000FFF7B0FB01200EBD0020FCE710B53248DD
:1014400090F8000688B901202F4981F80106002193
:101450002D4880F80216032180F8031600F201617E
:10146000FF20FFF797FB012010BD0020FCE710B51F
:10147000254890F8000688B90120234981F8010623
:101480000021214880F80216042180F8031600F29A
:101490000161FF20FFF77EFB012010BD0020FCE76B
:1014A00010B5194890F8000688B90120164981F84E
:1014B00001060021144880F80216052180F8031661
:1014C00000F20161FF20FFF765FB012010BD002045
:1014D000FCE710B50C4890F8000688B901200A49CD
:1014E00081F801060021084880F80216022180F8E0
:1014F000031600F20161FF20FFF74CFB012010BD35
:101500000020FCE7380A0020B402002082000020FE
:1015100010B504469848B0F94000B0F5AF6F0BDD48
:101520009548B0F94000B0F5C86F05DA012093493D
:1015300048709349087002E00020904948708E4836
:10154000B0F93E00B0F5966F06DA8C48407818B9CD
:1015500001208A49087002E0002088490870884804
:10156000007801284AD18748C078002853D18248A2
:10157000B0F93A0040F26C71884210DD7E48B0F953
:101580003C0040F24C41884209DA7B48B0F93E0009
:10159000884204DA7848B0F94000884217DB764880
:1015A000B0F9400040F26C71884230DD7248B0F909
:1015B0003C0040F24C41884229DA6F48B0F93E00C5
:1015C000884224DA6C48B0F93A0088421FDA6E4843
:1015D0000088B0F57A7F12DAD4ED000A6A480088F4
:1015E00000EE100AB8EE400A9FED681A00EE810A7C
:1015F000BCEEC00A10EE100A6349088062E0FFF7F3
:1016000039FE0020604908805D4908705AE00020DA
:101610005D49088056E05B48C078012852D15648A1
:10162000B0F93A0040F26C71884210DD5248B0F9CE
:101630003C0040F24C41884209DA4F48B0F93E0084
:10164000884204DA4C48B0F94000884217DB4A4827
:10165000B0F9400040F26C71884230DD4648B0F984
:101660003C0040F24C41884229DA4348B0F93E0040
:10167000884224DA4048B0F93A0088421FDA4248EA
:101680000088B0F5967F12DAD4ED000A3E48008853
:1016900000EE100AB8EE400A9FED3C1A00EE810AF7
:1016A000BCEEC00A10EE100A374908800AE0FFF7C6
:1016B000FDFD0020344908803149087002E0002017
:1016C0003149088010BD10B52E48C078002844D19B
:1016D0002948B0F9400040F24C41884217DA2648C8
:1016E000B0F93C00884212DA2348B0F93E00884243
:1016F0000DDA2148B0F93A00884208DA2448007827
:1017000038BBFFF79BFE01202149087025E01A48ED
:10171000B0F9400040F26C7188421BDD1648B0F908
:101720003C0040F24C41884214DA1348B0F93E00C4
:1017300088420FDA1048B0F93A0040F26C718842E2
:1017400008DD1348007820B9FFF791FE0120104909
:10175000087002E000200E49087010BD10B52DED94
:10176000020B054890F8390020B96846FFF7D0FE13
:10177000FFF7A9FF1CBD0000440A002084000020E0
:1017800088000020380A00208600002000007A44EB
:101790008900002010B501F0F1FD0120F84981F821
:1017A000380081F8390010BD10B501F0C3FA64208B
:1017B00001F0B4FA01F096FB01F022FC642001F084
:1017C000ADFAF04802F00DF8EE4802F007F9ED48E6
:1017D00002F027FAEB4802F00DFB642001F09EFABC
:1017E000FFF7D8FF01F0EAFA642001F097FAFEF75C
:1017F000FFFD4FF4487001F091FA01F0B8F801F0E4
:10180000E7FE012010BD40F6C411884203DDDE4929
:101810000978032903DCDC4909780A290DD1002164
:10182000D94A1170D649B1F84E10491CD44AA2F8D1
:101830004E10012182F8501012E0B0F5967F0FDDB6
:1018400040F6B83188420BDA02B2CD49891CCE4B42
:101850001B7821F81320CC490978491CCA4A117019
:10186000704738B50446C9A000680090C848406871
:10187000C749086001F027FAC54948600846406832
:101880000968401A40F6C411884202D90020C149B3
:101890000870C04801780078401CBE4A1070BE48ED
:1018A00044541046007819287ED11820114608703B
:1018B000B94800780F2878D1B748007E38B1B648CB
:1018C000007EB64A12781DF802108842F3D100203B
:1018D000B0490870B0484078AF49897801F00701F5
:1018E00040EA0120A6498882AB48C0788006400DB6
:1018F000A949897840EAE100A149C882A64840790F
:10190000C007400DA449097940EA8100A249C9787D
:1019100040EAA1109A4908839F4880790007400D4A
:101920009D49497940EA6100954948839A48C079C0
:101930004006400D9849897940EA211090498883F2
:101940009548407A8007400D9349097A40EA410062
:101950009149C97940EAE1108949C8838E48807A63
:10196000C006400D8C49497A40EAA10084490884A8
:101970008948C07AC0008849897A40EA6111804864
:1019800041848548007B8449497B01F0070140EA96
:1019900001207B4988848048807B8006400D7E49F9
:1019A000497B40EAE10001E072E067E07449C884E5
:1019B0007948007CC007400D7749C97B40EA810027
:1019C0007549897B40EAA1106D4908857248407CC1
:1019D0000007400D7049097C40EA6100684948856C
:1019E0006D48807C4006400D6B49497C40EA2110DF
:1019F000634988856848007D8007400D6649C97C39
:101A000040EA41006449897C40EAE1105C49C885AC
:101A10006148407DC006400D5F49097D40EAA10054
:101A2000574908865C48807DC0005B49497D40EA93
:101A30006111534841865848C07D514981F83400AE
:101A4000084690F8340000F0080040B90846B0F8A5
:101A50004E00401CA1F84E00022081F850004F4873
:101A60000078401C4D4908700878C11700EB91714F
:101A70008910A0EB8101494A117009E0002005E0BE
:101A8000454A411C515C1154411CC8B21828F7DB6F
:101A900038BD10B50446D4ED000A4148008800EE78
:101AA000100AB8EE400A9FED3F1A00EE810ABCEE24
:101AB000C00A10EE100A3A49088008460088B0F5BE
:101AC0007A7F39DD002008802D48B0F84E002C497F
:101AD000C8860846C08E052803DA012081F8380040
:101AE00003E00020264981F83800254890F83800A6
:101AF000C8B123480078D8B92B480078401C2A493F
:101B00000870087800EBD0714910A0EB4101264A1B
:101B1000117010460078012802D101F0B0FC07E0F6
:101B200001F02CFC04E0164890F8500014490870AD
:101B300000201349A1F84E0010BD10B52DED020B89
:101B40006846FFF7A6FF0E4890F8380000286DD1D0
:101B50000B48007801280DD1002008E00849891CB5
:101B600031F81020383121F81020411CC8B20A2861
:101B7000F4DB37E002480078022833D100202FE060
:101B8000440A002020A107008C0000200414243403
:101B90009000002098000020960A00209900002064
:101BA0009C00002000007A449A0000202A4931F964
:101BB0001010A1F5806100EE101AF8EEC00A9FED3A
:101BC000270A9FED271A01EE200ABDEEC00A10EE8B
:101BD000101A0AB22049263121F81020411CC8B23F
:101BE0000A28E3DB1C481438B0F94200B0F5966FC0
:101BF00006DD19481438B0F94200B0F5AF6F0DDBBF
:101C000015481438B0F94200B0F5C86F0ADD124823
:101C10001438B0F94200B0F5E16F03DA0120114940
:101C2000087011E000200F4908700DE001200D49F7
:101C30000870002006E000220749263121F8102014
:101C4000411CC8B20A28F6DB06480078024914395C
:101C500081F839001CBD0000580A00200080BB44F8
:101C60002FDD243F9E000020F0EE400AF5EEC00A72
:101C7000F1EE10FA02DBB0EE600A7047B1EE600AD6
:101C8000FBE700B5B0EE403AB0EE602AB5EEC03AE0
:101C9000F1EE10FA07D1B5EEC02AF1EE10FA02D13A
:101CA0009FEDFC1A99E0B0EE430AFFF7DDFFF0EE7E
:101CB000403AB0EE420AFFF7D7FFF0EE402AF4EECA
:101CC000E23AF1EE10FA02D283EEA24A01E082EE8D
:101CD000A34A9FEDF10AB4EEC04AF1EE10FA02D227
:101CE000F0EE441A2DE0DFEDED0AB6EE000A14EE38
:101CF000200AF0EE404ABDEEE40A10EE100A00EEB3
:101D0000100AB8EEC00A34EEC00AF0EE404AE449C8
:101D100001EB800191ED000AF0EE401AE04A411C0F
:101D200002EB810191ED000A114601EB8001D1ED3A
:101D3000000A70EE600AB0EE610A00EEA40AF0EE4E
:101D4000401AF4EEE32AF1EE10FA20DDB5EEC02AD7
:101D5000F1EE10FA0ADBB5EEC03AF1EE10FA02DB52
:101D6000B0EE611A39E0B1EE611A36E09FEDCD1A9E
:101D7000B5EEC03AF1EE10FA04DB31EE610AB0EED6
:101D8000401A2AE031EEC10AB0EE401A25E0B5EE65
:101D9000C03AF1EE10FA10DB9FEDC31AB5EEC02A7F
:101DA000F1EE10FA04DB31EE610AB0EE401A14E0F5
:101DB00031EE210AB0EE401A0FE09FEDBC1AB5EEED
:101DC000C02AF1EE10FA04DB31EE210AB0EE401A1F
:101DD00003E031EE610AB0EE401AB0EE410A00BDF8
:101DE00000B5B0EE405AF0EE605AF0EE450AB0EEA3
:101DF000650AFFF746FF00BDF0EE400AF6EE001A56
:101E000060EEA11AB0EE611AB0EE600A10EE100A90
:101E1000A749A1EB600000EE100A21EE002AF7EEC0
:101E2000081A42EE401A61EE801AB0EE610A21EE05
:101E3000002AF7EE081A42EE401A61EE801AB0EE60
:101E4000610A704700B5F0EE402AB0EE620AFFF773
:101E5000D3FF20EE220A00BD10B52DED0A8BB0EEA7
:101E6000409AF0EE609A9FED930B53EC102B51ECDF
:101E7000190B0BF0E3FA18D29FED900B53EC102BDB
:101E800051EC190B0BF0D5F941EC1B0B9FED8D0BB1
:101E900053EC102B0BF026F941EC1A0B53EC192BD9
:101EA0000BF0C7F941EC180B17E09FED840B53ECD6
:101EB000102B51EC190B0BF0BCF941EC1B0B9FEDF7
:101EC000810B53EC102B0BF0B1F941EC1A0B53ECD6
:101ED000192B0BF0AEF941EC180B9FED760B53EC80
:101EE000102B51EC180B0BF0A9FA20D29FED770BB9
:101EF00053EC102B51EC180B0BF0F4F841EC1C0BCD
:101F00009FED740B53EC102B0BF093F941EC1B0B72
:101F10009FED6E0B53EC102B0BF0E4F841EC1A0B19
:101F200053EC182B0BF085F941EC180B1FE09FEDDB
:101F3000670B53EC102B51EC180B0BF074F941ECC0
:101F40001C0B9FED660B53EC102B0BF072F941EC60
:101F50001B0B9FED5E0B53EC102B0BF0C3F841EC09
:101F60001A0B53EC182B0BF064F941EC180BB0EE84
:101F7000480AF0EE680ABDEC0A8B10BD10B52DEDD5
:101F8000068BB0EE408AF0EE608A01249FED550B7F
:101F900053EC102B51EC180B0BF068FA0AD89FED9C
:101FA000510B53EC102B51EC180B0BF03CF941EC9E
:101FB000180BA41E20460BF01DFA41EC190BB0EED5
:101FC000480AF0EE680AFFF747FFB0EE40AAF0EECD
:101FD00060AA53EC192B51EC1A0B0BF02AF941ECC7
:101FE000100BBDEC068B10BD10B52DED088BB0EEBF
:101FF000408AF0EE608A01249FED3C0B53EC102BDD
:1020000051EC180B0BF06EF841EC180B9FED350BF3
:1020100053EC102B51EC180B0BF028FA0AD8A41E25
:102020009FED300B53EC102B51EC180B0BF0FBF821
:1020300041EC180B20460BF0DDF941EC1A0BB0EE29
:10204000480AF0EE680AFFF799FFB0EE40BAF0EEEA
:1020500060BA53EC1A2B51EC1B0B0BF0EAF841EC75
:10206000190B0BF01BFA00EE100ABDEC088B10BD2B
:10207000F0EE401AF4EEE01AF1EE10FA3ADD31EE2D
:10208000C10AB4EEE00AF1EE10FA3CD2B0EE600AFA
:1020900039E00000000000008180803B00008043A8
:1020A0002CDC0008DB0F4940DB0FC93FDB0FC9BF49
:1020B000DF59375F000000000000000000000060F2
:1020C0002FF0D93F00000060305FF43F00000000B7
:1020D0000000F03F000000C0CCCCCCBF000000C02E
:1020E000CCCCCC3FF1D4C853FB210940F1D4C85328
:1020F000FB21F93F31EE810AB4EEE00AF1EE10FA6D
:1021000001DDB0EE600A7047F0EE401AB1EE412AF0
:1021100032EE202AB4EEE12AF1EE10FA09D231EEC5
:10212000202AB4EEE12AF1EE10FA02DDB0EE600AE8
:1021300001E0B0EE610A7047F0EE402AB5EEC01A39
:10214000F1EE10FA02DDB0EE410A01E0B1EE410A13
:10215000B6EE003A22EE033A23EE213AB4EEC30A79
:10216000F1EE10FA06D29FEDD40A20EE800AF0EECE
:10217000400A4DE0B5EEC01AF1EE10FA02DDB0EE05
:10218000410A01E0B1EE410A22EE213AB4EEC30A5F
:10219000F1EE10FA06D29FEDC90A20EE800AF0EEA9
:1021A000400A35E0B5EEC01AF1EE10FA02DDB0EEED
:1021B000410A01E0B1EE410AB4EEE10AF1EE10FA93
:1021C00006D2B6EE000A20EE800AF0EE400A1FE0CA
:1021D000B5EEC01AF1EE10FA02DDB0EE410A01E0F0
:1021E000B1EE410AB0EE003A21EE833AB4EEC30AF2
:1021F000F1EE10FA06D29FEDB20A20EE800AF0EE60
:10220000400A05E09FEDAF0A20EE800AF0EE400A9A
:102210009FEDAD0A20EE800A20EE223AF7EE003A5A
:1022200083EE830AB7EE003A30EE030AF7EE003A87
:1022300083EE803A90ED000A71EE403A90ED000A8C
:1022400003EE230A80ED000A90ED000AB1EE423A57
:1022500023EE213AB4EEC30AF1EE10FA04D8B1EE3F
:10226000420A20EE210A0DE090ED000A22EE213A0A
:10227000B4EEC30AF1EE10FA02DD22EE210A01E00B
:1022800090ED000A80ED000A90ED000A31EE400A60
:10229000704710B52DED028BB0EE408AF0EE608AEB
:1022A0009FED8A0B53EC102B51EC180B0BF0DEF862
:1022B0000CD29FED880B53EC102B51EC180B0AF04D
:1022C000B2FF41EC100BBDEC028B10BD9FED830BF8
:1022D00053EC102B51EC180B0BF0B0F80AD29FED19
:1022E0007D0B53EC102B51EC180B0AF0FBFE41EC6C
:1022F000100BE8E7B0EE480AF0EE680AE3E730B505
:1023000005460C46F0EE403AD5ED000A60EEA00A14
:1023100094ED001AD4ED001A41EE210AB0EE600AE5
:10232000FFF790FDB0EE403AB5EEC03AF1EE10FA8C
:1023300002D81FEDA80A09E0B4EEE33AF1EE10FA74
:1023400002DDB0EE630A01E0B0EE430AB0EE404AAF
:10235000B5EEC03AF1EE10FA06D11FEDB20A83EDE8
:10236000000A82ED000A0FE084EE030AD5ED000AB0
:1023700020EE200A82ED000A84EE030AD4ED000A62
:1023800020EE200A83ED000A30BDF0EE400A0B7803
:1023900002EB8303C3ED000A0B785B1C0B700B7818
:1023A000834201DB00230B700B7802EB830393ED78
:1023B000000A704700B50246B0EE403A0B46F7EE11
:1023C000000A43EE430AB0EE600AFFF73BFDD2ED90
:1023D000000A20EE200AD2ED010A00EEC30A83EDC6
:1023E000000AF7EE000A43EE430AB0EE600AFFF778
:1023F00029FDD2ED010A20EE200AD2ED000A00EEFE
:10240000830A83ED010A00BD90ED000AD1ED010AB7
:1024100020EE200AD0ED010A91ED001A00EEC10A6B
:10242000704790ED000AD1ED000A20EE200AD0EDB1
:10243000010A91ED011A00EE810A704790ED010A40
:10244000D1ED020A20EE200AD0ED020A91ED011A28
:1024500000EEC10A82ED000A90ED020AD1ED000AF9
:1024600020EE200AD0ED000A91ED021A00EEC10A1A
:1024700082ED010A90ED000AD1ED010A20EE200A5A
:10248000D0ED010A91ED001A00EEC10A82ED020AB8
:10249000704790ED000AD1ED000A20EE200AD0ED41
:1024A000010A91ED011A00EE810AD0ED020A91EDC8
:1024B000021A00EE810A70479A99993FCDCC4C3FA1
:1024C000CDCC4C3ECDCCCC3DC3F5C8400000000087
:1024D00000806640000000000080764000000000A0
:1024E000008066C008B5C648D0ED000A9FEDC51A49
:1024F000F4EEC10AF1EE10FA0BD2D0ED000AB7EEFD
:10250000001A70EE810AC0ED000A0120BE498870F1
:1025100002E00020BC498870B948D0ED010A9FED67
:10252000B91AF4EEC10AF1EE10FA0BD2D0ED010A9D
:10253000B7EE001A70EE810AC0ED010A01208DF895
:10254000000002E000208DF80000AD48D0ED020A46
:102550009FEDAC1AF4EEC10AF1EE10FA0BD2D0EDF9
:10256000020AB7EE001A70EE810AC0ED020A0120DD
:102570008DF8010002E000208DF801009DF80000B8
:1025800030B19DF8010018B101209F49C87002E0E8
:1025900000209D49C87008BD30B500220024C578D0
:1025A0008B1F9D4200D030BD002306E0C55C154462
:1025B000EAB2A518ECB25D1CEBB28D1E9D42F5DCB3
:1025C000431813F8023C934204D1431813F8013C1A
:1025D000A34200D0E7E78378512B38D103795BB968
:1025E0004379894D6B7183795BB2AB71C3795BB20F
:1025F000EB71037A2B7183E00379012B12D14379BC
:10260000814D2B72C3886B810389AB81837A2B71D7
:102610009FED7E0A7A4B83ED010A2B461B785B1CEB
:102620002B706DE00379022B6AD14379764DAB7341
:10263000C3882B8203896B824389AB828389EB82B7
:10264000C3892B83038A6B83837C2B7158E0837847
:10265000342B0DD1D0F807306B4DEB619FED6B0A39
:10266000674B83ED020A2B465B785B1C6B7047E07F
:102670008378012B0DD18388634D2B86C3886B86AD
:102680000389AB864389EB8683892B87C3896B8754
:1026900036E08378042B33D1B0F9043000EE103AE1
:1026A000B8EEC00ADFED5A0A20EE200A564B83ED41
:1026B000080AB0F9063000EE103AB8EEC00ADFEDB5
:1026C000540A20EE200A504B83ED090AB0F9083075
:1026D00000EE103AB8EEC00ADFED4D0A20EE200AF7
:1026E000494B83ED0A0AB0F90A3000EE103AB8EE11
:1026F000C00ADFED470A20EE200A434B83ED0B0AA8
:1027000000BF50E710B504464248007838B9AA2CFB
:1027100005D101203F4908703F4804706FE03D48F3
:102720000078012809D1612C01D0FF2C05D10220AD
:10273000384908703848447061E03648007802280B
:1027400005D10320334908703348847057E031487D
:10275000007803280CD1FA2C0ADA04202D490870DD
:102760002D48C4702D48047000202D49087046E0A3
:1027700028480078042819D128480078002815DD59
:1027800026480078401E25490870254800782449CD
:102790000978491C224A1170001D1F490C541F481A
:1027A000007840BB05201B49087028E019480078D4
:1027B00005280DD1062017490870194800781849D6
:1027C0000978491C164A1170001D13490C5416E073
:1027D0001048007806280FD100200E4908701048D4
:1027E0000078001D0C490C540D480078401DC1B202
:1027F0000948FFF7D1FE02E000200649087010BD2D
:10280000200B00200000FA43B00A00200000000066
:1028100017B7D138A6000020EC0A0020A400002041
:10282000A50000200146D548007800287ED000226F
:10283000D24B1A70D24A1288C832D14B1A80D14A70
:10284000127DD14B5A76CF4AD37DCF4A9376CD4A6B
:102850009369CD4AC2F81B30CA4AD369CA4AC2F842
:102860001F30C84A526A0A2392FBF3F3C64AC2F8E1
:102870002330C44A126B0A2392FBF3F213B2C24A0A
:10288000A2F82730BF4A526B0A2392FBF3F213B22D
:10289000BD4AA2F82930BB4A926B0A2392FBF3F29D
:1028A00013B2B94AA2F82B30B64AB2F84C2000EE67
:1028B000102AB8EE400ADFEDB50A20EE200ABCEE81
:1028C000C00A10EE100A08B9002204E0C82801D995
:1028D000C82200E002461046AB4A82F82D00A94A01
:1028E000526C00EE102AB8EE400ADFEDA80A20EE86
:1028F000200ABCEEC00A10EE100A08B9002204E05B
:10290000C82801D9C82200E0024610469E4A82F833
:102910002E009C4AD26A00EE102AB8EE400ADFED83
:102920009B0A20EE200ABCEEC00A00E012E010EE86
:10293000100A08B9002204E0C82801D9C82200E022
:1029400002461046904A82F82F000123904A82F8EE
:10295000213100BF704710B50E218E4800F0C2FE35
:1029600010BD10B50E218C4800F0BCFE10BD10B596
:10297000642000F0D3F94FF4165000F038FE3220F6
:1029800000F0CCF91C21854800F0ACFE642000F07A
:10299000C5F94FF4964000F02AFE322000F0BEF94F
:1029A0001C217E4800F09EFE642000F0B7F94FF431
:1029B000164000F01CFE322000F0B0F91C217748D0
:1029C00000F090FE642000F0A9F94FF4E13000F02F
:1029D0000EFE142000F0A2F90B21714800F082FED7
:1029E000142000F09BF90B216E4800F07BFE1420B0
:1029F00000F094F90B216C4800F074FE142000F0F4
:102A00008DF90B21694800F06DFE142000F086F965
:102A10000B21674800F066FE142000F07FF90B21BF
:102A2000644800F05FFE142000F078F9FFF793FF90
:102A300010BD10B50146002000225F4B1B782BB95A
:102A4000B52903D101235C4C237095E05A4B1B78C8
:102A5000012B05D1622903D10223574C23708BE04F
:102A6000554B1B78022B05D10323534C2370534B3A
:102A7000197081E0504B1B78032B05D104234E4C79
:102A800023704F4B197077E04B4B1B78042B05D10B
:102A90000523494C23704B4B19706DE0464B1B7856
:102AA000052B10D10623444C2370464B1B7803EBB7
:102AB0000123454C238023461B88622B5CDB0023CB
:102AC0003D4C237058E03C4B1B78062B54DB3A4BB3
:102AD0001B789B1F3C4C2488A41CA3420ADA364B6B
:102AE0001B789B1F274CE154334B1B785B1C324CEB
:102AF000237041E0314B1B780344D8B21318DAB28B
:102B00002F4B1B780344D8B21318DAB22E4B1B7824
:102B10000344D8B21318DAB22B4B1B8800EB1323F3
:102B2000D8B21318DAB2002307E0164CE45C044470
:102B3000E0B21418E2B25C1CE3B2234C2488A34236
:102B4000F3DB104B204C24881B5D834211D10D4CCC
:102B50001D4B1B885B1CE35C93420AD1174B1B780F
:102B6000012B06D1164B1B78072B02D10123034CF6
:102B700023700023104C237010BD0000A80000201B
:102B8000AA0000202C0B0020080A00200AD7233CB2
:102B9000B4020020AC000020BA000020E4000020B5
:102BA00015010020200100202B010020360100200B
:102BB000410100204C0100205D0100205701002050
:102BC00058010020590100205A010020704700BF21
:102BD000FEE700BFFEE700BFFEE77047704710B595
:102BE000802003F0CCFE10B1802003F01EFF10BD4A
:102BF00010B500F01BFC10BD704710B50121114845
:102C000007F0B3FD28B101210E4807F00BFEFEF7D7
:102C100071FA10BD10B500F0ADFD10BD10B500F09B
:102C20009EFE10BD10B500F0BDFF10BD10B501F047
:102C3000A5F810BD10B501F0B6F910BD10B500F043
:102C400071FC10BD001400407FB5684604F0C9FD5A
:102C50004FF47A710198B0FBF1F4E4082146B1F128
:102C6000807F00D31DE021F07F40401E4FF0E02226
:102C7000506150170F22002807DA13071E0E314B40
:102C800000F00F052D1F5E5503E013071D0E2E4BA0
:102C90001D5400BF00204FF0E0229061072010611A
:102CA00000BF6FF0040001F09DFB7FBD2748D0E915
:102CB00000305A1C40F100002449C1E9002070474F
:102CC00022480068704710B500BF204A11684FF0D5
:102CD000E02252694FF0E0239B69D21A4FF47A73D5
:102CE0005A434FF0E0235B69B2FBF3F201EB41037F
:102CF000C3EBC11302EBC300144C18CC4B4023436D
:102D0000E3D110BD30B50446FFF7DDFF054600BF37
:102D1000FFF7D9FF401BA042FAD330BD10B50446DF
:102D200003E04FF47A70FFF7EDFF201EA4F10104D9
:102D3000F7D110BD10B54FF4806001F0A1FAFFF794
:102D400083FF10BD18ED00E000E400E0600100200A
:102D500000B58FB0684602F09EFD0121880504F0A1
:102D600058FE00BF564803F0B3F80028FAD100908F
:102D7000544801905448029000200390322004905F
:102D8000002005904FF4806006904000079080007E
:102D9000089000010A904012099000200B90012039
:102DA0000C9000200D900E906946454802F01DFCE5
:102DB0000121434802F080FD0FB000BD00B58DB089
:102DC00001A801F011FC0121042004F022FE0121E0
:102DD000080204F004FFFFF7BBFF03208DF830006A
:102DE00020200B9000208DF833000BA9374803F00A
:102DF000C1FE0020099007904FF480300890002019
:102E00000A9007A801F0FAFB002001908DF8080055
:102E100001208DF8090000200390059001208DF815
:102E2000180001A927484C3801F015FB072301229F
:102E30000F2124484C3801F0A6FD012121484C38CF
:102E400001F07FFF01211F484C3801F088FC01216F
:102E50001C484C3801F04FFF1A484C3801F05FFE17
:102E60000DB000BD9FED1A0AF0EE400A002010E000
:102E7000154931F8101000EE101AB8EE401ADFEDC7
:102E8000151AB0EE600A01EE210AF0EE400A411C6C
:102E9000C8B23228ECDB9FED101A80EE810A9FED5C
:102EA0000F1A20EE010AB2EE061A20EE010AF7EE22
:102EB000001A80EE211A9FED0A0A21EE000A7047DF
:102EC000106402404C200140900B0020000802409A
:102ED000000000000AD7A33C0000804500404E459A
:102EE0006F12833A1CB5684603F0EFFE01211020F3
:102EF00004F08FFD01208DF804008DF807000020FC
:102F00008DF8060002208DF8050007200090694624
:102F1000384803F02FFE01208DF804008DF80600DC
:102F200002208DF80500802000906946314803F0AA
:102F300021FE02212F4804F053F801212D4804F00E
:102F40004FF804212B4804F04BF88021294804F065
:102F500047F81CBD00F0010119B10221254A118377
:102F600002E00221234A518300F0020119B101213C
:102F7000204A118302E001211E4A518300F004011E
:102F800019B104211B4A118302E00421194A51831B
:102F900000F0080119B18021164A518302E0802116
:102FA000144A1183704700B500201DE0124931F822
:102FB0001010124A1256914204DA0121814019433D
:102FC0008BB202E0012181408B430B4931F8101094
:102FD000491C89B2084A22F81010142902DB00218A
:102FE00022F81010411CC8B20428DFDB1846FFF796
:102FF000B1FF00BD001002406C01002068010020FC
:1030000030B58BB00025D44C01A803F05EFE08A8B3
:1030100005F06BF903A805F0A4FF012C01D80120ED
:1030200004E0CE48844200D900E020460446012155
:10303000082004F0B1FD0121022004F0D0FD01219F
:10304000084604F0CCFD0121152004F0E2FC0C2020
:10305000019002208DF8080003208DF8090000205F
:103060008DF80A0001208DF80B0001A9BC4803F07F
:1030700081FD02221146BA4804F090F80222032191
:10308000B74804F08BF8B74800684008B0FBF4F08C
:10309000401E85B242F210700990ADF82050002019
:1030A000ADF82800ADF8220008A9AF4805F092F865
:1030B0006020ADF80C000020ADF818000120ADF83C
:1030C0000E004FF47A60059003A9A74805F0F0FDC3
:1030D0000821A54806F0B9F90120ADF80E004FF41B
:1030E0007A60059003A9A04805F0AAFE08219E4831
:1030F00006F0D7F901219C4805F0F1FA01219A4820
:1031000005F0D9FB4FF4D440019002208DF808005F
:1031100003208DF8090000208DF80A0001208DF8A9
:103120000B0001A9914803F025FD012209218F48D8
:1031300004F034F801220B218C4804F02FF801220E
:103140000D218A4804F02AF801220E21874804F054
:1031500025F884480068B0FBF4F0401E85B242F2C6
:1031600010700990ADF820500020ADF82800ADF89F
:1031700022008DF82A0008A97D4805F02BF8602070
:10318000ADF80C000020ADF81000ADF818000820D4
:10319000ADF81A004001ADF81C000020ADF81E008B
:1031A0000120ADF80E004FF47A60059003A9704835
:1031B00005F0C9FB08216E4806F0D3F84FF47A6099
:1031C000059003A96A4805F086FC0821684806F0C6
:1031D00006F94FF47A60059003A9654805F068FD8B
:1031E0000821634806F031F94FF47A60059003A98D
:1031F0005F4805F025FE08215D4806F052F90121DF
:103200005B4807F004F90121594805F068FA0121EB
:10321000574805F050FB4FF44070019002208DF8A4
:10322000080003208DF8090000208DF80A00012015
:103230008DF80B0001A94F4803F09CFC03220821E4
:103240004C4803F0ABFF032209214A4803F0A6FFD4
:1032500044480068B0FBF4F0401E85B242F21070A2
:103260000990ADF820500020ADF82800ADF82200FC
:103270008DF82A0008A9404804F0ACFF6020ADF8A2
:103280000C000020ADF81000ADF818000820ADF8D3
:103290001A004001ADF81C000020ADF81E004FF4EC
:1032A0007A60059003A9344805F002FD08213048F2
:1032B00006F0CBF84FF47A60059003A92E4805F08C
:1032C000BFFD08212A4806F0ECF801212A4807F042
:1032D0009EF80121284805F002FA0121264805F050
:1032E000EAFA0BB030BDB0F90010890001F57A613F
:1032F0001F4A1164B0F90210890001F57A61D163A7
:10330000B0F90410890001F57A619163B0F90610F3
:10331000890001F57A615163B0F90810890001F55F
:103320007A61114A40321160B0F90A10890001F542
:103330007A61121F1160B0F90C10890001F57A61F1
:103340000D4A40321160B0F90E10890001F57A6122
:10335000121F11607047000000093D0000BD01050B
:10336000000002408C010020000C004000100240D0
:1033700000000140000802400004014000B587B091
:1033800005A803F0A2FC02A806F0C3FE012102205A
:1033900004F002FC0121042004F03BFB1D208DF809
:1033A000040002208DF8050001208DF806008DF83C
:1033B000070001A800F07FFF8020059002208DF813
:1033C000180003208DF8190000208DF81A00022043
:1033D0008DF81B0005A95D4803F0CCFB02220721F4
:1033E0005A4803F0DBFE5320594908800420ADF809
:1033F00008000A20ADF80A000120ADF80C000020FA
:10340000ADF80E00ADF8100002A95148283806F0BA
:103410009AFD01214E48283805F04DFA0122042179
:103420004B48283807F062F807B000BD10B548488F
:103430001838008800F0040000B34FF6FB704449D0
:10344000183908804FF6FF30088040481030006877
:1034500000F0800090B93E48283806F006FF3D494C
:103460000880084600884988401A84B22046FEF742
:10347000CAF9384800883749488000BF10BD00B5F8
:1034800087B0684603F021FC0121202004F0A7FB4F
:103490000121042004F0BDFA47208DF80800042023
:1034A0008DF8090001208DF80A008DF80B0002A8A4
:1034B00000F001FF08220721244803F06FFE80205E
:1034C000009002208DF804008DF8050001208DF891
:1034D000060000208DF8070069461C4803F04AFBEF
:1034E0001D4803900020ADF810004FF40050ADF8D7
:1034F0001200C010ADF814000020ADF81800042030
:10350000ADF8160003A9154807F0E3FE012240F2CA
:103510002551124808F079FB0121104808F022F8E3
:1035200007B000BD10B540F225510C4808F093FCDF
:1035300058B140F22551094808F018FD0748001D10
:103540000088C4B22046FEF78CF910BD0008024086
:103550002804004074010020A086010000140140EE
:103560003EB504460121202004F016FB1E4804F05D
:1035700055FD01945320ADF800000020ADF808007F
:10358000ADF802006946184804F024FE01211648EF
:1035900007F0B5F801221146134806F0A7FF0121F4
:1035A000114805F088F90021202004F0F5FA3EBD0D
:1035B00008B537208DF8000007208DF801000120A4
:1035C0008DF802008DF80300684600F074FE08BD17
:1035D00010B54FF47A70FFF7C3FFFFF7E9FF012141
:1035E000202004F0D9FA10BD00140040704710B537
:1035F0008AB0044606A807F050FF0121102004F00D
:10360000EEFA0121084604F004FA25208DF80C009A
:1036100003208DF80D0000208DF80E0001208DF89C
:103620000F0003A800F047FE07220921FE4803F01F
:10363000B5FD07220A21FC4803F0B0FD4FF40070ED
:10364000019002208DF808008DF8090000208DF807
:103650000A0001208DF80B0001A9F34803F08AFA53
:103660004FF48060019002208DF808008DF8090069
:1036700001208DF80A0000208DF80B0001A9EA480E
:1036800003F078FAE94807F0BFFD06940020ADF892
:103690001C00ADF81E00ADF82000ADF824000C2091
:1036A000ADF822000020ADF81000ADF812004FF484
:1036B0000070ADF814000020ADF8160006A9DB4834
:1036C00007F007FE04A9D94807F0F3FE012240F2F3
:1036D0002551D64808F099FA0121D44807F042FF55
:1036E0000AB010BD70B505460E4600240AE0295DFB
:1036F000CF4802780078401CCD4B1870CD488154DB
:10370000601CC4B2B442F2DBC848808900F080007B
:1037100028B9012240F22771C44808F076FA70BD3A
:10372000C5490A780978491CC34B1970C3498854A4
:1037300019460978642902DB00211A461170704786
:1037400010B510E0BE490A780978491CBC4B1970C5
:10375000BA49885CFFF76DF9B9480078642802DB44
:103760000020B7490870B4480078B5490978884204
:10377000E8D110BD10B5AD48008800F0080010B1C8
:10378000AA488088C4B240F22551A84808F063FBDB
:1037900050B140F22551A54808F0E8FBA3488088C5
:1037A000C4B22046FFF7BCFF40F227719F4808F0E3
:1037B00052FBA8B1A34801780078401CA14A1070C0
:1037C0009C48405C9949888010460078984909785F
:1037D000884205D19548808920F0800093498881EE
:1037E00010BD10B58AB0044606A807F056FE0121A8
:1037F000480404F0D1F90121082004F00AF9262038
:103800008DF80C0004208DF80D0001208DF80E00BD
:103810008DF80F0003A800F04EFD072205218A480D
:1038200003F0BCFC07220621874803F0B7FC2020E8
:10383000019002208DF808008DF8090000208DF815
:103840000A0001208DF80B0001A97F4803F092F9CE
:103850004020019002208DF808008DF80900012019
:103860008DF80A0000208DF80B0001A9764803F0BE
:1038700081F906940020ADF81C00ADF81E00ADF8EB
:103880002000ADF824000C20ADF822000020ADF897
:103890001000ADF812004FF40070ADF814000020D5
:1038A000ADF8160006A9694807F013FD04A967489A
:1038B00007F0FFFD012240F22551644808F0A5F908
:1038C0000121624807F04EFE0AB010BD70B50546F2
:1038D0000E4600240AE0295D5D4802780078401C0D
:1038E0005B4B18705B488154601CC4B2B442F2DB7D
:1038F00056480C30008800F0800028B9012240F2C0
:103900002771524808F081F970BD53490A78097847
:10391000491C514B1970514988541946097864293A
:1039200002DB00211A461170704700B510E04C49C7
:103930000A780978491C4A4B19704849885CFFF796
:1039400055FE47480078642802DB0020444908708F
:1039500041480078424909788842E8D100BD10B555
:103960003A48008800F0080018B13848001D008867
:10397000C4B240F22551354808F06DFA70B140F2FA
:103980002551324808F0F2FA3048001D0088C4B2D0
:103990002046FFF7BAFF204609F022FB40F22771CC
:1039A0002A4808F058FAC0B12E4801780078401C27
:1039B0002C4A10702748405C2449091D0880104695
:1039C000007823490978884207D120480C300088C4
:1039D00020F080001D490C31088010BD10B58AB060
:1039E000044606A807F059FD0121880404F0D4F824
:1039F0000121022004F00DF827208DF80C00022090
:103A00008DF80D0000208DF80E0001208DF80F00BC
:103A100003A800F050FC07220A21134803F0BEFB64
:103A200007220B21104821E0000002400010014055
:103A300079010020F40B00207A010020F40C002012
:103A40007B01002078010020000C0240004400406F
:103A50007D010020580D00207E010020580E00201E
:103A60007F0100207C0100200004024003F096FB4F
:103A70004FF48060019002208DF808008DF8090055
:103A800000208DF80A0001208DF80B0001A9FE48E6
:103A900003F070F84FF40060019002208DF80800E8
:103AA0008DF8090001208DF80A0000208DF80B0028
:103AB00001A9F54803F05EF806940020ADF81C005B
:103AC000ADF81E00ADF82000ADF824000C20ADF8D4
:103AD00022000020ADF81000ADF812004FF4007085
:103AE000ADF814000020ADF8160006A9E74807F06D
:103AF000F0FB04A9E54807F0DCFC012240F2255167
:103B0000E24808F082F80121E04807F02BFD0AB0F6
:103B100010BD70B505460E4600240AE0295DDC485C
:103B200002780078401CDA4B1870DA488154601C27
:103B3000C4B2B442F2DBD5480C30008800F08000FB
:103B400028B9012240F22771D04808F05EF870BD14
:103B5000D1490A780978491CCF4B1970CF4988544C
:103B600019460978642902DB00211A461170704752
:103B700000B510E0CA490A780978491CC84B197089
:103B8000C649885CFFF732FDC5480078642802DB2F
:103B90000020C3490870C0480078C14909788842AC
:103BA000E8D100BD10B5B948008800F0080018B190
:103BB000B648001D0088C4B240F22551B34808F051
:103BC0004AF970B140F22551B04808F0CFF9AF483A
:103BD000001D0088C4B22046FFF7BAFF204609F056
:103BE00028F840F22771A94808F035F9C0B1AD486E
:103BF00001780078401CAB4A1070A648405CA3498D
:103C0000091D088010460078A1490978884207D12B
:103C10009E480C30008820F080009C490C310880C0
:103C200010BD10B588B0044604A807F036FC012189
:103C3000C80403F0B1FF0121084603F0EAFE342076
:103C40008DF80C0003208DF80D0001208DF80E007A
:103C50008DF80F0003A800F02EFB082200219248E7
:103C600003F09CFA082201218F4803F097FA012003
:103C7000019002208DF808008DF8090000208DF8D1
:103C80000A0001208DF80B0001A9874802F072FF9D
:103C9000022001908DF808008DF8090001208DF8B0
:103CA0000A0000208DF80B0001A97F4802F062FF96
:103CB00004940020ADF81400ADF81600ADF818001B
:103CC000ADF81C000C20ADF81A0004A9774807F0E5
:103CD00000FB012240F22551744807F096FF0121B4
:103CE000724807F03FFC08B010BD70B505460E469F
:103CF00000240AE0295D6E4802780078401C6C4B75
:103D000018706C488154601CC4B2B442F2DB67483E
:103D10000C30008800F0800028B9012240F22771A1
:103D2000624807F072FF70BD63490A780978491C40
:103D3000614B19706149885419460978642902DB7E
:103D400000211A461170704710B510E05C490A78DE
:103D50000978491C5A4B19705849885CFEF7D2FC07
:103D600057480078642802DB002055490870524803
:103D70000078534909788842E8D110BD10B54B4806
:103D8000008800F0080018B14848001D0088C4B23F
:103D900040F22551454808F05EF858B140F22551EF
:103DA000424808F0E3F84148001D0088C4B22046AC
:103DB000FFF7BAFF40F227713C4808F04CF8C0B159
:103DC000404801780078401C3E4A10703948405CF9
:103DD0003649091D0880104600783549097888421F
:103DE00007D132480C30008820F080002F490C3178
:103DF000088010BD10B588B0044604A807F04DFB3C
:103E00000121080503F0C8FE0121042003F001FE92
:103E10000121082003F0FDFD35208DF80C00012064
:103E20008DF80D0000208DF80E0001208DF80F0098
:103E300003A800F040FA08220C21234803F0AEF951
:103E400008220221214803F0A9F94FF48050019083
:103E500002208DF808008DF8090000208DF80A0076
:103E600001208DF80B0001A9174802F083FE042001
:103E7000019002208DF808008DF8090001208DF8CE
:103E80000A00002024E00000000402400048004036
:103E900081010020BC0E002082010020BC0F002008
:103EA000830100208001002000000240004C0040FF
:103EB0008501002020100020860100202011002014
:103EC000870100208401002000080240000C02400D
:103ED0008DF80B0001A9554802F04CFE0494002017
:103EE000ADF81400ADF81600ADF81800ADF81C00E0
:103EF0000C20ADF81A0004A94D4807F0EAF9012298
:103F000040F225514A4807F080FE0121484807F059
:103F100029FB08B010BD70B505460E4600240AE026
:103F2000295D444802780078401C424B1870424892
:103F30008154601CC4B2B442F2DB3D48808900F079
:103F4000800028B9012240F22771394807F05DFE50
:103F500070BD3A490A780978491C384B19703849BC
:103F6000885419460978642902DB00211A46117029
:103F7000704710B510E033490A780978491C314B75
:103F800019702F49885CFCF7C0FB2E480078642824
:103F900002DB00202B49087028480078294909785D
:103FA0008842E8D110BD10B52148008800F0080013
:103FB00010B11F488088C4B240F225511C4807F058
:103FC0004AFF50B140F22551194807F0CFFF184879
:103FD0008088C4B22046FFF7BCFF40F22771144826
:103FE00007F039FFA8B1184801780078401C164A3C
:103FF00010701148405C0E498880104600780D49C9
:104000000978884205D10A48808920F08000084953
:10401000888110BD10B5FFF793FBFFF786FCFFF713
:10402000A7FDFFF791FEFFF7A4FF10BD000C0240B3
:104030000050004089010020841100208A010020E6
:10404000841200208B010020880100200648804750
:1040500006480047FEE7FEE7FEE7FEE7FEE7FEE76D
:10406000FEE7FEE7FEE7FEE74D4100088901000894
:104070000CB50020019000907648006840F4803034
:104080007449086000BF7348006800F40030009075
:104090000198401C0190009818B90198B0F5A06FE4
:1040A000F1D16C48006800F4003010B1012000909C
:1040B00001E0002000900098012846D1654840307A
:1040C000006840F0805063494031086062480068F1
:1040D00040F48040604908605E48083000685D49EF
:1040E000083108600846006840F40040086008464F
:1040F000006840F4A05008605848091F0860081F75
:10410000006840F08070091F086000BF51480068D7
:1041100000F000700028F9D040F2056050490860B6
:104120004C480830006820F003004A490831086014
:104130000846006840F00200086000BF45480830AB
:10414000006800F00C000828F8D10CBD10B54548F7
:10415000006840F47000434908603E48006840F041
:1041600001003C49086000203A490831086039489C
:1041700000683D490840374908603C48091D08600F
:10418000081F006820F48020091F086000203149C2
:104190000C310860FFF76CFF4FF000603149803947
:1041A000086010BD70B50020002202230024022107
:1041B000284D08352D6805F00C0020B1042806D0E4
:1041C000082834D107E02A4D2A4E356033E02A4DC5
:1041D000284E35602FE01F4D2D1D2D68C5F38054EE
:1041E0001C4D2D1D2D6805F03F0154B1224DB5FB2E
:1041F000F1F5184E361D3668C6F3881605FB06F233
:1042000009E01B4DB5FBF1F5124E361D3668C6F3BD
:10421000881605FB06F20F4D2D1D2D68C5F30145CF
:104220006D1C6B00B2FBF3F5124E356003E0104DD0
:10423000104E356000BF00BF064D08352D68C5F330
:1042400003150E4E705D0B4D2D68C540094E35604F
:1042500070BD000000380240007000400854400764
:10426000003C024088ED00E0FFFFF6FE1030002425
:104270000024F4008C01002000127A00900100203C
:1042800010B50446B4F5E06F0BD0B4F5C06F08D09C
:10429000B4F5A06F05D0B4F5806F02D0B4F5407FBF
:1042A00000D103E073215F48FBF778FF5E482043AD
:1042B0005E49086010BD2DE9F04104460025002745
:1042C0000F26E07810B1E078012800D103E08721C3
:1042D0005448FBF763FF6078102800DA03E0882178
:1042E0005048FBF75BFFA078102800DA03E0892133
:1042F0004C48FBF753FFE07818B34C48006800F4D3
:10430000E060C0F5E060C0F30725C5F10400C7B266
:104310002E416078B840C5B2A078304005432807E8
:10432000050E434821784554207800F01F010120F4
:10433000884021784911890001F1E021C1F800018C
:1043400009E0207800F01F010120884039492278D7
:10435000521141F82200BDE8F08170B504460D46C7
:10436000B4F1005F02D0B4F1006F00D103E0B121DD
:104370002C48FBF713FF3048854200D203E0B221FE
:104380002848FBF70BFF2D4905EA01002043274988
:10439000091F086070BD70B504460D46102C03D08F
:1043A000042C01D0022C00D103E0C4211D48FBF7EE
:1043B000F5FE0DB1012D00D103E0C5211948FBF731
:1043C000EDFE3DB11948001D006820431749091D45
:1043D000086006E01548001D0068A0431349091D48
:1043E000086070BD10B50446042C01D0601D00B9F2
:1043F00003E0DC210B48FBF7D1FE042C08D14FF081
:10440000E020006940F004004FF0E021086107E07F
:104410004FF0E020006920F004004FF0E021086137
:1044200010BD000088E000080000FA050CED00E077
:1044300000E400E080E100E0FFFF0F0080FFFF1FCD
:1044400010B50121080203F08DFC00214FF48070AB
:1044500003F088FC10BD2DE9F04105460C4600260E
:104460000027F748854205D0F648854202D0F64835
:10447000854200D103E0E921F448FBF78FFE206874
:1044800058B12068B0F1807F07D02068B0F1007F7C
:1044900003D02068B0F1407F00D103E0EA21EB486F
:1044A000FBF77CFE207910B12079012800D103E0D0
:1044B000EB21E648FBF772FE607910B160790128C4
:1044C00000D103E0EC21E148FBF768FEA06858B199
:1044D000A068B0F1805F07D0A068B0F1005F03D0A2
:1044E000A068B0F1405F00D103E0ED21D748FBF7B1
:1044F00055FEE068D8B3E068B0F1807F37D0E0685F
:10450000B0F1007F33D0E068B0F1407F2FD0E06899
:10451000B0F1806F2BD0E068B0F1A06F27D0E068D9
:10452000B0F1C06F23D0E068B0F1E06F1FD0E06859
:10453000B0F1006F1BD0E068B0F1106F17D0E068E9
:10454000B0F1206F13D0E068B0F1306F0FD0E068A9
:10455000B0F1406F0BD0E068B0F1506F07D0E06869
:10456000B0F1606F03D0E068B0F1706F00D103E08C
:10457000EE21B648FBF712FE206918B12069B0F5AC
:10458000006F00D103E0EF21B048FBF707FE207D6C
:10459000012803DB207D102800DC03E0F021AB487C
:1045A000FBF7FCFD6E68AA4806402179206840EAC6
:1045B000012006436E60AE68A6480640D4E90310A9
:1045C0000843A1680843617940EA41000643AE60B0
:1045D000EE6A26F47006207D401EC0B2074346EA0C
:1045E0000756EE62BDE8F081002101600171417162
:1045F0008160C160016101210175704770B5044699
:104600000025206818B32068012820D020680228DF
:104610001DD0206805281AD02068062817D02068E9
:10462000072814D02068092811D0206811280ED03E
:10463000206812280BD02068152808D0206816287A
:1046400005D02068172802D02068192800D104E07E
:104650004FF4A9717D48FBF7A1FD606858B160680F
:10466000B0F5803F07D06068B0F5003F03D06068C8
:10467000B0F5403F00D104E040F253117348FBF71E
:104680008DFDA06858B1A068B0F5804F07D0A06834
:10469000B0F5004F03D0A068B0F5404F00D104E062
:1046A0004FF4AA716948FBF779FDE068D8B3E06878
:1046B000B0F5807F37D0E068B0F5007F33D0E06898
:1046C000B0F5407F2FD0E068B0F5806F2BD0E06868
:1046D000B0F5A06F27D0E068B0F5C06F23D0E068D8
:1046E000B0F5E06F1FD0E068B0F5006F1BD0E06858
:1046F000B0F5106F17D0E068B0F5206F13D0E06808
:10470000B0F5306F0FD0E068B0F5406F0BD0E068C7
:10471000B0F5506F07D0E068B0F5606F03D0E06887
:10472000B0F5706F00D104E040F255114748FBF737
:1047300035FD4948056849480540D4E9000108436A
:10474000A1680843E168084305433D48C0F80453A5
:1047500070BD0021016041608160C160704770B52B
:1047600004460D463648844205D03648844202D07D
:104770003548844200D104E040F28B113348FBF706
:104780000DFD0DB1012D00D104E04FF4C6712F488D
:10479000FBF704FD25B1A06840F00100A06003E034
:1047A000A06820F00100A06070BD70B505460C4601
:1047B00000262348854205D02248854202D022485F
:1047C000854200D104E04FF4E3712048FBF7E6FC9A
:1047D000234884420FD0234884420CD0224884428C
:1047E00009D0B4F5000F06D0B4F5800F03D0B4F5AE
:1047F000400F00D004B904E040F2C7111348FBF7A2
:10480000CDFC6E681848C043064026436E6070BDFC
:1048100070B504460E4615460948844205D009483D
:10482000844202D00848844200D104E040F2E311FF
:104830000648FBF7B3FCB6F5805F17DA1BE0000013
:10484000002001400021014000220140D0E000088A
:10485000FFFEFFFCFDF7FFC004230140E030FCFF3A
:1048600000028000000240000002C0004FF4F2711C
:10487000FD48FBF793FCB5F5805F00DA04E040F2F9
:10488000E511F948FBF78AFC6662A56270BD70B558
:1048900005460C460026F548854205D0F448854279
:1048A00002D0F448854200D104E04FF40371EE4891
:1048B000FBF774FC1CB3012C21D0022C1FD0032C5D
:1048C0001DD0042C1BD0052C19D0062C17D0072C7A
:1048D00015D0082C13D0092C11D00A2C0FD00B2C7A
:1048E0000DD00C2C0BD00D2C09D00E2C07D00F2C7A
:1048F00005D0102C03D0112C01D0122C00D104E0D3
:1049000040F20D21D848FBF749FC6E6826F01F06DF
:1049100026436E6070BD10B504460CB1012C00D169
:1049200004E04FF41371D048FBF738FC3CB1D24897
:10493000006840F40000CD49C1F8040306E0CE4809
:10494000006820F40000C949C1F8040310BD10B587
:1049500004460CB1012C00D104E040F26221C248AF
:10496000FBF71CFC3CB1C448006840F48000BF4920
:10497000C1F8040306E0C048006820F48000BB4989
:10498000C1F8040310BD2DE9F04706460C46174652
:1049900098460025A946B548864205D0B4488642C7
:1049A00002D0B448864200D104E04FF43271AE48E0
:1049B000FBF7F4FB1CB3012C21D0022C1FD0032CDD
:1049C0001DD0042C1BD0052C19D0062C17D0072C79
:1049D00015D0082C13D0092C11D00A2C0FD00B2C79
:1049E0000DD00C2C0BD00D2C09D00E2C07D00F2C79
:1049F00005D0102C03D0112C01D0122C00D104E0D2
:104A000040F2C9219848FBF7C9FB012F02DB102FA8
:104A100000DC04E040F2CA219348FBF7BFFBB8F189
:104A2000000F14D0B8F1010F11D0B8F1020F0ED061
:104A3000B8F1030F0BD0B8F1040F08D0B8F1050F8F
:104A400005D0B8F1060F02D0B8F1070F00D104E08D
:104A500040F2CB218448FBF7A1FB092C13DDF5685C
:104A6000A4F10A0000EB4001072000FA01F925EA51
:104A70000905A4F10A0000EB400008FA00F945EA34
:104A80000905F5600EE0356904EB4401072000FAE2
:104A900001F925EA090504EB440008FA00F945EAA2
:104AA00009053561072F11DA756B781E00EB80015F
:104AB0001F2000FA01F925EA0905781E00EB8000A5
:104AC00004FA00F945EA0905756326E00D2F11DAAD
:104AD000356BF81F00EB80011F2000FA01F925EA71
:104AE0000905F81F00EB800004FA00F945EA090502
:104AF000356312E0F56AA7F10D0000EB80011F207D
:104B000000FA01F925EA0905A7F10D0000EB800084
:104B100004FA00F945EA0905F562BDE8F08710B529
:104B200004465248844205D05148844202D051483C
:104B3000844200D104E040F23F314B48FBF72EFBAA
:104B4000A06840F08040A06010BD70B5044600250C
:104B50004648844205D04648844202D045488442B3
:104B600000D104E040F24E313F48FBF717FBA0684C
:104B700000F4800008B1012500E00025284670BD42
:104B800070B504460D463948844205D03848844201
:104B900002D03848844200D104E040F26B31324800
:104BA000FBF7FCFA0DB1012D00D104E04FF45B716D
:104BB0002D48FBF7F3FA25B1A06840F48060A060AF
:104BC00003E0A06820F48060A06070BD70B504466A
:104BD0000D462648844205D02548844202D0254807
:104BE000844200D104E04FF461711F48FBF7D6FA0C
:104BF0000DB1012D00D104E040F285311A48FBF7D8
:104C0000CDFA25B1A06840F00200A06003E0A068E2
:104C100020F00200A06070BD2DE9F04104460D4671
:104C2000002600271148844205D01148844202D052
:104C30001048844200D104E040F2A1310A48FBF759
:104C4000ADFA012D02DB082D00DC04E040F2A231B8
:104C50000548FBF7A3FA666826F460466F1E46EA2D
:104C600047366660BDE8F081D0E0000800200140D2
:104C700000210140002201400423014070B5044698
:104C80000D46F948844205D0F848844202D0F848DD
:104C9000844200D104E040F2BE31F648FBF77EFAD0
:104CA0000DB1012D00D104E040F2BF31F148FBF716
:104CB00075FA25B1606840F40060606003E06068E8
:104CC00020F40060606070BD10B50446E648844280
:104CD00005D0E648844202D0E548844200D104E091
:104CE00040F2D531E348FBF759FAE06C80B210BDD1
:104CF000E1480068704770B504460D46DA488442C2
:104D000005D0DA48844202D0D948844200D104E078
:104D100040F21B41D748FBF741FA0DB1012D00D1FC
:104D200004E040F21C41D348FBF738FA25B1A068F3
:104D300040F48070A06003E0A06820F48070A06060
:104D400070BD70B504460D46C748844205D0C748BB
:104D5000844202D0C648844200D104E040F233418C
:104D6000C448FBF71BFA0DB1012D00D104E040F25D
:104D70003441C048FBF712FA25B1A06840F4007036
:104D8000A06003E0A06820F40070A06070BD10B5C2
:104D900004460CB1012C00D104E040F24E41B5486C
:104DA000FBF7FCF944B1B448001F006840F4005020
:104DB000AD49C1F8040307E0AF48001F006820F4C4
:104DC0000050A949C1F8040310BD2DE9F04706467B
:104DD0000C4691461D460027B846BA46A248864270
:104DE00005D0A248864202D0A148864200D104E004
:104DF00040F2A6419F48FBF7D1F91CB3012C21D00A
:104E0000022C1FD0032C1DD0042C1BD0052C19D034
:104E1000062C17D0072C15D0082C13D0092C11D034
:104E20000A2C0FD00B2C0DD00C2C0BD00D2C09D034
:104E30000E2C07D00F2C05D0102C03D0112C01D034
:104E4000122C00D104E040F2A7418A48FBF7A6F9F2
:104E5000B9F1010F03DBB9F1040F00DC04E04FF4FA
:104E600095618448FBF79AF96DB1012D0BD0022DA5
:104E700009D0032D07D0042D05D0052D03D0062D14
:104E800001D0072D00D104E040F2A9417948FBF799
:104E900085F9092C13DDF768A4F10A0000EB400145
:104EA000072000FA01F827EA0807A4F10A0000EB3E
:104EB000400005FA00F847EA0807F7600EE0376996
:104EC00004EB4401072000FA01F827EA080704EB85
:104ED000440005FA00F847EA08073761B76BC7F3E3
:104EE000015A09F103000AF10101401A00EB8001A7
:104EF0001F2000FA01F827EA080709F103000AF168
:104F00000101401A00EB800004FA00F847EA0807A4
:104F1000B763BDE8F0872DE9F04104460D46002651
:104F200000275148844205D05048844202D050485E
:104F3000844200D104E040F2E6414E48FBF72EF9EE
:104F4000012D02DB042D00DC04E040F2E74149487A
:104F5000FBF724F9A66B26F440166F1E46EA0756A7
:104F6000A663BDE8F081F8B505460C46164600205C
:104F700000903D48854205D03C48854202D03C48DF
:104F8000854200D104E04FF4A1613A48FBF706F9ED
:104F9000142C05D0182C03D01C2C01D0202C00D1AF
:104FA00004E040F209513348FBF7F8F8B6F5805FAA
:104FB00000DA04E040F20A512E48FBF7EFF80095C2
:104FC00000982044009000980660F8BD70B5054632
:104FD0000C4600262448854205D02448854202D04C
:104FE0002348854200D104E040F22E512148FBF7CE
:104FF000D5F864B3B4F5803F29D0B4F5003F26D08E
:10500000B4F5403F23D0B4F5802F20D0B4F5A02FC5
:105010001DD0B4F5C02F1AD0B4F5E02F17D0B4F5D9
:10502000002F14D0B4F5102F11D0B4F5202F0ED0CE
:10503000B4F5302F0BD0B4F5402F08D0B4F5502F75
:1050400005D0B4F5602F02D0B4F5702F00D104E084
:1050500040F22F510748FBF7A1F8AE6826F47026FE
:105060002643AE6070BD00000020014000210140D9
:1050700000220140D0E000080823014070B504463A
:105080000D460026E148844205D0E148844202D022
:10509000E048844200D104E04FF4AA61DE48FBF707
:1050A0007DF845B1B5F5801F05D0B5F5001F02D0DC
:1050B000B5F5401F00D104E040F25151D648FBF74E
:1050C0006DF8A66826F440162E43A66070BD10B594
:1050D0000446CE48844205D0CD48844202D0CD4813
:1050E000844200D104E040F26451CB48FBF756F80B
:1050F000A06840F48000A06010BD70B50446002593
:10510000C248844205D0C248844202D0C148844289
:1051100000D104E040F27251BF48FBF73FF8A068AD
:1051200000F4800008B1012500E00025284670BD8C
:1051300070B504460D46B548844205D0B448844253
:1051400002D0B448844200D104E040F28E51B2480B
:10515000FBF724F80DB1012D00D104E040F28F518E
:10516000AD48FBF71BF825B1606840F480606060D3
:1051700003E0606820F48060606070BD70B5044634
:105180000D46A248844205D0A148844202D0A148DD
:10519000844200D104E04FF4B5619F48FAF7FEFF66
:1051A0000DB1012D00D104E040F2A9519A48FAF75F
:1051B000F5FF25B1606840F48050606003E06068EE
:1051C00020F48050606070BD38B505460C46002064
:1051D00000908E48854205D08D48854202D08D488A
:1051E000854200D104E040F2C6518B48FAF7D6FF61
:1051F000142C05D0182C03D01C2C01D0202C00D14D
:1052000004E040F2C7518448FAF7C8FF009504F162
:1052100028000099084400900098006880B238BDCA
:105220002DE9F04104460D46164600277748844292
:1052300005D07748844202D07648844200D104E009
:1052400040F231617448FAF7A9FF0EB1012E00D186
:1052500004E040F232617048FAF7A0FF40F2052006
:1052600085420AD0B5F5837F07D040F207408542DA
:1052700003D042F21A00854200D104E040F23361CB
:105280006548FAF78BFFEFB2012000FA07F71EB16D
:1052900060683843606002E06068B8436060BDE801
:1052A000F08170B505460C4600265848854205D069
:1052B0005748854202D05748854200D104E040F269
:1052C00056615548FAF76AFF012C09D0022C07D025
:1052D000042C05D0082C03D0102C01D0202C00D198
:1052E00004E040F257614C48FAF758FF2868204024
:1052F00008B1012600E00026304670BD70B50446B6
:105300000D464248844205D04148844202D041487B
:10531000844200D104E04FF4CF613F48FAF73EFFEA
:1053200005F0C00008B905B104E040F279613A48DF
:10533000FAF734FFE843206070BD2DE9F0410546DF
:105340000C4600260027B0463048854205D030483C
:10535000854202D02F48854200D104E04FF4D2614B
:105360002D48FAF71BFF40F2052084420AD0B4F51D
:10537000837F07D040F20740844203D042F21A00F4
:10538000844200D104E040F291612348FAF706FF1D
:10539000271268680121A14000EA01082868384006
:1053A00020B1B8F1000F01D0012600E00026304600
:1053B000BDE8F08170B505460C46002613488542CD
:1053C00005D01348854202D01248854200D104E03E
:1053D00040F2B7611048FAF7E1FE40F2052084423E
:1053E0000AD0B4F5837F07D040F20740844203D04F
:1053F00042F21A00844200D104E04FF4D76106481B
:10540000FAF7CCFE2612F043286070BD0020014060
:105410000021014000220140D0E0000810B5044600
:10542000FE4884423AD0FD481830844236D0FB48CA
:105430003030844232D0F948483084422ED0F74888
:10544000603084422AD0F5487830844226D0F34830
:105450009030844222D0F148A83084421ED0F048D7
:1054600084421BD0EE481830844217D0EC483030CC
:10547000844213D0EA48483084420FD0E848603074
:1054800084420BD0E6487830844207D0E44890301C
:10549000844203D0E248A830844200D103E0BF2117
:1054A000E048FAF77BFE206820F001002060002031
:1054B00020606060A060E060206121206061D748CA
:1054C000844204D13D20D549103988608CE0D3480E
:1054D0001830844205D14FF47460D0491039886087
:1054E00082E0CE483030844205D14FF47410CB496D
:1054F0001039886078E0C9484830844205D14FF0BF
:105500007460C649103988606EE0C44860308442D7
:1055100004D1C548C1491039C86065E0BF4878303A
:10552000844204D1C148BD491039C8605CE0BB4821
:105530009030844204D1BE48B8491039C86053E065
:10554000B648A830844205D14FF03D50B3491039D8
:10555000C86049E0B248844204D13D20B0490839CE
:10556000086041E0AE481830844205D14FF47460C1
:10557000AB490839086037E0A9483030844205D18A
:105580004FF47410A649083908602DE0A44848304B
:10559000844205D14FF07460A1490839086023E0C6
:1055A0009F486030844204D19F489D49091F08608C
:1055B0001AE09B487830844204D19C489849091FDE
:1055C000086011E096489030844204D1984894498C
:1055D000091F086008E09248A830844204D14FF0C7
:1055E0003D508F49091F086010BD70B505460C4637
:1055F00000268A4885423AD088481830854236D0FD
:1056000086483030854232D08448483085422ED09A
:105610008248603085422AD080487830854226D042
:105620007E489030854222D07C48A83085421ED0EA
:105630007B4885421BD07A481830854217D078487D
:105640003030854213D07648483085420FD07448B8
:10565000603085420BD072487830854207D0704860
:105660009030854203D06E48A830854200D104E0D6
:105670004FF49E716B48FAF791FD2068D8B120680D
:10568000B0F1007F17D02068B0F1806F13D0206890
:10569000B0F1C06F0FD02068B0F1006F0BD0206860
:1056A000B0F1206F07D02068B0F1406F03D02068C0
:1056B000B0F1606F00D104E040F23D115948FAF7B3
:1056C0006DFDE06828B1E068402802D0E0688028DD
:1056D00000D104E04FF49F715248FAF75FFD206952
:1056E00020B12069B0F5803F00D204E040F23F11C4
:1056F0004C48FAF753FD6069B0F5007F01D060694E
:1057000000B904E04FF4A0714648FAF747FDA069DC
:10571000B0F5806F01D0A06900B904E040F24111FA
:105720004048FAF73BFDE06938B1E069B0F5006F39
:1057300003D0E069B0F5805F00D104E04FF4A171BF
:105740003848FAF72BFD206A38B1206AB0F5005FBF
:1057500003D0206AB0F5804F00D104E040F243113D
:105760003048FAF71BFD606A18B1606AB0F5807FB7
:1057700000D104E04FF4A2712A48FAF70FFDA06AA5
:1057800058B1A06AB0F5803F07D0A06AB0F5003FDD
:1057900003D0A06AB0F5403F00D104E040F24511CB
:1057A0002048FAF7FBFCE06A10B1E06A042800D157
:1057B00004E04FF4A3711B48FAF7F0FC206B40B1F2
:1057C000206B012805D0206B022802D0206B032813
:1057D00000D104E040F247111248FAF7DFFC606B99
:1057E00058B1606BB0F5000F07D0606BB0F1807FEF
:1057F00003D0606BB0F1C07F00D104E04FF4A4711E
:105800000848FAF7CBFCA06BC0B1A06BB0F5001F45
:1058100014D0A06BB0F5800F10D00BE010600240E8
:105820001064024024E100083D000020400F0020E9
:1058300000003D20A06BB0F5C00F00D104E040F2A5
:105840004911FE48FAF7AAFC2E68FD480640E168B7
:105850002068084361690843A1690843E169084376
:10586000216A0843616A0843A16A0843616B0843DF
:10587000A16B084306432E606E6926F00706D4E943
:105880000B01084306436E61206968606068A86088
:10589000A068E86070BD0021016041608160C16066
:1058A000016141618161C161016241628162C162E4
:1058B000016341638163704770B504460D46E1485A
:1058C00084423AD0DF481830844236D0DD48303048
:1058D000844232D0DB48483084422ED0D9486030F0
:1058E00084422AD0D7487830844226D0D548903098
:1058F000844222D0D348A83084421ED0D248844269
:105900001BD0D1481830844217D0CF483030844261
:1059100013D0CD48483084420FD0CB486030844209
:105920000BD0C9487830844207D0C74890308442B1
:1059300003D0C548A830844200D104E040F2D91118
:10594000BE48FAF72BFC0DB1012D00D104E04FF455
:10595000ED71BA48FAF722FC25B1206840F0010049
:10596000206003E0206820F00100206070BD70B569
:1059700004460D46B34884423AD0B24818308442B7
:1059800036D0B0483030844232D0AE4848308442BD
:105990002ED0AC48603084422AD0AA487830844265
:1059A00026D0A8489030844222D0A648A83084420D
:1059B0001ED0A54884421BD0A3481830844217D07B
:1059C000A1483030844213D09F48483084420FD0E1
:1059D0009D48603084420BD09B487830844207D089
:1059E00099489030844203D09748A830844200D12F
:1059F00004E040F2FD119148FAF7D0FB15B1B5F57E
:105A0000004F00D104E04FF4FF718C48FAF7C6FB59
:105A100025B1206840F40040206003E0206820F4B5
:105A20000040206070BD70B504460D468548844234
:105A30003AD084481830844236D08248303084428C
:105A400032D08048483084422ED07E486030844234
:105A50002AD07C487830844226D07A4890308442DC
:105A600022D07848A83084421ED0774884421BD088
:105A700075481830844217D073483030844213D0B0
:105A80007148483084420FD06F48603084420BD058
:105A90006D487830844207D06B489030844203D000
:105AA0006948A830844200D104E040F221216348D3
:105AB000FAF774FB0DB1202D00D104E040F2222151
:105AC0005E48FAF76BFB25B1206840F020002060AB
:105AD00003E0206820F02000206070BD70B504460F
:105AE0000D46584884423AD056481830844236D041
:105AF00054483030844232D05248483084422ED00C
:105B00005048603084422AD04E487830844226D0B3
:105B10004C489030844222D04A48A83084421ED05B
:105B2000494884421BD048481830844217D0464820
:105B30003030844213D04448483084420FD0424829
:105B4000603084420BD040487830844207D03E48D1
:105B50009030844203D03C48A830844200D104E015
:105B600040F275213548FAF719FB656070BD10B534
:105B70000446344884423AD032481830844236D001
:105B800030483030844232D02E48483084422ED0C3
:105B90002C48603084422AD02A487830844226D06B
:105BA00028489030844222D02648A83084421ED013
:105BB000254884421BD024481830844217D02248FC
:105BC0003030844213D02048483084420FD01E48E1
:105BD000603084420BD01C487830844207D01A4889
:105BE0009030844203D01848A830844200D104E0A9
:105BF0004FF421711148FAF7D1FA606880B210BDF4
:105C000070B504460E4615460E48844242D00D48F3
:105C1000183084423ED00B48303084423AD0094894
:105C20004830844236D007486030844232D005483C
:105C3000783084422ED00348903007E024E10008F9
:105C40003F801CF01060024010640240844221D06A
:105C5000FE4884421ED0FE4884421BD0FC481830C7
:105C6000844217D0FA483030844213D0F848483084
:105C700084420FD0F648603084420BD0F44878302C
:105C8000844207D0F2489030844203D0F048A830D4
:105C9000844200D104E040F2D221EE48FAF77EFAC5
:105CA00015B1B5F5002F00D104E040F2D321E94849
:105CB000FAF774FA25B1206840F40020206003E070
:105CC000206820F400202060266170BD70B5044675
:105CD0000D46DE48A838844239D0DC4890388442EA
:105CE00035D0DA487838844231D0D8486038844298
:105CF0002DD0D6484838844229D0D4483038844200
:105D000025D0D2481838844221D0D04884421ED0B1
:105D1000CF4884421BD0CE481830844217D0CC489C
:105D20003030844213D0CA48483084420FD0C8482B
:105D3000603084420BD0C6487830844207D0C448D3
:105D40009030844203D0C248A830844200D104E09D
:105D50004FF43C71BF48FAF721FA0DB1012D00D183
:105D600004E040F2F121BB48FAF718FA25B12068A7
:105D700040F48020206003E0206820F48020206030
:105D800070BD70B504460E461546B048A83884422A
:105D900039D0AE489038844235D0AC487838844207
:105DA00031D0AA48603884422DD0A848483884426F
:105DB00029D0A6483038844225D0A44818388442D7
:105DC00021D0A24884421ED0A14884421BD0A048C2
:105DD0001830844217D09E483030844213D09C48FB
:105DE000483084420FD09A48603084420BD09848A3
:105DF0007830844207D096489030844203D094484B
:105E0000A830844200D104E040F21A319148FAF7F8
:105E1000C5F915B1B5F5002F00D104E040F21B31F2
:105E20008C48FAF7BBF90DB1266100E0E66070BD61
:105E300070B5044600258548A838844239D0834887
:105E40009038844235D081487838844231D07F48B8
:105E5000603884422DD07D484838844229D07B4820
:105E60003038844225D079481838844221D0774888
:105E700084421ED0764884421BD075481830844234
:105E800017D073483030844213D071484830844270
:105E90000FD06F48603084420BD06D487830844218
:105EA00007D06B489030844203D06948A8308442C0
:105EB00000D104E040F235316648FAF76FF9206806
:105EC00000F4002008B1012500E00025284670BD3F
:105ED00070B5044600255D48A838844239D05B4837
:105EE0009038844235D059487838844231D0574868
:105EF000603884422DD055484838844229D05348D0
:105F00003038844225D051481838844221D04F4837
:105F100084421ED04E4884421BD04D4818308442E3
:105F200017D04B483030844213D04948483084421F
:105F30000FD04748603084420BD0454878308442C7
:105F400007D043489030844203D04148A83084426F
:105F500000D104E040F2A2313E48FAF71FF9206870
:105F600000F0010008B1012500E00025284670BDC1
:105F700070B5044600253548A838844239D03348E6
:105F80009038844235D031487838844231D02F4817
:105F9000603884422DD02D484838844229D02B487F
:105FA0003038844225D029481838844221D02748E7
:105FB00084421ED0264884421BD025481830844293
:105FC00017D023483030844213D0214848308442CF
:105FD0000FD01F48603084420BD01D487830844277
:105FE00007D01B489030844203D01948A83084421F
:105FF00000D104E04FF471711648FAF7CFF86069E8
:1060000000F03805284670BD2DE9F04105460C46E4
:106010004FF0000800270D48A838854240D00B48B3
:10602000903885423CD009487838854238D00748B6
:106030006038854234D005484838854230D003481E
:10604000303885422CD00148183805E0B86002404D
:106050001064024024E10008854221D0F9488542BD
:106060001ED0F94885421BD0F7481830854217D01A
:10607000F5483030854213D0F348483085420FD080
:10608000F148603085420BD0EF487830854207D028
:10609000ED489030854203D0EB48A830854200D1CE
:1060A00004E040F2E131E948FAF778F8E848844240
:1060B0007CD0E7481038844278D0E54818388442CC
:1060C00074D0E448844271D0C01E84426ED0E2484D
:1060D00084426BD0E148844268D0E148844265D074
:1060E000DB48E030844261D0D948203084425DD022
:1060F000B4F1815F5AD0DB48844257D0DA488442F9
:1061000054D0DA48844251D0D94884424ED0B4F1B8
:10611000C05F4BD0B4F1A05F48D0B4F1905F45D0E0
:10612000B4F1885F42D0B4F1825F3FD0D14884425D
:106130003CD0D0481038844238D0CE4818388442F9
:1061400034D0001F844231D0C01E84422ED0CA48B1
:1061500084422BD0C948844228D0C948844225D0E3
:10616000C448E030844221D0C248203084421DD04F
:10617000C44884421AD0C448844217D0C3488442D9
:1061800014D0C348844211D0C24884420ED0B4F126
:10619000205F0BD0B4F1105F08D0B4F1085F05D0D8
:1061A000B4F1045F02D0B4F1015F00D104E040F229
:1061B000E231A648F9F7F2FFA348854202D2A14E88
:1061C000B83E01E0A04E103E04F0005008B17768E0
:1061D00000E03768B048074007EA040010B14FF00C
:1061E000010801E04FF000084046BDE8F08170B5BD
:1061F00004460D469348A838844239D091489038D7
:10620000844235D08F487838844231D08D48603808
:1062100084422DD08B484838844229D08948303870
:10622000844225D087481838844221D0854884424A
:106230001ED0854884421BD083481830844217D032
:1062400081483030844213D07F48483084420FD098
:106250007D48603084420BD07B487830844207D040
:1062600079489030844203D07748A830844200D1E6
:1062700004E040F222417548F9F790FF05F04050E4
:10628000B0F1405F07D005F0405020B1834828406E
:1062900008B905B104E040F223416C48F9F77EFFEC
:1062A0006948844202D2674EB83E01E0664E103E15
:1062B00005F0005018B178482840F06002E07648B8
:1062C0002840B06070BD70B504460D4616465D4866
:1062D000A838844239D05B489038844235D0594838
:1062E0007838844231D05748603884422DD05548A0
:1062F0004838844229D053483038844225D0514808
:106300001838844221D04F4884421ED04E488442DF
:106310001BD04D481830844217D04B48303084424F
:1063200013D04948483084420FD0474860308442F7
:106330000BD045487830844207D04348903084429F
:1063400003D04148A830844200D104E040F24F41DC
:106350003E48F9F723FF25F09E0008B905B104E097
:106360004FF48A613948F9F719FF0EB1012E00D1B7
:1063700004E040F251413548F9F710FF05F0800084
:1063800048B126B1606940F08000606103E0606957
:1063900020F080006061802D0BD02EB1206805F0C8
:1063A0001E010843206004E0206805F01E018843B8
:1063B000206070BD2DE9F04705460C464FF00008FF
:1063C0000027B9461F48A838854239D01D48903863
:1063D000854235D01B487838854231D0194860381D
:1063E00085422DD017484838854229D01548303885
:1063F000854225D013481838854221D0114885425E
:106400001ED0114885421BD00F481830854217D046
:106410000D483030854213D00B48483085420FD0AC
:106420000948603085420BD007487830854207D054
:1064300005489030854203D00348A83085422FD1CB
:1064400033E00000B86002401064024024E100081C
:10645000200000100400801000080010000400104C
:1064600000020010000010100000081000000410CE
:10647000000001102000002000080020000400207F
:106480000002002000002020000010200000082052
:1064900000000420000001207D0F7D0F82F082C0EB
:1064A00040F287418D48F9F779FE8D48844278D0D3
:1064B0008C48844275D08C48844272D08B48844288
:1064C0006FD08B4884426CD08A48844269D08A4815
:1064D000844266D08948844263D08448FC30844238
:1064E0005FD083483F3084425BD08548844258D097
:1064F0008448844255D08448844252D083488442A0
:106500004FD0834884424CD08248844249D082484C
:10651000844246D08148844243D08148844240D05E
:10652000804884423DD0804884423AD07F488442AB
:1065300037D07F48844234D07E48844231D07E4870
:1065400084422ED07D4884422BD07D48844228D07E
:106550007C48844225D07748FC30844221D076485C
:106560003F3084421DD0784884421AD07748844214
:1065700017D07748844214D07648844211D07648A8
:1065800084420ED0754884420BD07548844208D0AE
:106590007448844205D07448844202D073488442CF
:1065A00000D104E04FF491614C48F9F7F7FD7048D1
:1065B000854201D26F4E01E06D4E103E6E48204084
:1065C00030B11E2000EAD427286800EA070902E05B
:1065D000686900F0800904F0005008B1776800E0B5
:1065E00037686648074007EA040028B1B9F1000F90
:1065F00002D04FF0010801E04FF000084046BDE82E
:10660000F08770B504460D465A48103084423AD09F
:1066100058482830844236D056484030844232D0E0
:106620005448583084422ED05248703084422AD088
:1066300050488830844226D04E48A030844222D030
:106640004C48B83084421ED0494884421BD0484848
:106650001830844217D046483030844213D0444822
:10666000483084420FD04248603084420BD04048CA
:106670007830844207D03E489030844203D03C4872
:10668000A830844200D104E040F2D7411348F9F722
:1066900085FD05F04050B0F1405F07D005F0405057
:1066A00020B11DB13648284000B904E04FF49B6189
:1066B0000A48F9F773FD2E48844201D22D4E01E0BD
:1066C0002B4E103E05F0005018B12C482840F060C9
:1066D00002E02A482840B06070BD000024E10008B4
:1066E000208000101040001008200010041000103E
:1066F00001000090008800100044001000220010EB
:10670000008020100040101000200810001004101D
:1067100000000190008000180040001400200012CA
:106720000010001100004090208000201040002048
:106730000820002004100020010000A00088002094
:106740000044002000220020008020200040102073
:106750000020082000100420000001A00080002874
:10676000004000240020002200100021000040A072
:1067700010640240006002403C0F3C0F7D0F7D0F13
:10678000820082400020B1490860091D0860091D8F
:106790000860091D0860AE48AC49143108607047B4
:1067A00070B504460025207910B12079042800D165
:1067B00003E07C21A748F9F7F1FC6079082805D0AF
:1067C00060790C2802D06079102800D103E07D2187
:1067D000A048F9F7E3FC20686FF3160010B92068B1
:1067E00000B103E07E219B48F9F7D8FCA07910B1F5
:1067F000A079012800D103E07F219648F9F7CEFC6B
:10680000924DA07990B328460068216888432946B4
:106810000860081D006821688843291D08602079E8
:1068200005442868216808432860884808300068C3
:1068300021688843854908310860081D006821687F
:10684000884382490C310860607910280FD1081FF5
:106850000068216808437D4908310860081D006808
:106860002168084379490C3108600EE007E0774D54
:1068700060790544286821680843286005E020798C
:106880000544286821688843286070BD00210160A4
:1068900001710C21417100218171704710B50446CE
:1068A000E00DC00508B904B103E0C1216948F9F75A
:1068B00075FC664810300068204364491031086058
:1068C00010BD70B504460025012C3AD0022C38D0FA
:1068D000042C36D0082C34D0102C32D0202C30D0C0
:1068E000402C2ED0802C2CD0B4F5807F29D0B4F54C
:1068F000007F26D0B4F5806F23D0B4F5006F20D090
:10690000B4F5805F1DD0B4F5005F1AD0B4F5804FA8
:1069100017D0B4F5004F14D0B4F5803F11D0B4F5C2
:10692000003F0ED0B4F5802F0BD0B4F5002F08D067
:10693000B4F5801F05D0B4F5001F02D0B4F5800F68
:1069400000D103E0E0214348F9F728FC3F48143028
:106950000068204008B1012500E00025284670BDF0
:1069600010B50446E00DC00508B904B103E0F621F6
:106970003848F9F713FC35481430046010BD70B581
:10698000044600250026012C3AD0022C38D0042CD5
:1069900036D0082C34D0102C32D0202C30D0402CC3
:1069A0002ED0802C2CD0B4F5807F29D0B4F5007F78
:1069B00026D0B4F5806F23D0B4F5006F20D0B4F5A5
:1069C000805F1DD0B4F5005F1AD0B4F5804F17D0AA
:1069D000B4F5004F14D0B4F5803F11D0B4F5003FAA
:1069E0000ED0B4F5802F0BD0B4F5002F08D0B4F53D
:1069F000801F05D0B4F5001F02D0B4F5800F00D180
:106A000004E04FF483711348F9F7C8FB0F4800689E
:106A100000EA04060D4814300068204010B10EB1A1
:106A2000012500E00025284670BD10B50446E00DA4
:106A3000C00508B904B104E040F21D110548F9F79A
:106A4000ADFB02481430046010BD0000003C014062
:106A5000FFFF7F0078E1000810B50446FA48844241
:106A600017D0FA48844214D0F948844211D0F9482A
:106A700084420ED0F84884420BD0F848844208D0B3
:106A8000F748844205D0F748844202D0F648844251
:106A900000D103E07B21F548F9F780FBEA48844206
:106AA00008D10121084601F0C1F80021012001F0C0
:106AB000BDF85EE0E548844208D10121022001F0E2
:106AC000B5F80021022001F0B1F852E0E04884421C
:106AD00008D10121042001F0A9F80021042001F0CF
:106AE000A5F846E0DB48844208D10121082001F0E6
:106AF0009DF80021082001F099F83AE0D648844238
:106B000008D10121102001F091F80021102001F09E
:106B10008DF82EE0D148844208D10121202001F0D7
:106B200085F80021202001F081F822E0CC48844241
:106B300008D10121402001F079F80021402001F026
:106B400075F816E0C748844208D10121802001F081
:106B50006DF80021802001F069F80AE0C248844203
:106B600007D10121801501F061F80021A01501F085
:106B70005DF810BD2DE9F04104460D4600260027C2
:106B8000B046B148844217D0B048844214D0B048CF
:106B9000844211D0AF4884420ED0AF4884420BD01B
:106BA000AE48844208D0AE48844205D0AD48844205
:106BB00002D0AD48844200D103E0BB21AB48F9F7D5
:106BC000EDFA002010B9286800B103E0BC21A74805
:106BD000F9F7E4FA287940B12879012805D0287915
:106BE000022802D02879032800D103E0BD219F4864
:106BF000F9F7D4FAE87928B1E879012802D0E879E0
:106C0000022800D103E0BE219848F9F7C7FA002610
:106C100057E0012000FA06F7286800EA0708B8459F
:106C20004ED120687200032191408843206028796A
:106C3000710088402168084320602879012802D02B
:106C40002879022830D1687940B16879012805D0C7
:106C50006879022802D06879032800D103E0D021A6
:106C60008248F9F79BFAA06872000321914088439B
:106C7000A060687971008840A1680843A060A87985
:106C800010B1A879012800D103E0D7217748F9F79E
:106C900085FA61680120B040814361606068A9792C
:106CA000B14089B208436060E068720003219140FE
:106CB0008843E060E87971008840E1680843E0605B
:106CC000761C102EA5D3BDE8F0814FF6FF71016050
:106CD0000021017141718171C171704738B504465D
:106CE0000D464FF4803000905748844217D05748E3
:106CF000844214D05648844211D0564884420ED063
:106D0000554884420BD05548844208D054488442A8
:106D100005D05448844202D05348844200D104E054
:106D20004FF482715148F9F739FA002008B905B1DA
:106D300004E040F205114D48F9F730FA0098284375
:106D400000900098E061E5610098E061E0690090E2
:106D5000E069009038BD70B505460C4600263A48FB
:106D6000854217D03948854214D03948854211D020
:106D7000384885420ED0384885420BD03748854286
:106D800008D03748854205D03648854202D036487B
:106D9000854200D104E04FF498713448F9F7FEF9C8
:106DA000012C25D0022C23D0042C21D0082C1FD05C
:106DB000102C1DD0202C1BD0402C19D0802C17D08B
:106DC000B4F5807F14D0B4F5007F11D0B4F5806F96
:106DD0000ED0B4F5006F0BD0B4F5805F08D0B4F5D9
:106DE000005F05D0B4F5804F02D0B4F5004F00D15C
:106DF00004E040F231111D48F9F7D0F9286920402C
:106E000008B1012600E00026304670BD10B50446EA
:106E10000D48844217D00D48844214D00C48844257
:106E200011D00C4884420ED00B4884420BD00B4842
:106E3000844208D00A48844205D00A48844202D0DD
:106E40000948844214D118E00000024000040240C6
:106E500000080240000C02400010024000140240F2
:106E600000180240001C024000200240CCE1000853
:106E70004FF4A371FE48F9F791F9206980B210BD73
:106E800070B505460C460026FA48854217D0FA48E8
:106E9000854214D0F948854211D0F94885420ED078
:106EA000F84885420BD0F848854208D0F74885421B
:106EB00005D0F748854202D0F648854200D104E06B
:106EC00040F25711EA48F9F769F9012C25D0022C54
:106ED00023D0042C21D0082C1FD0102C1DD0202C06
:106EE0001BD0402C19D0802C17D0B4F5807F14D043
:106EF000B4F5007F11D0B4F5806F0ED0B4F5006FFB
:106F00000BD0B4F5805F08D0B4F5005F05D0B4F5C0
:106F1000804F02D0B4F5004F00D104E04FF4AC71C3
:106F2000D348F9F73BF96869204008B1012600E031
:106F30000026304670BD10B50446CE48844217D0B6
:106F4000CD48844214D0CD48844211D0CC488442EC
:106F50000ED0CC4884420BD0CB48844208D0CB48DA
:106F6000844205D0CA48844202D0CA48844200D133
:106F700004E040F26D11BE48F9F710F9606980B283
:106F800010BD70B504460D46BA48844217D0BA48C1
:106F9000844214D0B948844211D0B94884420ED0FA
:106FA000B84884420BD0B848844208D0B7488442DD
:106FB00005D0B748844202D0B648844200D104E0EC
:106FC00040F27F11AA48F9F7E9F8002008B905B1A5
:106FD00004E04FF4C071A648F9F7E0F8258370BDCE
:106FE00070B504460D46A348844217D0A248844297
:106FF00014D0A248844211D0A14884420ED0A148A6
:1070000084420BD0A048844208D0A048844205D0D6
:107010009F48844202D09F48844200D104E04FF44C
:10702000C9719348F9F7BAF8002008B905B104E02E
:1070300040F293118E48F9F7B1F8658370BD70B5D1
:1070400005460C4616468B48854217D08A4885422D
:1070500014D08A48854211D0894885420ED089488B
:1070600085420BD08848854208D08848854205D0A3
:107070008748854202D08748854200D104E04FF41A
:10708000D3717B48F9F78AF8012C25D0022C23D044
:10709000042C21D0082C1FD0102C1DD0202C1BD04C
:1070A000402C19D0802C17D0B4F5807F14D0B4F5C3
:1070B000007F11D0B4F5806F0ED0B4F5006F0BD007
:1070C000B4F5805F08D0B4F5005F05D0B4F5804F0B
:1070D00002D0B4F5004F00D104E040F2A71164489B
:1070E000F9F75CF80EB1012E00D104E04FF4D47131
:1070F0005F48F9F753F80EB12C8300E06C8370BD44
:1071000070B504460D465B48844217D05A48844205
:1071100014D05A48844211D0594884420ED059485C
:1071200084420BD05848844208D05848844205D045
:107130005748844202D05748844200D104E040F2CC
:10714000BD114B48F9F72AF8656170BD70B504466A
:107150000D464848844217D04748844214D04748D7
:10716000844211D0464884420ED0464884420BD017
:107170004548844208D04548844205D0444884426A
:1071800002D04448844200D104E040F2CB11384898
:10719000F9F704F860696840606170BD2DE9F0415D
:1071A00006460D4614460027B8463248864217D098
:1071B0003148864214D03148864211D03048864248
:1071C0000ED0304886420BD02F48864208D02F4838
:1071D000864205D02E48864202D02E48864200D1F3
:1071E00004E040F217212248F8F7D8FFEDB1012D55
:1071F0001BD0022D19D0032D17D0042D15D0052D2D
:1072000013D0062D11D0072D0FD0082D0DD0092D2C
:107210000BD00A2D09D00B2D07D00C2D05D00D2D2C
:1072200003D00E2D01D00F2D00D104E04FF40671D4
:107230000F48F8F7B3FF7CB3092C47D064B35CB3B5
:1072400054B34CB3012C41D040D0022C3ED03DD0A1
:107250003CD0032C3AD0042C38D037D036D0052C73
:1072600034D033D0092C31D0062C2FD0092C14E087
:10727000CCE1000800000240000402400008024087
:10728000000C0240001002400014024000180240AE
:10729000001C02400020024018E017D0072C15D037
:1072A00014D013D0082C11D010D00FD0092C0DD031
:1072B0000CD00A2C0AD009D00B2C07D00C2C05D0EE
:1072C00004D003D00D2C01D00F2C00D104E040F2EB
:1072D00019211248F8F762FF6807C00E04FA00F798
:1072E000E91006F1200050F821006907CA0E0F21AD
:1072F00091408843EA1006F1200141F82200E9108C
:1073000006F1200050F8210040EA0708E91006F1D4
:10731000200040F82180BDE8F0810000CCE10008A9
:10732000F948006840F00100F74908600020F6497C
:1073300008310860F4480068F4490840F2490860E0
:10734000F348091D0860081F006820F48020091F09
:1073500008600020EC490C310860704710B5044605
:107360001CB1012C01D0052C00D103E0F021E9482B
:10737000F8F714FF0020E449891C087008460470DF
:1073800010BD2DE9F0410446002500260027212CE0
:1073900017D0312C15D0392C13D0412C11D0612CA1
:1073A0000FD0792C0DD07A2C0BD07B2C09D07C2CD3
:1073B00007D07D2C05D07E2C03D07F2C01D03B2C18
:1073C00000D104E040F29C61D248F8F7E7FE651175
:1073D000012D02D1CC48066808E0022D03D1CA482D
:1073E0007030066802E0C8487430066804F01F0573
:1073F0000120A840304008B1012700E000273846AE
:10740000BDE8F08138B5002000900024002500BFC1
:107410003120FFF7B6FF05460098401C0090009809
:10742000B0F5A06F01D0002DF2D03120FFF7A9FFF9
:1074300008B1012400E00024204638BD70B50446A0
:1074400000251F2C00DC04E04FF49471B148F8F7DC
:10745000A5FEAD48056825F0F80545EAC4050560B8
:1074600070BD10B504460CB1012C00D104E040F20F
:107470004B11A848F8F792FEA748046010BD10B55C
:1074800004461CB1012C01D0042C00D104E04FF4BF
:10749000B271A048F8F782FE00209B497031087055
:1074A0000870012C02D0042C0AD104E00120964976
:1074B0007031087005E0052093497031087000E0D4
:1074C00000BF00BF10BD10B504460CB1012C00D1A7
:1074D00004E04FF4C6718F48F8F760FE8F480460EF
:1074E00010BD2DE9F04105460F4616461C46DDF855
:1074F000188015B1B5F5800F00D104E040F2B71146
:107500008448F8F74BFE3F2F00D804E04FF4DC71BD
:107510008048F8F743FEC02E03D3B6F5D87F00D8D5
:1075200004E040F2B9117B48F8F738FE022C05D090
:10753000042C03D0062C01D0082C00D104E04FF419
:10754000DD717448F8F72AFEB8F1040F03D3B8F1DF
:107550000F0F00D804E040F2BB116E48F8F71EFE92
:1075600047EA86100121C1EB540140EA014028435B
:1075700040EA08606449091D0860BDE8F08110B563
:1075800004460CB1012C00D104E04FF4E7716148CE
:10759000F8F704FE6048046610BD70B505460C4659
:1075A000C02D03D3B5F5D87F00D804E04FF4F471B3
:1075B0005848F8F7F3FD022C02D3072C00D804E05A
:1075C00040F2E9115348F8F7E9FDA80140EA0470D8
:1075D0004D498431086070BD10B504460CB1012CD2
:1075E00000D104E040F2F7114A48F8F7D7FD4A48C5
:1075F000846610BD10B504460CB1012C00D104E026
:1076000040F209214348F8F7C9FD4348C46410BD5E
:1076100070B505460C46002645B1B5F5001F05D0EE
:10762000B5F5800F02D0B5F5C00F00D104E04FF4DE
:1076300009713848F8F7B2FD5CB1B4F1806F08D039
:10764000B4F1A06F05D0B4F1C06F02D0B4F1E06F17
:1076500000D104E040F225212E48F8F79FFD2A488A
:107660000830066826F0EC6645EA04000643264822
:107670000830066070BD70B505460C46002645B161
:10768000B5F1804F05D0B5F1004F02D0B5F1404FB4
:1076900000D104E040F24A211E48F8F77FFD5CB1BA
:1076A000B4F1005F08D0B4F1205F05D0B4F1405FC1
:1076B00002D0B4F1605F00D104E040F24B211548E4
:1076C000F8F76CFD10480830066826F0784645EA61
:1076D000040006430C480830066070BD70B50446CF
:1076E00000251CB1012C01D0022C00D104E04FF484
:1076F0002D710848F8F752FD03480830056825F059
:1077000003052543056070BD00380240FFFFF6FE0B
:107710001030002420E2000800004742800E47425B
:10772000F648006800F00C00704770B5044600256C
:107730007CB1802C0DD0902C0BD0A02C09D0B02C7B
:1077400007D0C02C05D0D02C03D0E02C01D0F02CD9
:1077500000D104E040F2E921E948F8F71FFDE748CD
:10776000056825F0F0052543056070BD70B5044639
:1077700000255CB1B4F5805F08D0B4F5A05F05D0FA
:10778000B4F5C05F02D0B4F5E05F00D104E040F290
:107790000931DB48F8F702FDD848056825F4E055C3
:1077A0002543056070BD70B5044600255CB1B4F595
:1077B000805F08D0B4F5A05F05D0B4F5C05F02D0FB
:1077C000B4F5E05F00D104E04FF44A71CC48F8F71B
:1077D000E5FCCA48056825F4604545EAC40505602E
:1077E00070BDF0B5002100220024022500260223EE
:1077F000C24F3F6807F00C0121B1042905D00829C8
:1078000037D105E0BF4F076036E0BF4F076033E078
:10781000BA4F3F1F3F68C7F38056B84F3F1F3F68BE
:1078200007F03F036EB1B84FB7FBF3F7DFF8CCC2F8
:10783000ACF1040CDCF800C0CCF3881C07FB0CF4A2
:107840000CE0B04FB7FBF3F7DFF8B0C2ACF1040CBB
:10785000DCF800C0CCF3881C07FB0CF4A74F3F1FDB
:107860003F68C7F301477F1C7D00B4FBF5F7076055
:1078700002E0A44F076000BF00BFA04F3F6807F0C1
:10788000F0010909A14F7A5C0768D74047609B4F18
:107890003F6807F4E051890A9C4F7A5C4768D740FB
:1078A0008760964F3F6807F46041490B974F7A5CB9
:1078B0004768D740C760F0BD70B504460025B4F5F1
:1078C000807F5CD0B4F5007F59D09148844256D077
:1078D0009048844253D09048844250D08F4884428C
:1078E0004DD08F4884424AD08E48844247D08E483B
:1078F000844244D08D48844241D08D4884423ED059
:107900008C4884423BD08C48844238D08B48844297
:1079100035D08B48844232D08A4884422FD08A485E
:1079200084422CD08948844229D08948844226D078
:107930008848844223D08848844220D087488442A3
:107940001DD0874884421AD08648844217D0864882
:10795000844214D08548844211D0854884420ED098
:10796000844884420BD08448844208D083488442AF
:1079700005D08348844202D08248844200D104E08A
:1079800040F2D9315E48F8F709FC04F44070B0F5D4
:10799000407F09D15948056825F4F8157A4904EA69
:1079A0000100054355480560544868300068C4F339
:1079B0000B01084351496831086070BD10B5044699
:1079C0000CB1012C00D104E040F2F7314C48F8F73B
:1079D000E5FB6E48046010BD10B504460CB1012CE7
:1079E00000D104E04FF481614548F8F7D7FB6748C0
:1079F000001D046010BD10B504460CB1012C00D16F
:107A000004E040F219413E48F8F7C8FB60480460C2
:107A100010BD70B504460D465E48204008B904B15B
:107A200004E04FF488613648F8F7B8FB0DB1012D3A
:107A300000D104E040F242413148F8F7AFFB3DB1DC
:107A40002E482830006820432C492831086006E081
:107A50002A4828300068A04328492831086070BDB2
:107A600070B504460D4624F0F10008B904B104E0F5
:107A70004FF48C612248F8F791FB0DB1012D00D134
:107A800004E040F261411E48F8F788FB3DB11B4815
:107A90002C300068204319492C31086006E0174853
:107AA0002C300068A04315492C31086070BD70B5BA
:107AB00004460D4624F0010008B904B104E040F288
:107AC0007B410F48F8F76AFB0DB1012D00D104E0AE
:107AD00040F27C410A48F8F761FB3DB1074830307D
:107AE0000068204305493031086006E00348303023
:107AF0000068A04301493031086070BD0838024079
:107B000020E200080024F40000127A00A001002006
:107B1000000302000003030000030400000305004B
:107B2000000306000003070000030800000309002B
:107B300000030A0000030B0000030C0000030D000B
:107B400000030E0000030F000003100000031100EB
:107B500000031200000313000003140000031500CB
:107B600000031600000317000003180000031900AB
:107B700000031A0000031B0000031C0000031D008B
:107B800000031E0000031F00FFFCFF0F3C0E4742D6
:107B90005C01474200EE8B8170B504460D46FA4801
:107BA000204008B904B104E040F2AD41F748F8F7CD
:107BB000F5FA0DB1012D00D104E040F2AE41F348D9
:107BC000F8F7ECFA2DB1F24800682043F04908605C
:107BD00004E0EF480068A043ED49086070BD70B54F
:107BE00004460D46EB48204008B904B104E040F2D9
:107BF000D541E648F8F7D2FA0DB1012D00D104E0E5
:107C000040F2D641E148F8F7C9FA3DB1E048001D1D
:107C100000682043DE49091D086006E0DC48001DBD
:107C20000068A043DA49091D086070BD70B50446BC
:107C30000D46D948204008B904B104E040F2FC41A7
:107C4000D248F8F7ABFA0DB1012D00D104E040F2B3
:107C5000FD41CE48F8F7A2FA3DB1CD483038006872
:107C60002043CB493039086006E0C9483038006805
:107C7000A043C7493039086070BD70B504460D4651
:107C800024F0F10008B904B104E040F21951BF48F2
:107C9000F8F784FA0DB1012D00D104E040F21A5139
:107CA000BA48F8F77BFA3DB1B9482C380068204350
:107CB000B7492C39086006E0B5482C380068A04365
:107CC000B3492C39086070BD70B504460D4624F0E8
:107CD000010008B904B104E040F23151AB48F8F7B3
:107CE0005DFA0DB1012D00D104E040F23251A748F8
:107CF000F8F754FA3DB1A648283800682043A44953
:107D00002839086006E0A24828380068A043A04946
:107D10002839086070BD70B504460D469A48204069
:107D200008B904B104E04FF4AC619848F8F736FAAA
:107D30000DB1012D00D104E040F261519348F8F7F4
:107D40002DFA3DB1924820380068204390492039EF
:107D5000086006E08E4820380068A0438C4920392E
:107D6000086070BD70B504460D468C48204008B9C7
:107D700004B104E040F284518448F8F70FFA0DB1E1
:107D8000012D00D104E040F285518048F8F706FA51
:107D90003DB17F481C38006820437D491C3908608C
:107DA00006E07B481C380068A04379491C3908600C
:107DB00070BD70B504460D467948204008B904B13D
:107DC00004E040F2B2517148F8F7E8F90DB1012D25
:107DD00000D104E040F2B3516C48F8F7DFF93DB14F
:107DE0006B4810300068204369491031086006E094
:107DF000674810300068A04365491031086070BDC5
:107E000070B504460D4624F0F10008B904B104E051
:107E100040F2D2515D48F8F7C1F90DB1012D00D102
:107E200004E040F2D3515948F8F7B8F93DB1584849
:107E300014300068204356491431086006E0544865
:107E400014300068A04352491431086070BD70B509
:107E500004460D4624F0010008B904B104E040F2E4
:107E6000ED514A48F8F79AF90DB1012D00D104E01F
:107E700040F2EE514548F8F791F93DB144481830C9
:107E80000068204342491831086006E04048183035
:107E90000068A0433E491831086070BD70B50446C3
:107EA0000D463948204008B904B104E040F21F6192
:107EB0003648F8F773F90DB1012D00D104E04FF405
:107EC000C4613248F8F76AF93DB1314820300068A2
:107ED00020432F492031086006E02D4820300068FB
:107EE000A0432B492031086070BD70B504460D4693
:107EF0002848204008B904B104E040F24761234813
:107F0000F8F74CF90DB1012D00D104E04FF4C9612F
:107F10001E48F8F743F93DB11D482430006820435E
:107F20001B492431086006E0194824300068A0434A
:107F300017492431086070BD70B504460D4604F041
:107F4000C00008B904B104E040F274610F48F8F7CA
:107F500025F90DB1012D00D104E040F275610B4807
:107F6000F8F71CF93DB10A48333800782043084936
:107F70003339087006E0064833380078A0430449D6
:107F80003339087070BD0000003601C920E20008D6
:107F900040380240CCA0F8FF00EE9FDDCCA6F8FFF1
:107FA000006E98811B48006840F080701949086095
:107FB000704770B504460025012C0BD0022C09D067
:107FC000042C07D0082C05D0102C03D0802C01D015
:107FD000202C00D104E040F2DA610F48F8F7DEF817
:107FE0000C4868380068204008B1012500E00025F1
:107FF000284670BD10B5044604F0400008B904B12D
:1080000004E040F2F9610448F8F7C8F8014866381E
:10801000047010BD7438024020E2000810B5044618
:10802000FE48844226D0B4F1804F23D0FC488442DD
:1080300020D0FC4884421DD0FB4884421AD0FB4823
:10804000844217D0FA48844214D0FA48844211D0AE
:10805000F94884420ED0F94884420BD0F848844253
:1080600008D0F848844205D0F748844202D0F74847
:10807000844200D103E0C521F548F8F78FF8E748BE
:10808000844208D101210846FFF76CFE002101203F
:10809000FFF768FE9DE0B4F1804F08D1012108464A
:1080A000FFF739FE00210120FFF735FE91E0DC48A3
:1080B000844208D101210220FFF72DFE0021022079
:1080C000FFF729FE85E0D748844208D1012104202A
:1080D000FFF721FE00210420FFF71DFE79E0D248C2
:1080E000844208D101210820FFF715FE0021082055
:1080F000FFF711FE6DE0CD48844208D10121102028
:10810000FFF709FE00211020FFF705FE61E0C848D7
:10811000844208D101212020FFF7FDFD002120200D
:10812000FFF7F9FD55E0C348844208D10121022040
:10813000FFF718FE00210220FFF714FE49E0BE48B9
:10814000844209D101210804FFF70CFE00214FF4FD
:108150008030FFF707FE3CE0B848844209D1012196
:108160004804FFF7FFFD00214FF40030FFF7FAFD50
:108170002FE0B348844209D101218804FFF7F2FDC2
:1081800000214FF48020FFF7EDFD22E0AD4884424E
:1081900008D101214020FFF7BEFD00214020FFF75C
:1081A000BAFD16E0A848844208D101218020FFF7DB
:1081B000B2FD00218020FFF7AEFD0AE0A348844213
:1081C00007D101218015FFF7A6FD0021A015FFF7BB
:1081D000A2FD10BD70B504460D4600268F488442AE
:1081E00026D0B4F1804F23D08D48844220D08D48D2
:1081F00084421DD08C4884421AD08C48844217D0C7
:108200008B48844214D08B48844211D08A488442DF
:108210000ED08A4884420BD08948844208D08948CD
:10822000844205D08848844202D08848844200D1E4
:1082300004E040F21F118648F7F7B0FF688858B194
:108240006888102808D06888202805D068884028C9
:1082500002D06888602800D104E04FF490717C4817
:10826000F7F79CFF288938B12889B0F5807F03D0C3
:108270002889B0F5007F00D104E040F22111744854
:10828000F7F78CFF2688654884420ED069488442FF
:108290000BD0B4F1804F08D06148844205D06148CA
:1082A000844202D06048844204D14FF68F70064069
:1082B000688806435D48844207D05D48844204D004
:1082C0004FF6FF4006402889064326806868E06232
:1082D000288820855148844202D05648844201D1E2
:1082E000A87A20860120A08270BD4FF0FF31416046
:1082F00000210180018141808172704770B5044680
:108300000E4615464548844226D0B4F1804F23D00E
:108310004348844220D0434884421DD0424884428E
:108320001AD04248844217D04148844214D0414870
:10833000844211D0404884420ED0404884420BD041
:108340003F48844208D03F48844205D03E4884429A
:1083500002D03E48844200D104E040F265113C481E
:10836000F7F71CFF0DB1012D00D104E04FF4B371FC
:108370003748F7F713FF2685A58270BD70B5044610
:108380000D460026254884420ED0B4F1804F0BD014
:108390002348844208D02348844205D0224884429E
:1083A00002D02448844200D104E04FF4BF71284831
:1083B000F7F7F4FE3DB1102D05D0202D03D0402D50
:1083C00001D0602D00D104E040F27F112048F7F782
:1083D000E5FE26884FF68F7006402E43268070BD3E
:1083E00070B504460D460D48844243D0B4F1804F29
:1083F00040D00B4884423DD00A4884423AD00A48D3
:10840000844237D00948844234D00948844231D06C
:10841000084884422ED0084884421BE000000140F6
:108420000004004000080040000C00400010004024
:10843000001400400004014000400140004401409D
:108440000048014000180040001C0040002000408F
:1084500074E200080ED0FC4884420BD0FB488442F2
:1084600008D0FB48844205D0FA48844202D0FA483A
:10847000844200D104E04FF4CB71F848F7F78EFE48
:10848000656270BD70B504460D46F548844226D03D
:10849000B4F1804F23D0F348844220D0F248844284
:1084A0001DD0F24884421AD0F148844217D0F148D6
:1084B000844214D0F048844211D0F04884420ED057
:1084C000E14884420BD0E148844208D0E04884422D
:1084D00005D0E048844202D0DF48844200D104E065
:1084E00040F2A511DD48F7F759FEE56270BD10B501
:1084F0000446DB48844226D0B4F1804F23D0D948CB
:10850000844220D0D84884421DD0D84884421AD012
:10851000D748844217D0D748844214D0D6488442E2
:1085200011D0D64884420ED0C74884420BD0C748E9
:10853000844208D0C648844205D0C648844202D04E
:10854000C548844200D104E040F2B311C348F7F7B4
:1085500025FE606A10BD10B50446C148844226D08D
:10856000B4F1804F23D0BF48844220D0BE4884421B
:108570001DD0BE4884421AD0BD48844217D0BD48A1
:10858000844214D0BC48844211D0BC4884420ED0EE
:10859000AD4884420BD0AD48844208D0AC488442F8
:1085A00005D0AC48844202D0AB48844200D104E0FC
:1085B00040F2C111A948F7F7F1FD208D10BD70B54B
:1085C00004460D46A648844226D0B4F1804F23D0FD
:1085D000A448844220D0A44884421DD0A3488442A9
:1085E0001AD0A348844217D0A248844214D0A2488B
:1085F000844211D0A14884420ED0934884420BD0CB
:108600009248844208D09248844205D091488442DE
:1086100002D09148844200D104E040F2D1118F4849
:10862000F7F7BCFD0DB1012D00D104E04FF4E97165
:108630008A48F7F7B3FD25B1208840F0020020807A
:1086400004E020884FF6FD710840208070BD70B5B1
:1086500004460D468248844226D0B4F1804F23D090
:108660008048844220D0804884421DD07F48844284
:108670001AD07F48844217D07E48844214D07E4866
:10868000844211D07D4884420ED06F4884420BD082
:108690006E48844208D06E48844205D06D488442BA
:1086A00002D06D48844200D104E04FF4F7716B486A
:1086B000F7F774FD0DB1012D00D104E040F2EF1188
:1086C0006648F7F76BFD25B1208840F00400208054
:1086D00004E020884FF6FB710840208070BD70B523
:1086E00004460D465E48844226D0B4F1804F23D024
:1086F0005C48844220D05C4884421DD05B48844260
:108700001AD05B48844217D05A48844214D05A4841
:10871000844211D0594884420ED04B4884420BD039
:108720004A48844208D04A48844205D04948844295
:1087300002D04948844200D104E040F20721474872
:10874000F7F72CFD0DB1012D00D104E04FF40271BB
:108750004248F7F723FD25B1208840F080002080B3
:1087600004E020884FF67F710840208070BD70B50E
:1087700004460D463A48844226D0B4F1804F23D0B7
:108780003848844220D0384884421DD0374884423B
:108790001AD03748844217D03648844214D036481D
:1087A000844211D0354884420ED0274884420BD0F1
:1087B0002648844208D02648844205D02548844271
:1087C00002D02548844200D104E040F2222123480F
:1087D000F7F7E4FC082D00D005B904E040F22321AE
:1087E0001E48F7F7DBFC20884FF6F7710840208021
:1087F00020882843208070BD70B504460D46184877
:10880000844220D0B4F1804F1DD0164884421AD043
:108810001548844217D01548844214D01648844223
:1088200011D0164884420ED0074884420BD0074826
:10883000844208D00648844205D00648844202D0CB
:10884000054884421CD120E000440140004801401A
:1088500000180040001C00400020004074E20008A6
:10886000000001400004004000080040000C0040EF
:10887000001000400014004000040140004001408E
:1088800040F23921FC48F7F789FC2DB1B5F5807F1E
:1088900002D0B5F5007F00D104E040F23A21F6485D
:1088A000F7F77CFC20884FF6FF41084020802088A5
:1088B0002843208070BD70B504460D46EF488442C1
:1088C00026D0B4F1804F23D0ED48844220D0ED482B
:1088D00084421DD0EC4884421AD0EC48844217D020
:1088E000EB48844214D0EB48844211D0EA488442D9
:1088F0000ED0EA4884420BD0E948844208D0E948C7
:10890000844205D0E848844202D0E848844200D13D
:1089100004E040F24D21D848F7F740FC0DB1012D9D
:1089200000D104E040F24E21D348F7F737FC25B1DF
:10893000208840F00100208004E020884FF6FE717E
:108940000840208070BD2DE9F04105460C464FF0EF
:10895000000800260027C948854220D0B5F1804F85
:108960001DD0C74885421AD0C648854217D0C64890
:10897000854214D0C748854211D0C74885420ED0E1
:10898000C64885420BD0C648854208D0C5488542B6
:1089900005D0C548854202D0C448854200D104E0D4
:1089A00040F29E21B448F7F7F9FB208870B1208887
:1089B00010280BD02088202808D02088302805D007
:1089C0002088602802D02088702800D104E040F27E
:1089D0009F21A948F7F7E2FB608810B16088012861
:1089E00000D104E04FF42871A348F7F7D7FBA08922
:1089F00010B1A089022800D104E040F2A1219E48D4
:108A0000F7F7CCFB288C4FF6FE71084028842E8C9B
:108A1000AF88B5F818804FF68F7008EA0008881EF6
:108A200008EA0008208840EA0808481E0640A08995
:108A30000643608806439148854202D095488542A6
:108A400041D1A08810B1A088042800D104E040F2F0
:108A5000BE218948F7F7A2FBE08910B1E089082818
:108A600000D104E040F2BF218348F7F797FB608A0A
:108A7000B0F5007F01D0608A00B904E04FF4307196
:108A80007D48F7F78BFB208AB0F5807F01D0208AE4
:108A900000B904E040F2C1217748F7F77FFB4FF6B9
:108AA000F7700640E08906434FF6FB700640A08849
:108AB00006434FF6FF6007404FF6FF500740208AFD
:108AC0000743608A0743AF80A5F81880A0686863F1
:108AD0002E84BDE8F0812DE9F04105460C464FF0AB
:108AE0000008002600276548854214D0B5F1804F64
:108AF00011D0634885420ED0624885420BD062484F
:108B0000854208D06348854205D06348854202D03B
:108B10006448854200D104E040F2EF215648F7F75F
:108B20003DFB208870B1208810280BD02088202899
:108B300008D02088302805D02088602802D02088DE
:108B4000702800D104E04FF43C714B48F7F726FB46
:108B5000608810B16088012800D104E040F2F12162
:108B60004548F7F71BFBA08910B1A089022800D166
:108B700004E040F2F2214048F7F710FB288C4FF652
:108B8000EF71084028842E8CAF88B5F8188048F61D
:108B9000FF7008EA00084FF6FF4008EA0008208846
:108BA0004FF6FF7101EA002040EA08084FF6DF7037
:108BB0000640A08901EA00100643608801EA00101F
:108BC00006432E48854202D0324885424BD1A088C8
:108BD00010B1A088042800D104E04FF44471264865
:108BE000F7F7DCFAE08910B1E089082800D104E049
:108BF00040F211312048F7F7D1FA608AB0F5007FD2
:108C000001D0608A00B904E040F212311A48F7F747
:108C1000C5FA208AB0F5807F01D0208A00B904E02F
:108C200040F213311448F7F7B9FA4FF67F70064057
:108C3000E0894FF6FF7101EA001006434FF6BF705E
:108C40000640A08801EA001006434FF6FF300740B7
:108C50004FF2FF700740208A01EA80000743608AD4
:108C600001EA80000743AF80A5F81880A068A863D8
:108C70002E84BDE8F081000074E20008000001408D
:108C80000004004000080040000C004000100040BC
:108C90000014004000040140004001400044014035
:108CA0000048014000180040001C00400020004027
:108CB0002DE9F04105460C464FF00008002600273C
:108CC000FE4885420ED0B5F1804F0BD0FC4885425E
:108CD00008D0FC48854205D0FB48854202D0FB48BD
:108CE000854200D104E04FF45071F948F7F756FA85
:108CF000208870B1208810280BD02088202808D028
:108D00002088302805D02088602802D0208870284C
:108D100000D104E040F24131ED48F7F73FFA6088B6
:108D200010B16088012800D104E040F24231E848E7
:108D3000F7F734FAA08910B1A089022800D104E025
:108D400040F24331E248F7F729FA288C4FF6FF61E9
:108D5000084028842E8CAF88B5F81C804FF68F70A1
:108D600008EA00084FF6FC7008EA0008208840EA8C
:108D700008084FF6FF500640A0894FF6FF7101EA40
:108D800000200643608801EA00200643CB48854264
:108D900002D0CE4885424BD1A08810B1A0880428CB
:108DA00000D104E04FF45871C948F7F7F7F9E089AA
:108DB00010B1E089082800D104E040F26131C448D4
:108DC000F7F7ECF9608AB0F5007F01D0608A00B94E
:108DD00004E040F26231BE48F7F7E0F9208AB0F5CE
:108DE000807F01D0208A00B904E040F26331B848A6
:108DF000F7F7D4F94FF2FF700640E0894FF6FF71A4
:108E000001EA002006434FF6FF300640A08801EA41
:108E1000002006434EF6FF7007404DF6FF700740F6
:108E2000208A01EA00100743608A01EA0010074324
:108E3000AF80A5F81C80A068E8632E84BDE8F081AF
:108E40002DE9F04104460D4600270026B0469B4818
:108E500084420ED0B4F1804F0BD09948844208D0A0
:108E60009848844205D09848844202D0974884426A
:108E700000D104E04FF464719548F7F78FF9288822
:108E800070B1288810280BD02888202808D028887E
:108E9000302805D02888602802D02888702800D182
:108EA00004E040F291318A48F7F778F9688810B108
:108EB0006888012800D104E040F292318448F7F735
:108EC0006DF9A88910B1A889022800D104E040F208
:108ED00093317F48F7F762F9208C4EF6FF71084016
:108EE0002084268CB4F80480A78B48F6FF700740D6
:108EF0004FF6FF40074028884FF6FF7101EA002037
:108F000007434DF6FF700640A88901EA003006438A
:108F1000688801EA003006436848844202D06B4802
:108F2000844216D1288AB0F5807F01D0288A00B902
:108F300004E040F2B1316648F7F730F94BF6FF70C4
:108F400008EA0008288A4FF6FF7101EA801040EA1B
:108F50000808A4F80480A783A86820642684BDE8D4
:108F6000F081002101804180818081608181C18107
:108F70000182418270472DE9F04104460F461546B3
:108F80000026B0464D48844220D0B4F1804F1DD019
:108F90004B4884421AD04B48844217D04A488442F6
:108FA00014D04A48844211D04A4884420ED04A48DC
:108FB00084420BD04948844208D04948844205D0B5
:108FC0004848844202D04848844200D104E04FF42B
:108FD0007D713F48F7F7E2F82FB1042F03D0082F37
:108FE00001D00C2F00D104E040F2F5313848F7F7FA
:108FF000D5F86DB1102D0BD0202D09D0302D07D014
:10900000602D05D0702D03D0502D01D0402D00D102
:1090100004E040F2F6312E48F7F7C0F8264618363D
:109020000120B8401FFA80F8208C20EA0800208434
:109030000FB1082F0AD106EB670630684FF68F7123
:10904000084030603068284330600FE0381FC0F3BC
:109050004E000644306848F6FF71084030603068C2
:109060004FF6FF7101EA052108433060BDE8F08149
:1090700070B504460D461148844239D0B4F1804F92
:1090800036D00F48844233D00E48844230D00E4848
:1090900084422DD00D4884422AD00E48844227D0E5
:1090A0000D48844224D00D48844221D00C4884428B
:1090B0001ED00C4884421BD00B4817E00000014032
:1090C0000004004000080040000C00400004014083
:1090D00074E20008004001400044014000480140A3
:1090E00000180040001C004000200040844200D1D5
:1090F00004E040F21F41FB48F7F750F8656370BD8C
:1091000070B504460D46F848844214D0B4F1804F3F
:1091100011D0F64884420ED0F54884420BD0F54871
:10912000844208D0F448844205D0F448844202D0F6
:10913000F348844200D104E040F22F41E948F7F7B8
:109140002DF8A56370BD70B504460D46E64884420F
:109150000ED0B4F1804F0BD0E448844208D0E448EC
:10916000844205D0E348844202D0E348844200D1DF
:1091700004E040F23E41DB48F7F710F8E56370BDCC
:1091800070B504460D46D84884420ED0B4F1804FE5
:109190000BD0D648844208D0D548844205D0D54863
:1091A000844202D0D448844200D104E040F24D41D0
:1091B000CC48F6F7F3FF256470BD70B504460D4644
:1091C0000026C948844220D0B4F1804F1DD0C74842
:1091D00084421AD0C648844217D0C648844214D06C
:1091E000C548844211D0C54884420ED0C548844247
:1091F0000BD0C548844208D0C148844205D0C3483A
:10920000844202D0C248844200D104E040F261416D
:10921000B448F6F7C3FF502D01D0402D00D104E033
:1092200040F26241AF48F6F7B9FF268B4FF68F70D8
:1092300006402E43268370BD70B504460D460026B9
:10924000A948844214D0B4F1804F11D0A748844279
:109250000ED0A74884420BD0A648844208D0A64826
:10926000844205D0A548844202D0A548844200D15A
:1092700004E040F27E419B48F6F790FF502D01D06C
:10928000402D00D104E040F27F419648F6F786FF7A
:10929000268B48F6FF7006404FF6FF7000EA052067
:1092A0000643268370BD70B504460D4600268E48E1
:1092B00084420ED0B4F1804F0BD08C48844208D049
:1092C0008B48844205D08B48844202D08A4884422D
:1092D00000D104E040F29A418248F6F75FFF502D3A
:1092E00001D0402D00D104E040F29B417D48F6F7CB
:1092F00055FFA68B4FF68F7006402E43A68370BD98
:1093000070B504460D460026774884420ED0B4F16D
:10931000804F0BD07548844208D07548844205D0F0
:109320007448844202D07448844200D104E040F280
:10933000B7416C48F6F732FF502D01D0402D00D1D7
:1093400004E04FF497616748F6F728FFA68B48F6CC
:10935000FF7006404FF6FF7000EA05200643A68323
:1093600070BD70B504460D4600265F48844220D08B
:10937000B4F1804F1DD05D4884421AD05C488442CD
:1093800017D05C48844214D05B48844211D05B48BB
:1093900084420ED05B4884420BD05B48844208D0A4
:1093A0005748844205D05948844202D058488442E4
:1093B00000D104E040F2D3414A48F6F7EFFE082D11
:1093C00000D005B904E040F2D4414648F6F7E6FE85
:1093D000268B4FF6F77006402E43268370BD70B57E
:1093E00004460D4600264048844214D0B4F1804F14
:1093F00011D03E4884420ED03D4884420BD03D48B7
:10940000844208D03C48844205D03C48844202D083
:109410003B48844200D104E040F2F1413148F6F784
:10942000BDFE082D00D005B904E040F2F2412D4800
:10943000F6F7B4FE268B4FF2FF7006404FF6FF7032
:1094400000EA05200643268370BD70B504460D462C
:109450000026254884420ED0B4F1804F0BD023481B
:10946000844208D02248844205D02248844202D057
:109470002148844200D104E040F20E511948F6F729
:109480008DFE082D00D005B904E040F20F511548BB
:10949000F6F784FEA68B4FF6F77006402E43A683A0
:1094A00070BD70B504460D4600260F4884420ED0AC
:1094B000B4F1804F0BD00D48844208D00C48844250
:1094C00005D00C48844202D00B48844200D104E00D
:1094D00040F22B510348F6F761FE082D00D0CDB9BC
:1094E0001DE0000074E2000800000140000400409C
:1094F00000080040000C0040000401400040014012
:10950000001800400044014000480140001C004099
:109510000020004040F22C51FA48F6F73FFEA68B9F
:109520004FF2FF7006404FF6FF7000EA0520064339
:10953000A68370BD70B504460D460026F2488442ED
:1095400020D0B4F1804F1DD0F04884421AD0F048AA
:10955000844217D0EF48844214D0EF48844211D09F
:10956000EE4884420ED0EE4884420BD0ED4884424F
:1095700008D0ED48844205D0EC48844202D0EC4843
:10958000844200D104E04FF4A961DE48F6F706FEFC
:10959000042D00D005B904E040F24951D948F6F74E
:1095A000FDFD268B4FF6FB7006402E43268370BDD3
:1095B00070B504460D460026D348844214D0B4F159
:1095C000804F11D0D14884420ED0D14884420BD074
:1095D000D048844208D0D048844205D0CF48844245
:1095E00002D0D148844200D104E040F26751C5481E
:1095F000F6F7D4FD042D00D005B904E04FF4AD61B9
:10960000C048F6F7CBFD268B4FF6FF3006404FF6ED
:10961000FF7000EA05200643268370BD70B504463E
:109620000D460026B84884420ED0B4F1804F0BD0CE
:10963000B648844208D0B648844205D0B548844232
:1096400002D0B548844200D104E040F28551AD48D3
:10965000F6F7A4FD042D00D005B904E040F28651D0
:10966000A848F6F79BFDA68B4FF6FB7006402E43ED
:10967000A68370BD70B504460D460026A2488442FC
:109680000ED0B4F1804F0BD0A048844208D0A0483F
:10969000844205D09F48844202D09F48844200D132
:1096A00004E040F2A3519748F6F778FD042D00D06E
:1096B00005B904E040F2A4519248F6F76FFDA68B7D
:1096C0004FF6FF3006404FF6FF7000EA05200643D4
:1096D000A68370BD70B504460D4600268A488442B4
:1096E00020D0B4F1804F1DD0884884421AD08848D9
:1096F000844217D08748844214D08748844211D0CE
:10970000864884420ED0864884420BD085488442E5
:1097100008D08548844205D08448844202D08448D9
:10972000844200D104E040F2C1517648F6F736FD9C
:10973000802D00D005B904E040F2C2517148F6F71F
:109740002DFD268B4FF67F7006402E43268370BD7D
:1097500070B504460D4600266B48844214D0B4F11F
:10976000804F11D0694884420ED0694884420BD0A2
:109770006848844208D06848844205D067488442DB
:1097800002D06948844200D104E040F2DF515D48D4
:10979000F6F704FD802D00D005B904E04FF4BC615C
:1097A0005848F6F7FBFC268BC6F30E064FF6FF7003
:1097B00000EA05200643268370BD70B504460D46B9
:1097C0000026514884420ED0B4F1804F0BD04F4850
:1097D000844208D04E48844205D04E48844202D08C
:1097E0004D48844200D104E040F2FC514548F6F770
:1097F000D5FC802D00D005B904E040F2FD51414870
:10980000F6F7CCFCA68B4FF67F7006402E43A6835E
:1098100070BD70B504460D4600263B4884420ED00C
:10982000B4F1804F0BD03948844208D03848844284
:1098300005D03848844202D03748844200D104E041
:1098400040F219612F48F6F7A9FC802D00D005B928
:1098500004E040F21A612B48F6F7A0FCA68BC6F391
:109860000E064FF6FF7000EA05200643A68370BD82
:1098700070B504460D4600262348844220D0B4F13A
:10988000804F1DD0214884421AD02148844217D0ED
:109890002048844214D02048844211D01F4884427A
:1098A0000ED01F4884420BD01E48844208D01E4868
:1098B000844205D01D48844202D01D48844200D114
:1098C00004E040F236610F48F6F768FC0DB1022D56
:1098D00000D104E040F237610A48F6F75FFC268CBD
:1098E0004FF6FD7006402E43268470BD70B50446C9
:1098F0000D4600260448844202D00748844219D10C
:109900001DE0000074E20008000001400004004077
:1099100000080040000C00400004014000400140ED
:10992000004401400048014000180040001C004075
:10993000002000404FF4CA61FC48F6F72FFC0DB13F
:10994000082D00D104E040F25161F848F6F726FCFA
:10995000268C4FF6F77006402E43268470BD70B5F6
:1099600004460D460026F248844214D0B4F1804FDC
:1099700011D0F04884420ED0EF4884420BD0EF481B
:10998000844208D0EE48844205D0EE48844202D09A
:10999000ED48844200D104E040F26C61E348F6F700
:1099A000FDFB0DB1022D00D104E040F26D61DF48F6
:1099B000F6F7F4FB268C4FF6DF7006404FF6FF708B
:1099C00000EA05100643268470BD70B504460D46B6
:1099D0000026D748844202D0D948844200D104E00E
:1099E00040F28761D148F6F7D9FB0DB1082D00D1BF
:1099F00004E04FF4D161CD48F6F7D0FB268C4FF64A
:109A00007F7006404FF6FF7000EA0510064326847B
:109A100070BD70B504460D460026C54884420ED080
:109A2000B4F1804F0BD0C348844208D0C24884426E
:109A300005D0C248844202D0C148844200D104E02B
:109A400040F2A261B948F6F7A9FB0DB1022D00D191
:109A500004E040F2A361B548F6F7A0FB268C4FF670
:109A6000FF5006404FF6FF7000EA052006432684AB
:109A700070BD70B504460D460026AD48844202D044
:109A8000AF48844200D104E040F2BD61A748F6F738
:109A900085FB0DB1082D00D104E040F2BE61A34862
:109AA000F6F77CFB268C4FF2FF7006404FF6FF70F6
:109AB00000EA05200643268470BD70B504460D46B5
:109AC00000269B4884420ED0B4F1804F0BD09948B9
:109AD000844208D09848844205D09848844202D0F5
:109AE0009748844200D104E04FF4DB618F48F6F7D9
:109AF00055FB0DB1022D00D104E040F2D9618B4835
:109B0000F6F74CFB268C4DF6FF7006404FF6FF70C3
:109B100000EA05300643268470BD2DE9F041044675
:109B20000D46164600278248844220D0B4F1804F6B
:109B30001DD0804884421AD07F48844217D07F4885
:109B4000844214D07E48844211D07E4884420ED094
:109B50007E4884420BD07E48844208D07A488442B2
:109B600005D07C48844202D07B48844200D104E086
:109B700040F2F7616D48F6F711FB2DB1042D03D0CB
:109B8000082D01D00C2D00D104E04FF4DF616748AF
:109B9000F6F704FB012E00D006B904E040F2F961AB
:109BA0006248F6F7FBFA0120A84087B2208CB84340
:109BB0002084208C06FA05F189B208432084BDE890
:109BC000F0812DE9F04104460D461646002758481D
:109BD000844202D05A48844200D104E040F2157118
:109BE0005248F6F7DBFA1DB1042D01D0082D00D143
:109BF00004E040F216714D48F6F7D0FA042E00D07A
:109C000006B904E040F217714848F6F7C7FA042095
:109C1000A84087B2208CB8432084208C06FA05F136
:109C200089B208432084BDE8F08170B504460D4632
:109C30003F4884420ED0B4F1804F0BD03D4884425F
:109C400008D03D48844205D03C48844202D03C487C
:109C5000844200D104E040F671013448F6F79EFAE0
:109C60002DB1042D03D0082D01D00C2D00D104E01E
:109C700040F672012D48F6F791FAA08B4FF2FF31B2
:109C80000840A083A08B4FF6FF7101EA052108432D
:109C9000A08370BDF0B50C461546002100220026B9
:109CA000078C4EF6FF7C07EA0C070784818B028C39
:109CB0004FF6FF7707EA043640F6FF4739404FF684
:109CC000FF7707EA052739434FF6FF7707EA03379F
:109CD000394345F6FF773A4046F480573A4381834B
:109CE0000284F0BD70B504460D46114884420ED082
:109CF000B4F1804F0BD00F48844208D00E48844204
:109D000005D00E48844202D00D48844200D104E0C0
:109D100040F659010548F6F741FA2DB1042D03D05C
:109D2000082D01D00C2D19D11DE0000074E20008AF
:109D3000000001400004004000080040000C00400A
:109D40000004014000400140001800400044014070
:109D500000480140001C00400020004040F65A012D
:109D6000FE48F6F71BFAA08B4FF6F3710840A0836C
:109D7000A08B2843A08370BDF0B50C46154600218A
:109D800000220026078C4FF6FF6C07EA0C070784B9
:109D9000818B028C4FF6FF7707EA04264FF60C778B
:109DA00039404FF6FF7707EA03172F4339434FF245
:109DB000FF573A4046F480773A4381830284F0BDEE
:109DC00070B504460D46E648844214D0B4F1804F85
:109DD00011D0E44884420ED0E34884420BD0E348DB
:109DE000844208D0E248844205D0E248844202D04E
:109DF000E148844200D104E040F64101D748F6F73B
:109E0000CDF92DB1042D03D0082D01D00C2D00D19A
:109E100004E040F64201D148F6F7C0F9208B4FF23A
:109E2000FF3108402083208B4FF6FF7101EA0521A6
:109E30000843208370BDF0B50C4615460021002272
:109E40000026078C4FF6EF7C07EA0C070784018B8E
:109E5000028C4FF6FF7707EA041640F6FF473940B9
:109E60004FF6FF7707EA033739434FF6FF7707EAE4
:109E7000052739434FF65F773A4046F010073A43DB
:109E800001830284F0BD70B504460D46B448844297
:109E900020D0B4F1804F1DD0B24884421AD0B248CD
:109EA000844217D0B148844214D0B148844211D0C2
:109EB000B04884420ED0B14884420BD0B0488442AE
:109EC00008D0AD48844205D0AE48844202D0AE48A6
:109ED000844200D104E040F62801A048F6F75EF97C
:109EE0002DB1042D03D0082D01D00C2D00D104E09C
:109EF00040F629019948F6F751F9208B4FF6F37196
:109F000008402083208B2843208370BDF0B50C4689
:109F1000154600210022068C4FF6FE773E4006844F
:109F2000018B028C4FF60C7631407E1C06EA03163C
:109F30002E4331434FF6F576324044F0010632436A
:109F400001830284F0BD70B504460D468448844206
:109F500020D0B4F1804F1DD0824884421AD082486C
:109F6000844217D08148844214D08148844211D061
:109F7000804884420ED0814884420BD0804884427D
:109F800008D07D48844205D07E48844202D07E4875
:109F9000844200D104E040F265717048F6F7FEF8A3
:109FA000688828B16888022802D068880A2800D109
:109FB00004E040F266716948F6F7F0F8A8880128D5
:109FC00005D0A888022802D0A888032800D104E080
:109FD00040F267716148F6F7E1F8E88840B1E88837
:109FE000042805D0E888082802D0E8880C2800D189
:109FF00004E04FF4ED615948F6F7D0F828890F28AE
:10A0000000DC04E040F269715448F6F7C7F828888C
:10A0100050B92B89AA8869882046FFF777FFE9881D
:10A020002046FFF730FF73E02888042828D14C48E9
:10A03000844214D0B4F1804F11D04A4884420ED0EB
:10A04000494884420BD04948844208D04848844259
:10A0500005D04848844202D04748844200D104E0F9
:10A0600040F277713D48F6F799F82B89AA886988FC
:10A070002046FFF7E0FEE9882046FFF7A1FE47E013
:10A080002888082822D1364884420ED0B4F1804F67
:10A090000BD03448844208D03348844205D033483A
:10A0A000844202D03248844200D104E040F28171FF
:10A0B0002A48F6F773F82B89AA8869882046FFF7A3
:10A0C0005BFEE9882046FFF70DFE21E0244884422C
:10A0D0000ED0B4F1804F0BD02248844208D02248E1
:10A0E000844205D02148844202D02148844200D1D4
:10A0F00004E040F28B711948F6F750F82B89AA88D2
:10A1000069882046FFF7C6FDE9882046FFF78DFDE8
:10A1100070BD002101804180012181800021C1802A
:10A12000018170472DE9F04105460C4600260127C4
:10A130000B4885422DD0B5F1804F2AD00948854281
:10A1400027D00948854224D00848854221D00848B4
:10A1500085421ED0074885421BD017E074E20008F4
:10A16000000001400004004000080040000C0040D6
:10A17000000401400040014000180040004401403C
:10A1800000480140001C004000200040F848854283
:10A1900000D104E040F2B371F648F5F7FFFF6088A4
:10A1A00008B9022600E00026A088012801D1022774
:10A1B00000E001272088A0B92389A2886188284669
:10A1C000FFF7A4FEE1882846FFF75DFE23893A46A3
:10A1D00031462846FFF72FFEE1882846FFF7F0FDBD
:10A1E00013E02389A28861882846FFF724FEE188CE
:10A1F0002846FFF7E5FD23893A4631462846FFF712
:10A2000085FEE1882846FFF73EFEBDE8F08110B5E7
:10A210000446D948844220D0B4F1804F1DD0D7489D
:10A2200084421AD0D648844217D0D648844214D0EB
:10A23000D548844211D0D54884420ED0D4488442B7
:10A240000BD0D448844208D0C948844205D0D248B3
:10A25000844202D0D148844200D104E040F2E97146
:10A26000C448F5F79BFF606B10BD10B50446C248AB
:10A27000844214D0B4F1804F11D0C04884420ED033
:10A28000BF4884420BD0BF48844208D0BE488442B5
:10A2900005D0BE48844202D0B548844200D104E0D3
:10A2A0004FF4FF61B348F5F779FFA06B10BD10B50F
:10A2B0000446B14884420ED0B4F1804F0BD0AF4871
:10A2C000844208D0AE48844205D0AE48844202D0D1
:10A2D000AD48844200D104E040F60601A548F5F7F8
:10A2E0005DFFE06B10BD10B50446A34884420ED05C
:10A2F000B4F1804F0BD0A148844208D0A0488442DA
:10A3000005D0A048844202D09F48844200D104E096
:10A3100040F614019748F5F741FF206C10BD70B569
:10A3200005460C469448854202D09748854200D1A4
:10A3300004E040F6A6018F48F5F730FF2088B0F51D
:10A34000006F01D0208800B904E040F6A7018948D9
:10A35000F5F724FF6088B0F5806F01D0608800B900
:10A3600004E040F6A8018348F5F718FFA08858B12B
:10A37000A088B0F5807F07D0A088B0F5007F03D01B
:10A38000A088B0F5407F00D104E040F6A9017948EB
:10A39000F5F704FF2089B0F5805F01D0208900B96E
:10A3A00004E040F6AA017348F5F7F8FE608918B199
:10A3B0006089B0F5005F00D104E040F6AB016D4864
:10A3C000F5F7ECFEA089B0F5804F01D0A08900B967
:10A3D00004E040F6AC016748F5F7E0FE20886188AC
:10A3E0000843A1880843E18808432189084361891B
:10A3F0000843A1890843A5F8440070BD00210180ED
:10A4000041808180C180018141818181704770B527
:10A4100004460D465848844202D05B48844200D12D
:10A4200004E040F6D2015348F5F7B8FE0DB1012D16
:10A4300000D104E040F6D3014E48F5F7AFFE35B148
:10A44000B4F8440040F40040A4F8440005E0B4F837
:10A450004400C0F30E00A4F8440070BD70B504467B
:10A460000D464548844202D04748844200D104E06A
:10A4700040F6EB013F48F5F791FE0DB1012D00D1FB
:10A4800004E040F6EC013B48F5F788FE25B1A088D2
:10A4900040F00400A08004E0A0884FF6FB71084063
:10A4A000A08070BD70B504460D463348844202D08A
:10A4B0003548844200D104E040F604112D48F5F7F8
:10A4C0006DFE0DB1012D00D104E040F605112948C3
:10A4D000F5F764FE25B1A08840F00100A08004E0FB
:10A4E000A0884FF6FE710840A08070BD70B504468C
:10A4F0000D4616462048844226D0B4F1804F23D022
:10A500001E48844220D01E4884421DD01D488442EB
:10A510001AD02348844217D02248844214D01A48C3
:10A52000844211D0194884420ED0194884420BD07D
:10A530001848844208D00E48844205D01648844208
:10A5400002D01648844200D104E040F63D1109488B
:10A55000F5F724FE05F47F4008B905B104E040F6A4
:10A560003E110448F5F71AFE0EB1012E1CD120E071
:10A570000018004074E200080000014000040040A0
:10A5800000080040000C0040000401400040014071
:10A590000044014000480140001C004000200040F1
:10A5A000001000400014004040F63F11F748F5F756
:10A5B000F5FD1EB1A0892843A08102E0A089A8432F
:10A5C000A08170BD70B504460D46F148844226D086
:10A5D000B4F1804F23D0EF48844220D0EE4884422B
:10A5E0001DD0EE4884421AD0ED48844217D0ED4881
:10A5F000844214D0EC48844211D0EC4884420ED0FE
:10A60000EB4884420BD0EB48844208D0EA488442AD
:10A6100005D0EA48844202D0E948844200D104E0EF
:10A6200040F66311D948F5F7B9FD05F47F4008B944
:10A6300005B104E040F66411D448F5F7AFFDA582FA
:10A6400070BD70B504460D460026D148844226D020
:10A65000B4F1804F23D0CF48844220D0CE488442EA
:10A660001DD0CE4884421AD0CD48844217D0CD4860
:10A67000844214D0CC48844211D0CC4884420ED0BD
:10A68000CB4884420BD0CB48844208D0CA4884428D
:10A6900005D0CA48844202D0C948844200D104E0AF
:10A6A00040F68511B948F5F779FD012D19D0022D35
:10A6B00017D0042D15D0082D13D0102D11D0202D1A
:10A6C0000FD0402D0DD0802D0BD0B5F5007F08D0D8
:10A6D000B5F5806F05D0B5F5006F02D0B5F5805F98
:10A6E00000D104E040F68611A848F5F757FD208A0E
:10A6F000284008B1012600E00026304670BD70B544
:10A7000004460D46A248844226D0B4F1804F23D09F
:10A71000A048844220D0A04884421DD09F48844253
:10A720001AD09F48844217D09E48844214D09E4835
:10A73000844211D09D4884420ED09D4884420BD063
:10A740009C48844208D09C48844205D09B4884425F
:10A7500002D09B48844200D104E040F6AE118B4801
:10A76000F5F71CFDE843208270BD2DE9F041044659
:10A770000D4600260027B0468548844226D0B4F115
:10A78000804F23D08348844220D0834884421DD008
:10A79000824884421AD08248844217D08148844239
:10A7A00014D08148844211D0804884420ED0804821
:10A7B00084420BD07F48844208D07F48844205D031
:10A7C0007E48844202D07E48844200D104E040F6B4
:10A7D000CC116E48F5F7E2FC012D0DD0022D0BD007
:10A7E000042D09D0082D07D0102D05D0202D03D021
:10A7F000402D01D0802D00D104E040F6CD116348FA
:10A80000F5F7CCFC208A00EA0507A08900EA0508D4
:10A8100027B1B8F1000F01D0012600E00026304634
:10A82000BDE8F08170B504460D465948844226D0F3
:10A83000B4F1804F23D05748844220D056488442F8
:10A840001DD0564884421AD05548844217D05548E6
:10A85000844214D05448844211D0544884420ED0CB
:10A86000534884420BD05348844208D05248844213
:10A8700005D05248844202D05148844200D104E0BD
:10A8800040F6F3114148F5F789FCE843208270BD9A
:10A8900070B506460C4615463D4886420ED0B6F1C8
:10A8A000804F0BD03B48864208D03B48864205D0BB
:10A8B0003A48864202D03C48864200D104E040F645
:10A8C00018213248F5F76AFC2CB3012C23D0022C56
:10A8D00021D0032C1FD0042C1DD0052C1BD0062CFE
:10A8E00019D0072C17D0082C15D0092C13D00A2CFE
:10A8F00011D00B2C0FD00C2C0DD00D2C0BD00E2CFE
:10A9000009D00F2C07D0102C05D0112C03D0122CFD
:10A9100001D0132C00D104E040F619211B48F5F7B3
:10A920003DFC95B3B5F5807F2FD0B5F5007F2CD0D9
:10A93000B5F5407F29D0B5F5806F26D0B5F5A06F6D
:10A9400023D0B5F5C06F20D0B5F5E06F1DD0B5F5BB
:10A95000006F1AD0B5F5106F17D0B5F5206F14D071
:10A96000B5F5306F11D0B5F5406F0ED0B5F5506F1D
:10A970000BD0B5F5606F08D0B5F5706F05D0B5F5A3
:10A98000805F02D0B5F5885F1CD120E074E200083A
:10A99000000001400004004000080040000C00409E
:10A9A000001000400014004000040140004001403D
:10A9B000004401400048014000180040001C0040D5
:10A9C0000020004040F61A21FA48F5F7E7FB44EA78
:10A9D0000500A6F8480070BD70B504460D46164641
:10A9E000F548844214D0B4F1804F11D0F34884422A
:10A9F0000ED0F34884420BD0F248844208D0F2488B
:10AA0000844205D0F148844202D0F148844200D10A
:10AA100004E040F63321E748F5F7C0FB48F2FF00B9
:10AA2000284008B905B104E040F63421E148F5F7C3
:10AA3000B5FB0EB1012E00D104E040F63521DD4812
:10AA4000F5F7ACFB1EB1A0892843A08102E0A089E4
:10AA5000A843A08170BD70B504460D46D648844217
:10AA60000ED0B4F1804F0BD0D448844208D0D448E3
:10AA7000844205D0D348844202D0D548844200D1D4
:10AA800004E040F64D21CB48F5F788FB0DB1012DD0
:10AA900000D104E040F64E21C648F5F77FFB25B112
:10AAA000A08840F00800A08004E0A0884FF6F7716D
:10AAB0000840A08070BD10B50446BF48844214D041
:10AAC000B4F1804F11D0BD4884420ED0BC488442BE
:10AAD0000BD0BC48844208D0BD48844205D0BD4854
:10AAE000844202D0BC48844200D104E040F6742184
:10AAF000B048F5F753FB20894FF6F87108402081E4
:10AB000010BD70B504460D460026AB48844220D0E7
:10AB1000B4F1804F1DD0A94884421AD0A84884427D
:10AB200017D0A848844214D0A948844211D0A9481B
:10AB300084420ED0A94884420BD0A948844208D050
:10AB4000A548844205D0A748844202D0A648844242
:10AB500000D104E040F644319648F5F71FFB6DB193
:10AB6000102D0BD0202D09D0302D07D0402D05D031
:10AB7000502D03D0602D01D0702D00D104E040F69F
:10AB800045318C48F5F70AFB26894FF68F70064051
:10AB90002E43268170BD70B504460D46864884421A
:10ABA00014D0B4F1804F11D0844884420ED0844830
:10ABB00084420BD08348844208D08548844205D023
:10ABC0008448844202D08448844200D104E040F6A4
:10ABD00089217848F5F7E2FA2DB1102D03D0202D08
:10ABE00001D0302D00D104E040F68A217148F5F7FC
:10ABF000D5FA29462046FFF784FF208940F0070058
:10AC0000208170BD2DE9F04104460E4615461F46D1
:10AC10006948844220D0B4F1804F1DD067488442F7
:10AC20001AD06748844217D06648844214D06848D6
:10AC3000844211D0674884420ED0684884420BD0C9
:10AC40006748844208D06448844205D065488442FD
:10AC500002D06548844200D104E040F6A82155485E
:10AC6000F5F79CFA1DB1022D01D00A2D00D104E0A8
:10AC700040F6A9214F48F5F791FA0F2F00DC04E0C8
:10AC800040F6AA214B48F5F789FA602E06D13B46DB
:10AC9000012229462046FFF7CEF805E03B46012277
:10ACA00029462046FFF732F931462046FFF729FFB3
:10ACB000208940F007002081BDE8F0812DE9F041B6
:10ACC00004460D4616461F464FF000083A48844297
:10ACD0000ED0B4F1804F0BD03848844208D03848A9
:10ACE000844205D03748844202D03948844200D19A
:10ACF00004E040F6BD312F48F5F750FA45B1B5F5FF
:10AD0000805F05D0B5F5005F02D0B5F5405F00D19A
:10AD100004E040F6BE312748F5F740FAB6F5004F9B
:10AD200000D006B904E040F6BF312248F5F736FA04
:10AD30000F2F00DC04E04FF43C611E48F5F72EFABB
:10AD4000B4F8088008F0FF084FF6FF7000EA07200B
:10AD50003043284340EA0808A4F80880BDE8F081A1
:10AD60002DE9F04104460D46174698460026124844
:10AD700084420ED0B4F1804F0BD01048844208D0EA
:10AD80000F48844205D00F48844202D010488442C4
:10AD900000D104E040F6D2210648F5F7FFF945B1AD
:10ADA000B5F5805F05D0B5F5005F02D0B5F5405F21
:10ADB0001CD120E074E200080000014000040040C3
:10ADC00000080040000C004000100040001400404B
:10ADD00000040140004001400018004000440140D0
:10ADE00000480140001C00400020004040F6D321F4
:10ADF000FA48F5F7D3F9B7F5004F00D007B904E0EA
:10AE000040F6D421F548F5F7C9F9B8F10F0F00DC89
:10AE100004E040F6D521F148F5F7C0F943463A463B
:10AE200029462046FFF74AFF26894FF6F87006406C
:10AE300046F007064FF68F70064046F070062681F2
:10AE4000BDE8F0812DE9F04104460D4616461F4647
:10AE5000E34884420ED0B4F1804F0BD0E1488442E5
:10AE600008D0E148844205D0E048844202D0E0485E
:10AE7000844200D104E040F6FF21D848F5F78EF96E
:10AE800045B1B5F5805F05D0B5F5005F02D0B5F5E9
:10AE9000405F00D104E04FF43061D048F5F77EF90F
:10AEA000B6F5004F00D006B904E040F60131CB48BA
:10AEB000F5F774F90F2F00DC04E040F60231C748C3
:10AEC000F5F76CF93B46324629462046FFF7F6FE79
:10AED000208940F480402081BDE8F08170B50446AF
:10AEE0000D46BF48844214D0B4F1804F11D0BD4804
:10AEF00084420ED0BC4884420BD0BC48844208D067
:10AF0000BC48844205D0BC48844202D0B848844240
:10AF100000D104E040F66D31B048F5F73FF96DB16E
:10AF2000102D0BD0202D09D0302D07D0402D05D06D
:10AF3000502D03D0602D01D0702D00D104E040F6DB
:10AF40006E31A648F5F72AF9A0884FF68F710840B0
:10AF5000A080A0882843A08070BD70B504460D462F
:10AF60009F48844214D0B4F1804F11D09D48844250
:10AF70000ED09D4884420BD09C48844208D09C4807
:10AF8000844205D09D48844202D09D48844200D12D
:10AF900004E040F685319148F5F700F9042D05D01D
:10AFA000052D03D0062D01D0072D00D104E040F679
:10AFB00086318A48F5F7F2F820894FF6F871084093
:10AFC000208120892843208170BD70B504460D463C
:10AFD0008348844214D0B4F1804F11D08148844218
:10AFE0000ED0814884420BD08048844208D08048EB
:10AFF000844205D08148844202D08148844200D1F5
:10B0000004E040F69C317548F5F7C8F8802D00D073
:10B0100005B904E040F69D317048F5F7BFF8208986
:10B020004FF67F710840208120892843208170BD20
:10B030002DE9F04704460D4616461F464FF000081E
:10B04000C146C2466648844214D0B4F1804F11D044
:10B05000644884420ED0644884420BD063488442E2
:10B0600008D06348844205D06448844202D06448D2
:10B07000844200D104E040F6F9315848F5F78EF8E3
:10B08000012D03D0022D01D0032D00D104E040F6A4
:10B09000FA315248F5F782F81EB1022E01D00A2E7D
:10B0A00000D104E040F6FB314C48F5F777F81FB1CA
:10B0B000022F01D00A2F00D104E040F6FC314748AE
:10B0C000F5F76CF8B4F80880B4F81890B4F820A03C
:10B0D0004FF6F87008EA000848EA05084FF6FC4009
:10B0E00009EA000940F2011049EA00094FF6DD7053
:10B0F0000AEA000A4FF6FF7000EA0710304340EA00
:10B100000A0AA4F80880A4F81890A4F820A0BDE8C2
:10B11000F08770B504460D463148844214D0B4F12E
:10B12000804F11D02F4884420ED02F4884420BD03C
:10B130002E48844208D02E48844205D02F488442AD
:10B1400002D02F48844200D104E040F62841234831
:10B15000F5F724F80DB1012D00D104E040F62941A6
:10B160001E48F5F71BF825B1A08840F08000A080AC
:10B1700004E0A0884FF67F710840A08070BD70B5D4
:10B1800005460C46B5F1804F05D01848854202D0DF
:10B190001C48854200D104E040F65B410F48F4F7BB
:10B1A000FDFF94B1B4F5806F0FD0B4F5006F0CD0F3
:10B1B000B4F5406F09D044B1402C06D0802C04D0A7
:10B1C000C02C02D00CB1022C00D104E040F65C414E
:10B1D0000248F4F7E3FFA5F8504070BD74E20008A0
:10B1E000000001400004004000080040000C004046
:10B1F00000040140001000400014004000400140E5
:10B20000001800400048014010B50446F848844248
:10B210000ED0F84884420BD0F748844208D0F74853
:10B22000844205D0F648844202D0F648844200D1D8
:10B2300003E0B521F448F4F7B1FFED48844208D1AA
:10B2400001211020FCF78EFD00211020FCF78AFD63
:10B250003EE0E848844209D101214804FCF75BFD47
:10B2600000214FF40030FCF756FD31E0E248844203
:10B2700009D101218804FCF74EFD00214FF4802004
:10B28000FCF749FD24E0DD48844209D10121C804CE
:10B29000FCF741FD00214FF40020FCF73CFD17E0D6
:10B2A000D748844209D101210805FCF734FD00216B
:10B2B0004FF48010FCF72FFD0AE0D248844207D1FA
:10B2C00001212020FCF74EFD00212020FCF74AFD43
:10B2D00010BD2DE9FF4705460C460026B14600BFCC
:10B2E000B046C34885420ED0C24885420BD0C24802
:10B2F000854208D0C148854205D0C148854202D068
:10B30000C048854200D103E0EB21BF48F4F746FF77
:10B31000206820B1BD492068884200D203E0EC21BA
:10B32000B948F4F73BFFA08818B1A088B0F5805F5A
:10B3300000D103E0ED21B448F4F730FFE08858B1C4
:10B34000E088B0F5805F07D0E088B0F5005F03D0FB
:10B35000E088B0F5405F00D103E0EE21AA48F4F7A1
:10B360001DFF208938B12089B0F5806F03D0208976
:10B37000B0F5C06F00D103E0EF21A348F4F70EFF52
:10B3800060894FF6F371084010B9608900B103E09D
:10B39000F0219D48F4F702FFA08958B1A089B0F5CB
:10B3A000807F07D0A089B0F5007F03D0A089B0F5D9
:10B3B000407F00D103E0F1219348F4F7EFFEA0892C
:10B3C00080B18B48854208D08A48854205D08A489A
:10B3D000854202D08B48854200D103E0F6218A489D
:10B3E000F4F7DCFE2E8A26F44056E08806432E82CF
:10B3F000AE8941F20C608643A088218908436189A7
:10B4000008430643AE81AE8A26F44076A0890643FF
:10B41000AE826846FCF7E5F97548854202D0794866
:10B42000854202D1DDF80C9001E0DDF80890A88992
:10B4300000F4004040B109EBC90000EB091021689D
:10B440004900B0FBF1F707E009EBC90000EB091078
:10B4500021688900B0FBF1F76420B7FBF0F006012A
:10B460003009642101FB1078A88900F4004040B144
:10B47000322000EBC800B0FBF1F000F007000643FB
:10B4800008E0322000EB08106421B0FBF1F000F07E
:10B490000F0006432E81BDE8FF874FF4165101606F
:10B4A00000218180C18001810C21418100218181A5
:10B4B000704770B505460C4600264D48854208D0B9
:10B4C0004C48854205D04C48854202D04D488542C3
:10B4D00000D104E04FF4B6714B48F4F75FFE2088CA
:10B4E00018B12088B0F5006F00D104E040F26D1172
:10B4F0004548F4F753FE608818B16088B0F5806F56
:10B5000000D104E04FF4B7713F48F4F747FEA0883C
:10B5100018B1A088B0F5007F00D104E040F26F11AF
:10B520003948F4F73BFEE08818B1E088B0F5807F39
:10B5300000D104E04FF4B8713348F4F72FFE2E8A9F
:10B5400026F47066208861880843A1880843E18852
:10B55000084306432E8270BD002101804180818016
:10B56000C180704770B504460D46214884420ED014
:10B57000204884420BD02048844208D01F4884428F
:10B5800005D01F48844202D01E48844200D104E006
:10B5900040F29B111C48F4F701FE0DB1012D00D1C2
:10B5A00004E04FF4CE711848F4F7F8FD25B1A089F6
:10B5B00040F40050A08104E0A0894DF6FF710840DE
:10B5C000A08170BD70B504460D46094884420ED076
:10B5D000084884420BD00848844208D00748844277
:10B5E00005D00748844202D00648844210D114E0B6
:10B5F000001001400044004000480040004C004062
:10B600000050004000140140C8E20008E1707200E0
:10B6100040F2B511FA48F4F7C1FD208B00F47F40E9
:10B620002083208B2843208370BD70B504460D46CF
:10B63000F44884420ED0F44884420BD0F34884424C
:10B6400008D0F348844205D0F248844202D0F24840
:10B65000844200D104E04FF4E571E948F4F79EFD1F
:10B660000DB1012D00D104E040F2CB11E448F4F714
:10B6700095FD25B1A08940F40040A08103E0A08998
:10B68000C0F30E00A08170BD70B504460D46DD48C4
:10B6900084420ED0DC4884420BD0DC48844208D07F
:10B6A000DB48844205D0DB48844202D0DA48844239
:10B6B00000D104E04FF4F271D148F4F76FFD0DB101
:10B6C000012D00D104E040F2E511CD48F4F766FD0C
:10B6D00025B1A08A40F40060A08204E0A08A4FF265
:10B6E000FF710840A08270BD70B504460D46C54884
:10B6F00084420ED0C44884420BD0C448844208D04F
:10B70000C348844205D0C348844202D0C248844220
:10B7100000D104E040F21D21B948F4F73FFDB5F532
:10B72000007F00DA04E040F21E21B548F4F736FD50
:10B73000C5F30800A08070BD10B50446B14884422E
:10B740000ED0B14884420BD0B048844208D0B048F3
:10B75000844205D0AF48844202D0AF48844200D131
:10B7600004E040F22D21A648F4F718FDA088C0F3AC
:10B77000080010BD70B504460D46A24884420ED0A4
:10B78000A14884420BD0A148844208D0A0488442FA
:10B7900005D0A048844202D09F48844200D104E0F2
:10B7A0004FF418719648F4F7F9FC0F2D00DC04E013
:10B7B00040F261219248F4F7F1FC208A4FF6F071D3
:10B7C00008402082208A2843208270BD70B504463C
:10B7D0000D468C4884420ED08B4884420BD08B4857
:10B7E000844208D08A48844205D08A48844202D0E4
:10B7F0008948844200D104E04FF41D718048F4F779
:10B80000CDFC0DB1012D00D104E040F275217C4842
:10B81000F4F7C4FC25B1A08940F00200A08104E047
:10B82000A0894FF6FD710840A08170BD70B5044637
:10B830000D46744884420ED0734884420BD073483E
:10B84000844208D07248844205D07248844202D0B3
:10B850007148844200D104E040F28F216848F4F737
:10B860009DFC15B1B5F5006F00D104E04FF42471D3
:10B870006348F4F793FCA0894FF2FF710840A08160
:10B88000A0892843A08170BD70B504460D465D486F
:10B8900084420ED05C4884420BD05C48844208D07D
:10B8A0005B48844205D05B48844202D05A488442B7
:10B8B00000D104E04FF435715148F4F76FFC0DB13D
:10B8C000202D00D104E040F2D5214D48F4F766FC6C
:10B8D000208A4FF6DF7108402082208A2843208288
:10B8E00070BD70B504460D46464884420ED04648A9
:10B8F00084420BD04548844208D04548844205D054
:10B900004448844202D04448844200D104E040F2DA
:10B91000E6213B48F4F742FC0DB1012D00D104E0D3
:10B9200040F2E7213648F4F739FC25B1208A40F48B
:10B930008040208204E0208A4BF6FF71084020827C
:10B9400070BD10B504462F4884420ED02E48844264
:10B950000BD02E48844208D02D48844205D02D4873
:10B96000844202D02C48844200D104E040F2FE21FF
:10B970002348F4F713FCA08940F00100A08110BD1A
:10B9800070B504460D461F4884420ED01E488442BE
:10B990000BD01E48844208D01D48844205D01D4863
:10B9A000844202D01C48844200D104E040F233318A
:10B9B0001348F4F7F3FB0DB1012D00D104E04FF46F
:10B9C0004D710F48F4F7EAFB25B1A08A40F008005A
:10B9D000A08204E0A08A4FF6F7710840A08270BDF3
:10B9E00070B504460D460748844208D00648844294
:10B9F00005D00648844202D0074884420ED112E0A6
:10BA0000C8E2000800100140004400400048004027
:10BA1000004C004000500040001401404FF462719F
:10BA2000FE48F4F7BBFB208BC0B22083208B40EA9A
:10BA30000520208370BD70B504460D46F848844249
:10BA400008D0F848844205D0F748844202D0F7482D
:10BA5000844200D104E040F29B31F048F4F79EFBB1
:10BA60000DB1012D00D104E04FF46771EB48F4F7FC
:10BA700095FB25B1A08A40F02000A08204E0A08AB6
:10BA80004FF6DF710840A08270BD70B504460D46C8
:10BA9000E348844208D0E348844205D0E248844227
:10BAA00002D0E248844200D104E04FF46D71DB48DB
:10BAB000F4F774FB0DB1012D00D104E040F2B53173
:10BAC000D648F4F76BFB25B1A08A40F01000A082A5
:10BAD00004E0A08A4FF6EF710840A08270BD70B5F7
:10BAE00004460D46CE4884420ED0CE4884420BD048
:10BAF000CD48844208D0CE48844205D0CD48844207
:10BB000002D0CA48844200D104E040F2FB31C3486D
:10BB1000F4F744FB042D00D005B904E04FF47F7125
:10BB2000BE48F4F73BFBA08A4FF6FB710840A082A9
:10BB3000A08A2843A08270BD70B504460D46B8485F
:10BB400084420ED0B74884420BD0B748844208D014
:10BB5000B748844205D0B748844202D0B3488442F3
:10BB600000D104E040F20D41AC48F4F717FB0DB1F1
:10BB7000012D00D104E040F20E41A848F4F70EFB7D
:10BB800025B1A08A40F00200A08204E0A08A4FF60E
:10BB9000FD710840A08270BD70B504460D46164682
:10BBA0009F4884420ED09F4884420BD09E488442D6
:10BBB00008D09F48844205D09E48844202D09B48CA
:10BBC000844200D104E040F23B419448F4F7E6FAA5
:10BBD0004FF63F70284008B905B104E040F23C41FF
:10BBE0008E48F4F7DBFA0EB1012E00D104E040F2EA
:10BBF0003D418A48F4F7D2FA1EB1A08A2843A082B8
:10BC000002E0A08AA843A08270BD2DE9F047044657
:10BC10000D4617464FF00008C246C1460026804830
:10BC200084420ED07F4884420BD07F48844208D0A3
:10BC30007F48844205D07F48844202D07B488442BA
:10BC400000D104E040F2BD417448F4F7A7FA282D72
:10BC500019D040F22770854215D040F22660854207
:10BC600011D040F2255085420DD040F2244085424B
:10BC700009D040F64600854205D040F66A1085425C
:10BC800001D0602D00D104E040F2BE416348F4F7DA
:10BC900085FA0FB1012F00D104E040F2BF415F48A7
:10BCA000F4F77CFA40F66A10854211D15C48844270
:10BCB00008D05C48844205D05B48844202D05B488F
:10BCC000844200D104E040F2C4415448F4F766FADB
:10BCD0002646C5F3421805F01F0A012000FA0AF9AA
:10BCE000B8F1010F01D10C3605E0B8F1020F01D116
:10BCF000103600E0143627B1306840EA09003060A1
:10BD000003E0306820EA09003060BDE8F08770B5D4
:10BD100005460C460026424885420ED041488542E1
:10BD20000BD04148854208D04148854205D0414862
:10BD3000854202D03D48854200D104E040F2FC41FA
:10BD40003648F4F72BFA012C13D0802C11D0402C5C
:10BD50000FD0202C0DD0102C0BD0B4F5807F08D044
:10BD6000B4F5007F05D0082C03D0042C01D0022CA0
:10BD700000D104E040F2FD412848F4F70FFAB4F591
:10BD8000007F11D12648854208D02648854205D03B
:10BD90002548854202D02548854200D104E040F282
:10BDA00002511E48F4F7FAF92888204008B101260C
:10BDB00000E00026304670BD70B504460D461848B8
:10BDC00084420ED0174884420BD01748844208D0D2
:10BDD0001748844205D01748844202D01348844251
:10BDE00000D104E040F22C510C48F4F7D7F94FF69B
:10BDF0009F40284008B905B104E040F22D510748A2
:10BE0000F4F7CCF905F40070B0F5007F20D10448B8
:10BE1000844217D00348844214D00DE0C8E20008E1
:10BE20000010014000440040004800400014014060
:10BE3000004C0040005000407548844202D07548D4
:10BE4000844200D104E040F232517348F4F7A6F97D
:10BE5000E843208070BD2DE9F04705460C460027D9
:10BE60000026B046B1466D4885420ED06C488542EA
:10BE70000BD06748854208D06A48854205D06A4899
:10BE8000854202D06348854200D104E04FF4AA61A4
:10BE90006148F4F783F9282C27D040F227708442B8
:10BEA00023D040F2266084421FD040F225508442C5
:10BEB0001BD040F22440844217D040F64600844212
:10BEC00013D040F66A1084420FD0B4F5587F0CD0DE
:10BED00040F22530844208D0B4F5587F05D0B4F53F
:10BEE000187F02D0B4F5B07F00D104E040F2515188
:10BEF0004948F4F753F940F66A10844211D1474893
:10BF0000854208D04648854205D04148854202D046
:10BF10004048854200D104E040F256513E48F4F7D3
:10BF20003DF9C4F3421804F01F06012000FA06F69A
:10BF3000B8F1010F02D1A889064007E0B8F1020F5D
:10BF400002D1288A064001E0A88A06402712012073
:10BF500000FA07F7288807401EB117B14FF0010912
:10BF600001E04FF000094846BDE8F0872DE9F041B7
:10BF700004460D4600260027284884420ED0284853
:10BF800084420BD02248844208D02648844205D0FF
:10BF90002548844202D01F48844200D104E040F288
:10BFA00099511D48F4F7FAF840F2266085420BD00B
:10BFB00040F22550854207D040F64600854203D026
:10BFC00040F66A10854200D104E040F29A511248CE
:10BFD000F4F7E4F840F66A10854211D10F48844224
:10BFE00008D00F48844205D00948844202D009484D
:10BFF000844200D104E040F29F510748F4F7CEF8A4
:10C000002E120120B04087B2F8432080BDE8F081B5
:10C010000048004000140140C8E200080010014040
:10C0200000440040004C004000500040F0EE400A48
:10C030009FEDF62AB0EE421A90ED002A22EE202A59
:10C0400080ED072A90ED082AD0ED012A62EEA02AA1
:10C0500002EE812A80ED082A90ED082AD0ED032A0D
:10C06000F1EE622AB4EEE22AF1EE10FA02DD90ED72
:10C07000082A03E090ED032AB1EE422AD0ED032A0C
:10C08000B4EEE22AF1EE10FA12D290ED082AD0EDC9
:10C09000032AF1EE622AB4EEE22AF1EE10FA02DD92
:10C0A00090ED082A06E090ED032AB1EE422A01E065
:10C0B00090ED032A80ED082A90ED0B2A30EEC22A7B
:10C0C000C2EE011A90ED062AF7EE002A32EEC22ADD
:10C0D000D0ED092A22EE222AD0ED062A02EEA12A6C
:10C0E00080ED092A90ED092AD0ED022A22EE222ABB
:10C0F00080ED092AC0ED0B0A90ED072AD0ED042A45
:10C10000F1EE622AB4EEE22AF1EE10FA02DD90EDD1
:10C11000072A03E090ED042AB1EE422AD0ED042A6A
:10C12000B4EEE22AF1EE10FA12D290ED072AD0ED29
:10C13000042AF1EE622AB4EEE22AF1EE10FA02DDF0
:10C1400090ED072A06E090ED042AB1EE422A01E0C4
:10C1500090ED042AD0ED082A90ED033AB1EE433A6F
:10C16000F4EEC32AF1EE10FA02DDD0ED082A03E066
:10C17000D0ED032AF1EE622A90ED033AF4EEC32AE1
:10C18000F1EE10FA12D2D0ED082A90ED033AB1EE9A
:10C19000433AF4EEC32AF1EE10FA02DDD0ED082A9C
:10C1A00006E0D0ED032AF1EE622A01E0D0ED032A89
:10C1B00072EE222A90ED092A90ED053AB1EE433A4B
:10C1C000B4EEC32AF1EE10FA02DD90ED092A03E085
:10C1D00090ED052AB1EE422A90ED053AB4EEC32A5D
:10C1E000F1EE10FA12D290ED092A90ED053AB1EE77
:10C1F000433AB4EEC32AF1EE10FA02DD90ED092ABB
:10C2000006E090ED052AB1EE422A01E090ED052A04
:10C2100032EE820A7047F0EE400A90ED0B1AF0EE13
:10C22000001AB0EE600A01EEC10A90ED0C1A30EE71
:10C23000010A90ED021A20EE010A90ED051AB1EE06
:10C24000411AB4EEC10AF1EE10FA10DD90ED0B1AAE
:10C25000F0EE001AB0EE600A01EEC10A90ED0C1A81
:10C2600030EE010A90ED021A20EE010A03E090ED93
:10C27000050AB1EE400A90ED051AB4EEC10AF1EEDE
:10C2800010FA2ED290ED0B1AF0EE001AB0EE600A02
:10C2900001EEC10A90ED0C1A30EE010A90ED021A7F
:10C2A00020EE010A90ED051AB1EE411AB4EEC10A72
:10C2B000F1EE10FA10DD90ED0B1AF0EE001AB0EE70
:10C2C000600A01EEC10A90ED0C1A30EE010A90ED01
:10C2D000021A20EE010A06E090ED050AB1EE400ACE
:10C2E00001E090ED050A80ED090A90ED000A90ED5D
:10C2F0000B1A30EEC11A20EE010A90ED041AB1EECD
:10C30000411AB4EEC10AF1EE10FA08DD90ED000A10
:10C3100090ED0B1A30EEC11A20EE010A03E090ED09
:10C32000040AB1EE400A90ED041AB4EEC10AF1EE2F
:10C3300010FA1ED290ED000A90ED0B1A30EEC11AE1
:10C3400020EE010A90ED041AB1EE411AB4EEC10AD2
:10C35000F1EE10FA08DD90ED000A90ED0B1A30EEC8
:10C36000C11A20EE010A06E090ED040AB1EE400A7F
:10C3700001E090ED040A80ED070A90ED010A20EE3D
:10C38000200A90ED031AB1EE411AB4EEC10AF1EEA3
:10C3900010FA04DD90ED010A20EE200A03E090ED92
:10C3A000030AB1EE400A90ED031AB4EEC10AF1EEB1
:10C3B00010FA16D290ED010A20EE200A90ED031A31
:10C3C000B1EE411AB4EEC10AF1EE10FA04DD90EDBF
:10C3D000010A20EE200A06E090ED030AB1EE400AC1
:10C3E00001E090ED030A80ED080A90ED0B0A80ED64
:10C3F0000C0AC0ED0B0A90ED070A90ED081A30EE1A
:10C40000010A90ED091A30EE010A70470AD7A33CE1
:10C4100010B52DED108B88B00446B0EE408AD4EDF7
:10C420000B0AB0EE001AB0EE480A01EE600AD4ED35
:10C430000C0A30EE200AD4ED020A20EE200A84ED28
:10C44000090A94ED000AD4ED0B0A78EE600A20EE9A
:10C45000200A84ED070A94ED010AF0EE408A94ED7B
:10C460000B0A30EE080AB5EEC00AF1EE10FA65DDEF
:10C4700018EE100A00F0CFFF41EC1F0BB0EE4F0A90
:10C48000F0EE6F0A01F00CFB8DED000B9FEDEB0B56
:10C4900053EC102B9DED000B51EC100B00F0C9FE7E
:10C4A000CDE90401E748006800F0B5FFCDE90201DD
:10C4B0009DED040B53EC102B9DED020B51EC100B7A
:10C4C00000F0B1FE41EC1E0BB0EE4E0AF0EE6E0A2B
:10C4D00001F03AF9B0EE40DAF0EE60DA9FEDDA0BF7
:10C4E00053EC102B51EC1D0B00F0FCFD41EC1B0B31
:10C4F00094ED010A10EE101A084600F08CFF41EC92
:10C500001C0B53EC1B2B00F006FF41EC1A0B94EDB7
:10C51000010A10EE101A084600F07DFF53EC1A2BAA
:10C52000CDE906019DED060B51EC100B00F07BFEF2
:10C5300041EC190B00F0B2FF08EE900A28EE880AD1
:10C5400084ED080A94ED0B0A84ED0C0A84ED0B8A45
:10C5500094ED070AD4ED040AF1EE600AB4EEE00AA5
:10C56000F1EE10FA02DD94ED070A03E094ED040AFF
:10C57000B1EE400AD4ED040AB4EEE00AF1EE10FA8E
:10C5800012D294ED070AD4ED040AF1EE600AB4EE7B
:10C59000E00AF1EE10FA02DD94ED070A06E094EDF0
:10C5A000040AB1EE400A01E094ED040AD4ED080A51
:10C5B00094ED031AB1EE411AF4EEC10AF1EE10FA4D
:10C5C00002DDD4ED080A03E0D4ED030AF1EE600ABF
:10C5D00094ED031AF4EEC10AF1EE10FA12D2D4ED82
:10C5E000080A94ED031AB1EE411AF4EEC10AF1EE15
:10C5F00010FA02DDD4ED080A06E0D4ED030AF1EEEC
:10C60000600A01E0D4ED030A70EE200A94ED090AF5
:10C6100094ED051AB1EE411AB4EEC10AF1EE10FA2A
:10C6200002DD94ED090A03E094ED050AB1EE400A3B
:10C6300094ED051AB4EEC10AF1EE10FA12D294ED9F
:10C64000090A94ED051AB1EE411AB4EEC10AF1EEF1
:10C6500010FA02DD94ED090A06E094ED050AB1EE48
:10C66000400A01E094ED050A30EE800A08B0BDEC06
:10C67000108B10BDF0EE400A9FED750AF0EE401AE7
:10C68000B0EE000AB0EE401AC0ED0A0AF4EEC10A9C
:10C69000F1EE10FA14D2B1EE410AF4EEC00AF1EE56
:10C6A00010FA0DDDF5EEC00AF1EE10FA02DDB0EE83
:10C6B000610A01E0B1EE610A664981ED000AB2E06B
:10C6C00090ED0B2AF0EE002AB0EE600A02EEC20AEC
:10C6D00090ED0C2A30EE020A90ED022A20EE020ABA
:10C6E00080ED090A90ED000A90ED0B2A30EEC22A87
:10C6F00020EE020A80ED070A90ED010A20EE200AE2
:10C7000080ED080A90ED070A90ED042AB1EE422A66
:10C71000B4EEC20AF1EE10FA02DD90ED070A03E072
:10C7200090ED040AB1EE400A90ED042AB4EEC20A7C
:10C73000F1EE10FA12D290ED070A90ED042AB1EE54
:10C74000422AB4EEC20AF1EE10FA02DD90ED070AB9
:10C7500006E090ED040AB1EE400A01E090ED040A13
:10C7600090ED082AD0ED032AF1EE622AB4EEE22A17
:10C77000F1EE10FA02DD90ED082A03E090ED032AB5
:10C78000B1EE422AD0ED032AB4EEE22AF1EE10FA1D
:10C7900012D290ED082AD0ED032AF1EE622AB4EE0F
:10C7A000E22AF1EE10FA02DD90ED082A06E090EDA3
:10C7B000032AB1EE422A01E090ED032A30EE022A6C
:10C7C00090ED090AD0ED052AF1EE622AB4EEE20AF4
:10C7D000F1EE10FA02DD90ED090A03E090ED050A92
:10C7E000B1EE400AD0ED052AB4EEE20AF1EE10FAFD
:10C7F00012D290ED090AD0ED052AF1EE622AB4EECC
:10C80000E20AF1EE10FA02DD90ED090A06E090ED81
:10C81000050AB1EE400A01E090ED050A32EE000A89
:10C820000C4981ED000A90ED0B0A80ED0C0AC0ED79
:10C830000B0A084991ED000A704700009A999999EE
:10C840009999C93FB0010020000000000000F03FAE
:10C8500000000000B40100209FED400A404880ED38
:10C86000020A404890ED070AB8EE400A3E4880EDC3
:10C87000020A3B4890ED020A3B48D0ED020A30EE36
:10C88000600A3A4880ED020A90ED020A7047344887
:10C8900090ED020A704710B52DED028BB0EE408A84
:10C8A000B0EE480A3248FFF7C1FBBDEEC00A10EEF9
:10C8B000100A00B22F490880B1EE040AB4EEC08A13
:10C8C000F1EE10FA08D2B9EE040AB4EEC08AF1EE25
:10C8D00010FA01DD002008800121274880F8A71503
:10C8E0002448008818B90120BDEC028B10BD00203F
:10C8F000FAE72248B0F90000214908802148B0F940
:10C90000000048801B48B0F9000088801E48B0F93C
:10C910000000C8800846704710B5FFF79DFF134818
:10C92000D0ED020AB0EE600AFFF7B5FF80B11748FC
:10C930000088B0F5487F06DA14480088143013499F
:10C940000880002010BD0020104908800120F9E770
:10C9500000200E49088000BFF4E7000000004842B4
:10C96000F4120020B00A0020E8120020001300207A
:10C97000EC01002054020020B402002056020020E6
:10C9800062020020580200205A02002060020020AB
:10C9900070B50024AA222146641CE0484254FF22BC
:10C9A0002146641C4254F1222146641C4254002258
:10C9B0002146641C4254DA48027F2146641CD74851
:10C9C0004254D748427F2146641CD4484254D4483C
:10C9D000827F2146641CD1484254D148C27F204600
:10C9E000611CCCB2CD490A54201FC8700025002616
:10C9F000002007E0C949095C2944CDB27119CEB2C3
:10CA0000411CC8B2C549C978091D8142F2DC2046E3
:10CA1000611CCCB2C1490D542046611CCCB2BF4947
:10CA20000E542146BD48F7F774F870BD73B5002465
:10CA3000AA222146641CB9484254FF222146641CA4
:10CA40004254E2222146641C425400222146641CC6
:10CA500042549DF800202146641C42549DF8012058
:10CA60002146641C42549DF804202146641C425413
:10CA70009DF805202046611CCCB2A8490A549DF8B7
:10CA800006202046611CCCB2A4490A549DF8072018
:10CA90002046611CCCB2A1490A54201FC870002551
:10CAA0000026002007E09D49095C2944CDB2711998
:10CAB000CEB2411CC8B29949C978091D8142F2DC45
:10CAC0002046611CCCB295490D542046611CCCB265
:10CAD00092490E5421469148F7F71BF87CBD2DE989
:10CAE000F04706460F4690460024AA222146641CC1
:10CAF0008A484254FF222146641C425400222146A7
:10CB0000641C42542146641C42542146641C465411
:10CB10002146641C47542146641C00F80180201FF4
:10CB20007E49C87000254FF00009002009E07B49CC
:10CB3000095C2944CDB209EB050101F0FF09411C54
:10CB4000C8B27649C978091D8142F0DC2046611CD3
:10CB5000CCB272490D542046611CCCB26F4901F829
:10CB6000009021466D48F6F7D4FFBDE8F0872DE927
:10CB7000F04100240025002007E06A49095C2144B7
:10CB8000CCB22919CDB2411CC8B26649C978091D79
:10CB90008142F2DC6348C078001D6249085CA04213
:10CBA00005D10846C078401D085CA84201D0BDE808
:10CBB000F0815C488078E12815D15A4800795949BC
:10CBC000497900EB012086B20A2E05D1564801684A
:10CBD0003046FFF72BFF04E000213046FFF726FF29
:10CBE00000BF00BF23E04F488078E2281ED14D48A7
:10CBF00000794C49497900EB012086B20A2E05D113
:10CC00004848D0F806004849086000E000BF00BF6F
:10CC1000444BDB785B1D434FFA5C3B46DB781B1DC6
:10CC2000F95C3B469878FFF75AFF00E000BF00BF71
:10CC3000BDE710B504463D48007850B93948047046
:10CC400000203B490870AA2C66D1012037490870A2
:10CC500062E036480078012805D13248447002204D
:10CC60003249087058E031480078022805D12D4833
:10CC7000847003202D4908704EE02C48007803286A
:10CC80000DD1642C03DD00202849087044E0042005
:10CC9000264908702348C470264804703CE02348A5
:10CCA0000078042813D12248007821490978491CCA
:10CCB0001F4A1170001D1B490C54104600781D4975
:10CCC0000978884228DB05201849087024E01748B5
:10CCD000007805280DD11648007815490978491CB7
:10CCE000134A1170001D0F490C5406200F4908709B
:10CCF00012E00E48007806280ED10D4800780C4945
:10CD00000978491C0A4A1170001D06490C5400207C
:10CD100006490870FFF72BFF10BD00000C13002020
:10CD2000B00A0020701300206C0200207002002066
:10CD300072020020710200202DE9F041002400273A
:10CD4000AA222146641CE0484254FF222146641C6A
:10CD50004254F1222146641C425400222146641CA4
:10CD60004254DA48027F2146641CD7484254D748CF
:10CD7000427F2146641CD4484254D448827F2146D5
:10CD8000641CD1484254D148C27F2046611CCCB2B9
:10CD9000CD490A54201FC87000250026002007E056
:10CDA000C949095C2944CDB27119CEB2411CC8B23F
:10CDB000C549C978091D8142F2DC2046611CCCB20C
:10CDC000C1490D542046611CCCB2BF490E542146C6
:10CDD000BD48F6F77BFDBDE8F08173B50024AA22BB
:10CDE0002146641CB8484254FF222146641C425428
:10CDF000E2222146641C425400222146641C425413
:10CE00009DF800202146641C42549DF801202146D3
:10CE1000641C42549DF804202146641C42549DF831
:10CE200005202046611CCCB2A7490A549DF8062073
:10CE30002046611CCCB2A4490A549DF80720204624
:10CE4000611CCCB2A0490A54201FC87000250026DE
:10CE5000002007E09C49095C2944CDB27119CEB28B
:10CE6000411CC8B29849C978091D8142F2DC2046AC
:10CE7000611CCCB294490D542046611CCCB292493D
:10CE80000E5421469048F6F721FD7CBD2DE9F04770
:10CE900006460F4690460024AA222146641C8A4872
:10CEA0004254FF222146641C425400222146641C45
:10CEB00042542146641C42542146641C4654214677
:10CEC000641C47542146641C00F80180201F7E49E1
:10CED000C87000254FF00009002009E07A49095C7C
:10CEE0002944CDB209EB050101F0FF09411CC8B28C
:10CEF0007549C978091D8142F0DC2046611CCCB21D
:10CF000071490D542046611CCCB26F4901F8009064
:10CF100021466D48F6F7DAFCBDE8F0872DE9F041CF
:10CF200000240025002007E06949095C2144CCB2B7
:10CF30002919CDB2411CC8B26549C978091D814281
:10CF4000F2DC6348C078001D6149085CA04205D14D
:10CF50000846C078401D085CA84201D0BDE8F081B9
:10CF60005B488078E12815D15948007958494979BA
:10CF700000EB012086B20A2E05D1564801683046E2
:10CF8000FFF72BFF04E000213046FFF726FF00BF2C
:10CF900000BF23E04E488078E2281ED14C4800793B
:10CFA0004B49497900EB012086B20A2E05D1484849
:10CFB000D0F806004749086000E000BF00BF444BBE
:10CFC000DB785B1D424FFA5C3B46DB781B1DF95C4E
:10CFD0003B469878FFF75AFF00E000BF00BFBDE76F
:10CFE00010B504463C48007850B939480470002018
:10CFF0003A490870AA2C66D101203749087062E0CE
:10D0000035480078012805D1314844700220324962
:10D01000087058E030480078022805D12C48847008
:10D0200003202D4908704EE02B48007803280DD1CD
:10D03000642C03DD00202849087044E004202649C0
:10D0400008702348C470264804703CE022480078E9
:10D05000042813D12148007820490978491C1F4A27
:10D060001170001D1A490C54104600781C490978AB
:10D07000884228DB05201849087024E0164800780B
:10D0800005280DD11548007814490978491C134A20
:10D090001170001D0E490C5406200F49087012E053
:10D0A0000D48007806280ED10C4800780B49097805
:10D0B000491C0A4A1170001D05490C5400200649FC
:10D0C0000870FFF72BFF10BDD4130020B00A00201A
:10D0D0003814002074020020780200207A02002018
:10D0E000790200202DE9FE4F804681EA0300C00F3F
:10D0F0000C46009021F0004123F00045B8EB0200FF
:10D10000A94105D24046214690461C460B460246A0
:10D1100023F00040104347D0270DC7F30A00C3F3A4
:10D120000A510290401A019040286BDAC3F31300B1
:10D1300040F4801B0098924620B10023D2EB030AF2
:10D1400063EB0B0B01985946C0F14002504600F0CA
:10D15000C1F906460D4650465946019A00F0C9F9F4
:10D1600010EB08006141002487EA115284EAE7735A
:10D170001A4340D0009A62B3019A012A4FEA07523B
:10D1800015DC001B61EB02014FF0004202EA07527E
:10D19000CDE90042001C41F5801132462B4600F0DB
:10D1A00000FA03B0BDE8F08F40462146F9E7001BC6
:10D1B00061EB0201001C41F5801300185B4120184F
:10D1C000A2F5001747EB030140EAD570B6196D418F
:10D1D00011E06D084FEA360645EAC0754FEA07527E
:10D1E000001B61EB0201001C41F5801149084FEA68
:10D1F00030000019514132462B4603B0BDE8F04FD4
:10D2000000F0C0B90098012240000023D0EB0202D8
:10D2100063EBE073009821464FEAE074B8EB00003E
:10D2200061EB0401E9E783F000435BE781F0004133
:10D2300058E72DE9FE4F81EA030404F0004421F091
:10D24000004100944FF0000B23F0004350EA01042A
:10D250005ED052EA03045BD0C3F30A54C1F30A550B
:10D260002C44A4F2F3340194A0FB0254C1F3130143
:10D2700041F48011C3F3130343F4801301FB024410
:10D2800000FB034E840A970A44EA815447EA835715
:10D29000A4FB076802958D0A05FB07854FEA932CCE
:10D2A00004FB0C542705029D4FEA065847EA16373F
:10D2B000B5EB08056EEB070C870E920E47EA811757
:10D2C00042EA8312A7FB0201B6EB0B0164EB0004F8
:10D2D0002B0D43EA0C335E1844EB1C50DA465146E2
:10D2E000E7FB0201C5F313044FEA0B3343EA14537F
:10D2F0004FEA0432019C43EA0603A4F10C040294B1
:10D30000009CCDE900B400F04CF903B0BDE8F08F0B
:10D3100000200146F9E72DE9F04D81EA030404F00D
:10D32000004B21F0004514464FF0000A23F0004165
:10D3300050EA050220D054EA01021DD0C5F30A5775
:10D340000246C5F31303C1F31300C1F30A5640F4B8
:10D35000801543F48013A7EB0608101BD64608F28D
:10D36000FD3873EB050002D308F1010801E09218C3
:10D370005B41B8F1000F03DA00200146BDE8F08DF3
:10D3800000204FF48011064684460EE0171B73EB15
:10D39000050705D3121B63EB050306434CEA010C9A
:10D3A00049084FEA300092185B4150EA0107EDD17D
:10D3B00052EA030012D082EA040083EA050108431E
:10D3C00005D0101BAB4106D20122002306E000224B
:10D3D0004FF0004302E06FF0010253101AEB060019
:10D3E0004CEB085110EB0A0041EB0B01BDE8F04D8E
:10D3F00000F0C8B80EB5C10F80EAE0700844CA0753
:10D40000002140F233438DE80E000A460B4600F03F
:10D41000C8F803B000BD00F0004230F000400AD070
:10D42000C10D01F56071C0F3160042EA0151C20856
:10D4300040071143704700200146704730B5041E75
:10D4400071F1000404DB4FF00044404264EB010141
:10D45000141E73F1000405DB1C464FF000435242DA
:10D4600063EB04038B4208BF824230BD30B5041E1B
:10D4700071F1000404DB4FF00044404264EB010111
:10D48000141E73F1000405DB1C464FF000435242AA
:10D4900063EB0403994208BF904230BD01F00043A2
:10D4A00030B421F0004150EA010206D00A0DA2F585
:10D4B0006072C1F31301002A02DC30BC0020704707
:10D4C000440F44EAC104C100E01830BC00EBC25074
:10D4D00000F021B8202A04DB203A00FA02F10020F3
:10D4E00070479140C2F1200320FA03F319439040A2
:10D4F0007047202A06DBCB17203A41FA02F043EAB4
:10D50000E07306E041FA02F3D040C2F120029140FC
:10D510000843194670470029A8BF7047401C4900BE
:10D5200008BF20F00100704710B4B0FA80FC00FA88
:10D530000CF050EA010404BF10BC704749B1CCF1B3
:10D54000200421FA04F411FA0CF118BF012121433F
:10D550000843A3EB0C01CB1D4FEA00614FEA1020FA
:10D5600042BF002010BC704700EBC350104400299C
:10D57000A4BF10BC7047401C490008BF20F0010048
:10D5800010BC704710B5141E73F1000408DA401C7B
:10D5900041F1000192185B411A4301D120F00100D2
:10D5A00010BD2DE9F04D92469B4611B1B1FA81F2C2
:10D5B00002E0B0FA80F220329046FFF78BFF04467B
:10D5C0000F4640EA0A0041EA0B0153465A46084317
:10D5D00013D0114653EA010019D0C8F14002504659
:10D5E00000F05EF805460E46504659464246FFF7A3
:10D5F00071FF084305D0012004E020463946BDE80C
:10D60000F08D0020054346EAE0762C4337430A9824
:10D610006305E40AA0EB08000022FD0A44EA47542F
:10D620000A3002D500200146E9E7010510196941D9
:10D63000DDE9084500196941BDE8F04DA2E770B584
:10D64000C1F30A5201F000450024C1F3130140F276
:10D65000FF3341F480119A4201DA002070BD40F29C
:10D6600033439A42A2F2334203DC524200F018F8EC
:10D6700000E090402C43F1D0404270BD064C074D75
:10D6800006E0E06840F0010394E807009847103492
:10D69000AC42F6D3F2F77CFD1CE300083CE3000843
:10D6A000202A04DB203A21FA02F00021704721FAF7
:10D6B00002F3D040C2F1200291400843194670475E
:10D6C00070B58C1810F8015B15F0070301D110F844
:10D6D000013B2A1106D110F8012B03E010F8016B71
:10D6E00001F8016B5B1EF9D12B0705D40023521EF4
:10D6F0000DD401F8013BFAE710F8013BCB1A921C5C
:10D7000003E013F8015B01F8015B521EF9D5A14259
:10D71000D8D3002070BD03B401984100009850EAAE
:10D72000C12018BF04204A0D18BF40F0010040F28C
:10D73000FF72B2EB515F08BF40F00200012808BF42
:10D74000052002B07047000070B52DED020B2DEDE5
:10D750000A8B82B00D98C40F20F00045AE48854278
:10D7600048D3AE48854219D30C99C5F3130008433A
:10D7700009D09DED0C0B02B0BDEC0A8B02B0BDE8E8
:10D78000704000F013BA002C14BF9FEDA50B9DED67
:10D790000C0B02B0BDEC0A8B02B070BD9FEDA20B6A
:10D7A00053EC102B9DED0C0B51EC100BFFF75EFEB4
:10D7B0000AD2022000F034FA02B0BDEC0A8B02B0AB
:10D7C000BDE8704000F0FCB99FED990B53EC102BB5
:10D7D0009DED0C0B51EC100BFFF730FE0AD202202E
:10D7E00000F01EFA02B0BDEC0A8B02B0BDE870403A
:10D7F00000F0F6B990489FED92BBA8425CD29248E7
:10D80000854219D29148784400EBC40090ED000B9A
:10D8100053EC102B9DED0C0B51EC100BFFF703FD9F
:10D8200041EC1A0B8A48784400EBC40090ED009B51
:10D83000C4F10100041B36E09FED870B53EC102B65
:10D840009DED0C0B51EC100BFFF7F3FC41EC100BB2
:10D850008348784400EBC40090ED001B51EC100BA2
:10D8600053EC112BFFF73EFCFFF7E9FE0446FFF7F0
:10D87000C1FD41EC180B9FED7C0B53EC102BFFF717
:10D88000D8FC9DED0C1B53EC112BFFF7CFFC41ECAA
:10D890001A0B9FED770B51EC180B53EC102BFFF785
:10D8A000C8FC41EC190B51EC1A0B53EC192BFFF788
:10D8B000BAFCCDE90C011BE06F48854217D29FED01
:10D8C000700B53EC102B9DED0C0B51EC100BFFF774
:10D8D00009FC53EC1B2BFFF7C9FD08D29DED0C0B87
:10D8E00053EC1B2B51EC100BFFF7FCFB6EE00024FC
:10D8F0009DED0C0B53EC102B51EC100BFFF799FC2A
:10D9000041EC180B60480521B0EE480AF0EE680AB9
:10D91000784400F0CFF853EC182B51EC100BFFF7C4
:10D9200088FC9DED0C1B53EC112BFFF77FFC41ECA9
:10D93000180B9FED570B5CB353EC182B51EC100BED
:10D94000FFF771FC9DED0C0B41EC1C0B53EC182BFD
:10D9500051EC100BFFF76DFC53EC1C2BFFF7DBFCBD
:10D9600053EC192BFFF762FC53EC1A2BFFF75BFC0F
:10D9700053EC1B2BFFF75AFCCDE900016FF47F70CD
:10D98000844226DB01EB045001909DED000B00E783
:10D9900053EC102B51EC180BFFF745FC9DED0C0BD5
:10D9A00041EC190B53EC182B51EC100BFFF741FC19
:10D9B00053EC192BFFF7AFFC9DED0C1B53EC112B17
:10D9C000FFF731FC53EC1B2BFFF730FC41EC100B45
:10D9D000DFE608464FF07A5101EB04519FED2E0B24
:10D9E000084453EC102B01909DED000B51EC100BF3
:10D9F000FFF71FFC0D4645EC100B044651EC100BD5
:10DA0000FFF789FE042808BF00F0EAF845EC104B48
:10DA1000BFE6000000000000422E86400000F07FBC
:10DA20000000000000000000EF39FAFE422E8640A0
:10DA300051302DD5104987C0422ED63F000000003E
:10DA4000000000000000F03FB2A2F03F36080000E6
:10DA50002608000000000000FE822B654715F73FF6
:10DA6000DA070000000000000000E0FE422EE63F62
:10DA7000763C7935EF39EA3D0000303E0000000089
:10DA80009C7500883CE4377E4C07000000000000D5
:10DA900000000000000000400000000000007001D5
:10DAA0002DED020B019820F0004001909DED000B40
:10DAB00002B0704770B504462DED028B4D1E00EB91
:10DAC000C500B0EE408AF0EE608A90ED000B35F0B4
:10DAD000060017D053EC182B51EC100BFFF7A9FBE5
:10DAE00041EC100B6D1E04EBC50090ED001B51ECDA
:10DAF000100B53EC112BFFF7F5FA41EC100B35F03E
:10DB00000600E7D1022D36D0042D1CD0062D1CBFF7
:10DB1000BDEC028B70BD53EC182B51EC100BFFF7D2
:10DB200088FB94ED0A1B53EC112BFFF7DBFA53EC47
:10DB3000182BFFF77EFB94ED081B53EC112BFFF71E
:10DB4000D1FA41EC100B53EC182B51EC100BFFF7F2
:10DB500070FB94ED061B53EC112BFFF7C3FA53EC4B
:10DB6000182BFFF766FB94ED040B53EC102BFFF71B
:10DB7000B9FA41EC100B53EC182B51EC100BFFF7DA
:10DB800058FB94ED021B53EC112BFFF7ABFA53EC4F
:10DB9000182BFFF74EFB94ED001B53EC112BFFF7F6
:10DBA000A1FABDEC028B41EC100B70BD10B553EC2B
:10DBB000102B51EC100BFFF795FA41EC100B10BD38
:10DBC0009FED050B10B553EC102B51EC100BFFF72C
:10DBD00030FB41EC100B10BD000000000000007095
:10DBE0009FED050B10B553EC102B51EC100BFFF70C
:10DBF00020FB41EC100B10BD0000000000000010E5
:10DC000002E008C8121F08C1002AFAD17047704705
:10DC1000002001E001C1121F002AFBD17047000063
:10DC200001490860704700007C02002000000000ED
:10DC30005680803BD37F003C77BE403CCF7D803C0C
:10DC40005B9BA03CA6B7C03C6ED2E03CB775003DE4
:10DC50003581103D918B203DAB94303D609C403D23
:10DC600092A2503D25A7603DF1A9703D6F55803DC2
:10DC7000E354883D4753903D8C50983D9F4CA03DC8
:10DC80007247A83DF740B03D1B39B83DD22FC03D8B
:10DC90000C25C83DB218D03DC60AD83D2DFBDF3D4E
:10DCA000D9E9E73DB0D6EF3DBEC1F73DDBAAFF3D68
:10DCB00004C9033E95BB073E20AD0B3E979D0F3E2A
:10DCC000F58C133E397B173E56681B3E3E541F3E73
:10DCD000F83E233E7728273EB4102B3EA1F72E3E78
:10DCE00045DD323E93C1363E7DA43A3E0A863E3E35
:10DCF0002766423ED844463E12224A3EC7FD4D3E6C
:10DD0000FED7513EAFB0553EC687593E4B5D5D3E96
:10DD10003731613E7C03653E1AD4683E0AA36C3EEF
:10DD20004770703EC83B743E8805783E86CD7B3E8A
:10DD3000B5937F3E0EAC813E538D833EAE6D853EE6
:10DD4000164D873E8D2B893E0F098B3E99E58C3E03
:10DD50002BC18E3EC19B903E5475923EE94D943E40
:10DD60007B25963E07FC973E8BD1993E02A69B3EB3
:10DD70006F799D3ECD4B9F3E1C1DA13E57EDA23EAF
:10DD80007FBCA43E8D8AA63E8457A83E6223AA3E4D
:10DD900023EEAB3EC2B7AD3E4580AF3EA447B13E99
:10DDA000E20DB33EF9D2B43EE996B63EB159B83E63
:10DDB0004F1BBA3EC2DBBB3E079BBD3E1E59BF3E5A
:10DDC0000416C13EBCD1C23E3F8CC43E8E45C63E09
:10DDD000A4FDC73E89B4C93E336ACB3EA41ECD3EE6
:10DDE000DAD1CE3ED583D03E9434D23E18E4D33E31
:10DDF0005A92D53E603FD73E21EBD83EA395DA3EFE
:10DE0000E33EDC3EE1E6DD3E9A8DDF3E0D33E13E52
:10DE10003AD7E23E227AE43EC51BE63E1BBCE73E13
:10DE20002F5BE93EF7F8EA3E7695EC3EA930EE3EF0
:10DE300093CAEF3E3563F13E86FAF23E8F90F43E90
:10DE40004925F63EB9B8F73EDA4AF93EAFDBFA3E6D
:10DE5000386BFC3E71F9FD3E5A86FF3EFC88003F60
:10DE6000234E013FA212023F7BD6023FAC99033FF3
:10DE7000365C043F171E053F51DF053FE39F063F19
:10DE8000CE5F073F121F083FADDD083FA29B093F51
:10DE9000EF580A3F94150B3F93D10B3FE98C0C3F91
:10DEA0009A470D3FA2010E3F03BB0E3FBF730F3FCA
:10DEB000D32B103F41E3103F089A113F2A50123FE5
:10DEC000A405133F79BA133FA86E143F3322153FC0
:10DED00018D5153F5787163FF138173FE7E9173F29
:10DEE000389A183FE749193FEFF8193F55A71A3FED
:10DEF00018551B3F37021C3FB3AE1C3F8E5A1D3FC7
:10DF0000C4051E3F5AB01E3F4E5A1F3FA103203F7B
:10DF100052AC203F6354213FD3FB213FA4A2223FB8
:10DF2000D548233F67EE233F5A93243FAD37253F23
:10DF300063DB253F7A7E263FF420273FD2C2273F6E
:10DF40001364283FB704293FBFA4293F2C442A3F2C
:10DF5000FEE22A3F33812B3FD11E2C3FD2BB2C3F08
:10DF60003C582D3F0CF42D3F438F2E3FE1292F3F8E
:10DF7000E9C32F3F595D303F33F6303F758E313F57
:10DF80002126323F39BD323FBB53333FA9E9333FEE
:10DF9000027F343FC713353FF9A7353F993B363FE2
:10DFA000A6CE363F2161373F0BF3373F6484383FBD
:10DFB0002E15393F65A5393F0F353A3F2AC43A3F00
:10DFC000B4523B3FB3E03B3F226E3C3F06FB3C3F3D
:10DFD0005D873D3F26133E3F679E3E3F1A293F3FE8
:10DFE00044B33F3FE43C403FF9C5403F864E413F8C
:10DFF00089D6413F065E423FFAE4423F676B433FAA
:10E000004FF1433FB076443F8CFB443FE27F453FB6
:10E01000B403463F0187463FCB09473F138C473F38
:10E02000D70D483F198F483FDD0F493FDD0F493F6E
:10E03000000000000000E03F000000000000E0BF22
:10E040000000E0FE422EE63F0000E0FE422EE6BF6A
:10E05000763C7935EF39EA3D763C7935EF39EABDE2
:10E060003E5555555555C53F93BDBE166CC166BF4F
:10E070002CDE25AF6A56113FF16BD2C541BDBBBE48
:10E08000D0A4BE726937663E2E2E5C4472697665F6
:10E0900072734D63755C53544D3332463430375C84
:10E0A0004C69627261726965735C53544D333246D8
:10E0B0003478785F5374645065726970685F447235
:10E0C000697665725C7372635C6D6973632E63005D
:10E0D0002E2E5C447269766572734D63755C535481
:10E0E0004D3332463430375C4C6962726172696517
:10E0F000735C53544D3332463478785F53746450B4
:10E1000065726970685F4472697665725C73726388
:10E110005C73746D3332663478785F6164632E6348
:10E12000000000002E2E5C447269766572734D63A8
:10E13000755C53544D3332463430375C4C696272EF
:10E1400061726965735C53544D3332463478785F3D
:10E150005374645065726970685F44726976657261
:10E160005C7372635C73746D3332663478785F64A9
:10E170006D612E63000000002E2E5C44726976658E
:10E1800072734D63755C53544D3332463430375C93
:10E190004C69627261726965735C53544D333246E7
:10E1A0003478785F5374645065726970685F447244
:10E1B000697665725C7372635C73746D3332663456
:10E1C00078785F657874692E630000002E2E5C44B9
:10E1D0007269766572734D63755C53544D33324684
:10E1E0003430375C4C69627261726965735C535498
:10E1F0004D3332463478785F537464506572697079
:10E20000685F4472697665725C7372635C73746D87
:10E210003332663478785F6770696F2E6300000070
:10E220002E2E5C447269766572734D63755C53542F
:10E230004D3332463430375C4C69627261726965C5
:10E24000735C53544D3332463478785F5374645062
:10E2500065726970685F4472697665725C73726337
:10E260005C73746D3332663478785F7263632E63E7
:10E27000000000002E2E5C447269766572734D6357
:10E28000755C53544D3332463430375C4C6962729E
:10E2900061726965735C53544D3332463478785FEC
:10E2A0005374645065726970685F44726976657210
:10E2B0005C7372635C73746D3332663478785F7448
:10E2C000696D2E63000000002E2E5C447269766535
:10E2D00072734D63755C53544D3332463430375C42
:10E2E0004C69627261726965735C53544D33324696
:10E2F0003478785F5374645065726970685F4472F3
:10E30000697665725C7372635C73746D3332663404
:10E3100078785F75736172742E6300003CE30008C7
:10E320000000002080020000C0D6000830E4000891
:10E3300080020020201A000010DC000813B10164E4
:10E3400008E8031AB30C63F4011AB50C72C81AB7C3
:10E350000C72641AB90C72321ACD0C72141ACF0CEA
:10E3600072025A0144015016B56206080612641A78
:10E3700001024B7A120E3AC80E1BDE6A0E13071406
:10E3800014400D031BA0861219825A34D61BD1CA21
:10E390001C111A14262133D0082AC23249A31BB8F3
:10E3A000421C53090D63FFFF1C031DAB1513010332
:10E3B0001301025B0D460B12065B114E0B12125B32
:10E3C0001D660B12215B2C840B12045B0F4A0B059C
:10E3D0003607011351847A030A680901020304060F
:10E3E0000708090C8910438040300D14AE473FCD1B
:10E3F000CCCC3CAE47213F22412348421A20041195
:10E40000291001151C6666063C4FC03F9A99193EBB
:10E41000301AA0042908091834313970196C623D8A
:10E4200029301AF070091B340115DA7B084100000D
:040000050800018965
:00000001FF
